{
"type": "FeatureCollection",
"name": "CENTROID 551V2",
"crs": { "type": "name", "properties": { "name": "urn:ogc:def:crs:EPSG::32651" } },
"features": [
{"type":"Feature","properties":{"fid":4,"id":4,"left":289678.18371300853,"top":1603419.5165241526,"right":291410.23452057742,"bottom":1601919.5165241526,"row_index":3,"col_index":0,"A1_hex_zonal_A1_norm":0.87447851932202769,"A2V3_hex_zonal_A2_norm_fix":0.98683749969166457,"B2_HEXZONAL_B2_norm":null,"C1_HEXZONAL_C1_norm":0.01017310166530171,"C2_hex_zonal_C2_norm":0.12861179366144446,"LAGUNA HEXMAP copy_D1_norm":1.0,"D2_hex_zonal_D2_norm":0.98994397109788423,"B1HEX — B2HEX_B1_norm":0.0},"geometry":{"type":"Point","coordinates":[291289.822971281188074,1602570.280146200908348]}},
{"type":"Feature","properties":{"fid":5,"id":5,"left":289678.18371300853,"top":1601919.5165241526,"right":291410.23452057742,"bottom":1600419.5165241526,"row_index":4,"col_index":0,"A1_hex_zonal_A1_norm":0.97086937471026769,"A2V3_hex_zonal_A2_norm_fix":0.99103406031759833,"B2_HEXZONAL_B2_norm":0.59635910795616298,"C1_HEXZONAL_C1_norm":0.021655296201428635,"C2_hex_zonal_C2_norm":0.15796555573909357,"LAGUNA HEXMAP copy_D1_norm":0.86195016811256286,"D2_hex_zonal_D2_norm":0.97460074558475851,"B1HEX — B2HEX_B1_norm":0.0},"geometry":{"type":"Point","coordinates":[291074.627295560727362,1600940.419545838609338]}},
{"type":"Feature","properties":{"fid":6,"id":6,"left":289678.18371300853,"top":1600419.5165241526,"right":291410.23452057742,"bottom":1598919.5165241526,"row_index":5,"col_index":0,"A1_hex_zonal_A1_norm":0.9360860026668425,"A2V3_hex_zonal_A2_norm_fix":0.95378667019543906,"B2_HEXZONAL_B2_norm":0.63693012599598831,"C1_HEXZONAL_C1_norm":0.052101008525144162,"C2_hex_zonal_C2_norm":0.18539788001062346,"LAGUNA HEXMAP copy_D1_norm":0.94889174760769357,"D2_hex_zonal_D2_norm":0.94488471258036222,"B1HEX — B2HEX_B1_norm":0.0078431372549019607},"geometry":{"type":"Point","coordinates":[290802.465303122124169,1599595.932984171435237]}},
{"type":"Feature","properties":{"fid":7,"id":7,"left":289678.18371300853,"top":1598919.5165241526,"right":291410.23452057742,"bottom":1597419.5165241526,"row_index":6,"col_index":0,"A1_hex_zonal_A1_norm":0.92326772302594851,"A2V3_hex_zonal_A2_norm_fix":0.93374265091788855,"B2_HEXZONAL_B2_norm":0.68536143204272482,"C1_HEXZONAL_C1_norm":0.063131600727042866,"C2_hex_zonal_C2_norm":0.21296286175774487,"LAGUNA HEXMAP copy_D1_norm":0.97038872170479984,"D2_hex_zonal_D2_norm":0.91664955770119294,"B1HEX — B2HEX_B1_norm":0.0},"geometry":{"type":"Point","coordinates":[290697.862825676507782,1598175.294925774680451]}},
{"type":"Feature","properties":{"fid":8,"id":8,"left":289678.18371300853,"top":1597419.5165241526,"right":291410.23452057742,"bottom":1595919.5165241526,"row_index":7,"col_index":0,"A1_hex_zonal_A1_norm":0.92306164251522138,"A2V3_hex_zonal_A2_norm_fix":0.923510695407181,"B2_HEXZONAL_B2_norm":0.7276984197914691,"C1_HEXZONAL_C1_norm":0.087299342138050379,"C2_hex_zonal_C2_norm":0.24303089920374299,"LAGUNA HEXMAP copy_D1_norm":0.84010841785959756,"D2_hex_zonal_D2_norm":0.89517580271571318,"B1HEX — B2HEX_B1_norm":0.0},"geometry":{"type":"Point","coordinates":[290616.544062681787182,1596669.468235439853743]}},
{"type":"Feature","properties":{"fid":9,"id":9,"left":289678.18371300853,"top":1595919.5165241526,"right":291410.23452057742,"bottom":1594419.5165241526,"row_index":8,"col_index":0,"A1_hex_zonal_A1_norm":0.89997906909453007,"A2V3_hex_zonal_A2_norm_fix":0.92654105156057798,"B2_HEXZONAL_B2_norm":0.767610004618554,"C1_HEXZONAL_C1_norm":0.082246538334128788,"C2_hex_zonal_C2_norm":0.27303061043172899,"LAGUNA HEXMAP copy_D1_norm":0.83554324970696925,"D2_hex_zonal_D2_norm":0.91708764467731729,"B1HEX — B2HEX_B1_norm":0.0},"geometry":{"type":"Point","coordinates":[290634.157142170413863,1595157.632993804756552]}},
{"type":"Feature","properties":{"fid":10,"id":10,"left":289678.18371300853,"top":1594419.5165241526,"right":291410.23452057742,"bottom":1592919.5165241526,"row_index":9,"col_index":0,"A1_hex_zonal_A1_norm":0.91495670196436329,"A2V3_hex_zonal_A2_norm_fix":0.92370921911598125,"B2_HEXZONAL_B2_norm":0.78758230292165565,"C1_HEXZONAL_C1_norm":0.091525164264540215,"C2_hex_zonal_C2_norm":0.30406733052424767,"LAGUNA HEXMAP copy_D1_norm":0.92880931562238966,"D2_hex_zonal_D2_norm":0.91906916137099814,"B1HEX — B2HEX_B1_norm":0.0},"geometry":{"type":"Point","coordinates":[290592.619975536887068,1593660.590505891712382]}},
{"type":"Feature","properties":{"fid":11,"id":11,"left":289678.18371300853,"top":1592919.5165241526,"right":291410.23452057742,"bottom":1591419.5165241526,"row_index":10,"col_index":0,"A1_hex_zonal_A1_norm":0.91347105638661685,"A2V3_hex_zonal_A2_norm_fix":0.92699021392295511,"B2_HEXZONAL_B2_norm":0.80108142691168571,"C1_HEXZONAL_C1_norm":0.081920789375335798,"C2_hex_zonal_C2_norm":0.33473213971273463,"LAGUNA HEXMAP copy_D1_norm":0.9210979643648195,"D2_hex_zonal_D2_norm":0.91975087984194337,"B1HEX — B2HEX_B1_norm":0.0039215686274509803},"geometry":{"type":"Point","coordinates":[290606.071878110116813,1592181.392700363881886]}},
{"type":"Feature","properties":{"fid":12,"id":12,"left":289678.18371300853,"top":1591419.5165241526,"right":291410.23452057742,"bottom":1589919.5165241526,"row_index":11,"col_index":0,"A1_hex_zonal_A1_norm":0.9189297449836159,"A2V3_hex_zonal_A2_norm_fix":0.94980754421791591,"B2_HEXZONAL_B2_norm":0.81967072653091444,"C1_HEXZONAL_C1_norm":0.060156561063700716,"C2_hex_zonal_C2_norm":0.36209948422044563,"LAGUNA HEXMAP copy_D1_norm":0.94399198655514249,"D2_hex_zonal_D2_norm":0.94199952203885462,"B1HEX — B2HEX_B1_norm":0.0},"geometry":{"type":"Point","coordinates":[290824.690712362062186,1590804.616032840218395]}},
{"type":"Feature","properties":{"fid":13,"id":13,"left":289678.18371300853,"top":1589919.5165241526,"right":291410.23452057742,"bottom":1588419.5165241526,"row_index":12,"col_index":0,"A1_hex_zonal_A1_norm":0.91832645906356691,"A2V3_hex_zonal_A2_norm_fix":0.99419888630791242,"B2_HEXZONAL_B2_norm":0.83146762334802526,"C1_HEXZONAL_C1_norm":0.00082953571630563422,"C2_hex_zonal_C2_norm":0.383060102687936,"LAGUNA HEXMAP copy_D1_norm":0.8966684958577551,"D2_hex_zonal_D2_norm":0.99173591568619401,"B1HEX — B2HEX_B1_norm":0.0},"geometry":{"type":"Point","coordinates":[291099.08919578557834,1589672.936042419401929]}},
{"type":"Feature","properties":{"fid":29,"id":29,"left":290977.22181868518,"top":1605669.5165241526,"right":292709.27262625407,"bottom":1604169.5165241526,"row_index":1,"col_index":1,"A1_hex_zonal_A1_norm":0.94606325556575599,"A2V3_hex_zonal_A2_norm_fix":0.96773205899371728,"B2_HEXZONAL_B2_norm":0.52119525310832171,"C1_HEXZONAL_C1_norm":0.03612737335672201,"C2_hex_zonal_C2_norm":0.086333172923525062,"LAGUNA HEXMAP copy_D1_norm":0.73179583683212779,"D2_hex_zonal_D2_norm":0.969641288661378,"B1HEX — B2HEX_B1_norm":0.0},"geometry":{"type":"Point","coordinates":[292214.763077883631922,1604547.792917343555018]}},
{"type":"Feature","properties":{"fid":30,"id":30,"left":290977.22181868518,"top":1604169.5165241526,"right":292709.27262625407,"bottom":1602669.5165241526,"row_index":2,"col_index":1,"A1_hex_zonal_A1_norm":0.85357325200352796,"A2V3_hex_zonal_A2_norm_fix":0.9312289682317263,"B2_HEXZONAL_B2_norm":0.54065555150129652,"C1_HEXZONAL_C1_norm":0.082626096830577478,"C2_hex_zonal_C2_norm":0.10515132720326037,"LAGUNA HEXMAP copy_D1_norm":0.87481299690857628,"D2_hex_zonal_D2_norm":0.92825023352597524,"B1HEX — B2HEX_B1_norm":0.019607843137254902},"geometry":{"type":"Point","coordinates":[292014.757009269320406,1603360.097193214576691]}},
{"type":"Feature","properties":{"fid":31,"id":31,"left":290977.22181868518,"top":1602669.5165241526,"right":292709.27262625407,"bottom":1601169.5165241526,"row_index":3,"col_index":1,"A1_hex_zonal_A1_norm":0.8879066347167226,"A2V3_hex_zonal_A2_norm_fix":0.91369706635895831,"B2_HEXZONAL_B2_norm":0.56903039831221758,"C1_HEXZONAL_C1_norm":0.09472617860286052,"C2_hex_zonal_C2_norm":0.12998681262903791,"LAGUNA HEXMAP copy_D1_norm":0.89184165559202,"D2_hex_zonal_D2_norm":0.9036408143243807,"B1HEX — B2HEX_B1_norm":0.0039215686274509803},"geometry":{"type":"Point","coordinates":[291870.257442217785865,1601915.044000658206642]}},
{"type":"Feature","properties":{"fid":32,"id":32,"left":290977.22181868518,"top":1601169.5165241526,"right":292709.27262625407,"bottom":1599669.5165241526,"row_index":4,"col_index":1,"A1_hex_zonal_A1_norm":0.8718747288241262,"A2V3_hex_zonal_A2_norm_fix":0.88899107266394184,"B2_HEXZONAL_B2_norm":0.61276452118774771,"C1_HEXZONAL_C1_norm":0.1443331545131987,"C2_hex_zonal_C2_norm":0.15683817844784217,"LAGUNA HEXMAP copy_D1_norm":0.83515375213311882,"D2_hex_zonal_D2_norm":0.85855520655549722,"B1HEX — B2HEX_B1_norm":0.011764705882352941},"geometry":{"type":"Point","coordinates":[291843.247222469653934,1600419.516524152364582]}},
{"type":"Feature","properties":{"fid":33,"id":33,"left":290977.22181868518,"top":1599669.5165241526,"right":292709.27262625407,"bottom":1598169.5165241526,"row_index":5,"col_index":1,"A1_hex_zonal_A1_norm":0.80711338641296093,"A2V3_hex_zonal_A2_norm_fix":0.80280194586275555,"B2_HEXZONAL_B2_norm":0.6675868028725469,"C1_HEXZONAL_C1_norm":0.20508681862914233,"C2_hex_zonal_C2_norm":0.18549812184927675,"LAGUNA HEXMAP copy_D1_norm":0.80593174995344841,"D2_hex_zonal_D2_norm":0.79311305100409157,"B1HEX — B2HEX_B1_norm":0.0039215686274509803},"geometry":{"type":"Point","coordinates":[291843.247222469653934,1598919.516524152131751]}},
{"type":"Feature","properties":{"fid":34,"id":34,"left":290977.22181868518,"top":1598169.5165241526,"right":292709.27262625407,"bottom":1596669.5165241526,"row_index":6,"col_index":1,"A1_hex_zonal_A1_norm":0.79454363892429636,"A2V3_hex_zonal_A2_norm_fix":0.77272110256929682,"B2_HEXZONAL_B2_norm":0.72783048328283384,"C1_HEXZONAL_C1_norm":0.2283797421241523,"C2_hex_zonal_C2_norm":0.21552276636135845,"LAGUNA HEXMAP copy_D1_norm":0.83692730871188215,"D2_hex_zonal_D2_norm":0.76322457812554056,"B1HEX — B2HEX_B1_norm":0.0},"geometry":{"type":"Point","coordinates":[291843.247222469653934,1597419.516524152597412]}},
{"type":"Feature","properties":{"fid":35,"id":35,"left":290977.22181868518,"top":1596669.5165241526,"right":292709.27262625407,"bottom":1595169.5165241526,"row_index":7,"col_index":1,"A1_hex_zonal_A1_norm":0.76899108983027276,"A2V3_hex_zonal_A2_norm_fix":0.76500244035082621,"B2_HEXZONAL_B2_norm":0.78122421952601262,"C1_HEXZONAL_C1_norm":0.24820751289437368,"C2_hex_zonal_C2_norm":0.24644301002390964,"LAGUNA HEXMAP copy_D1_norm":0.70397510439379507,"D2_hex_zonal_D2_norm":0.75168450861630931,"B1HEX — B2HEX_B1_norm":0.0},"geometry":{"type":"Point","coordinates":[291843.247222469653934,1595919.516524152364582]}},
{"type":"Feature","properties":{"fid":36,"id":36,"left":290977.22181868518,"top":1595169.5165241526,"right":292709.27262625407,"bottom":1593669.5165241526,"row_index":8,"col_index":1,"A1_hex_zonal_A1_norm":0.78176292852036677,"A2V3_hex_zonal_A2_norm_fix":0.76994546060516766,"B2_HEXZONAL_B2_norm":0.81785267157049746,"C1_HEXZONAL_C1_norm":0.25240815309614983,"C2_hex_zonal_C2_norm":0.27797577986260913,"LAGUNA HEXMAP copy_D1_norm":0.77940832191617548,"D2_hex_zonal_D2_norm":0.75827269010061393,"B1HEX — B2HEX_B1_norm":0.0},"geometry":{"type":"Point","coordinates":[291843.247222469653934,1594419.516524152364582]}},
{"type":"Feature","properties":{"fid":37,"id":37,"left":290977.22181868518,"top":1593669.5165241526,"right":292709.27262625407,"bottom":1592169.5165241526,"row_index":9,"col_index":1,"A1_hex_zonal_A1_norm":0.76073768203450187,"A2V3_hex_zonal_A2_norm_fix":0.76144400724592343,"B2_HEXZONAL_B2_norm":0.83044408625899913,"C1_HEXZONAL_C1_norm":0.26119834882784759,"C2_hex_zonal_C2_norm":0.30994300300547162,"LAGUNA HEXMAP copy_D1_norm":0.77102072479168593,"D2_hex_zonal_D2_norm":0.75163430045087698,"B1HEX — B2HEX_B1_norm":0.0},"geometry":{"type":"Point","coordinates":[291843.247222469653934,1592919.516524152131751]}},
{"type":"Feature","properties":{"fid":38,"id":38,"left":290977.22181868518,"top":1592169.5165241526,"right":292709.27262625407,"bottom":1590669.5165241526,"row_index":10,"col_index":1,"A1_hex_zonal_A1_norm":0.82372747587199691,"A2V3_hex_zonal_A2_norm_fix":0.8028949961640075,"B2_HEXZONAL_B2_norm":0.84394825371528348,"C1_HEXZONAL_C1_norm":0.20316976510341406,"C2_hex_zonal_C2_norm":0.3422281833215815,"LAGUNA HEXMAP copy_D1_norm":0.79535407723256024,"D2_hex_zonal_D2_norm":0.80124591435921222,"B1HEX — B2HEX_B1_norm":0.0},"geometry":{"type":"Point","coordinates":[291843.247222469653934,1591419.516524152364582]}},
{"type":"Feature","properties":{"fid":39,"id":39,"left":290977.22181868518,"top":1590669.5165241526,"right":292709.27262625407,"bottom":1589169.5165241526,"row_index":11,"col_index":1,"A1_hex_zonal_A1_norm":0.93227345253099059,"A2V3_hex_zonal_A2_norm_fix":0.91328973682120196,"B2_HEXZONAL_B2_norm":0.85860875043458318,"C1_HEXZONAL_C1_norm":0.069210030851598436,"C2_hex_zonal_C2_norm":0.37333550284232919,"LAGUNA HEXMAP copy_D1_norm":0.85787172467665085,"D2_hex_zonal_D2_norm":0.91888613580700051,"B1HEX — B2HEX_B1_norm":0.0039215686274509803},"geometry":{"type":"Point","coordinates":[291878.666422436188441,1589974.514524688245729]}},
{"type":"Feature","properties":{"fid":40,"id":40,"left":290977.22181868518,"top":1589169.5165241526,"right":292709.27262625407,"bottom":1587669.5165241526,"row_index":12,"col_index":1,"A1_hex_zonal_A1_norm":0.93086993660561701,"A2V3_hex_zonal_A2_norm_fix":0.9444586509326236,"B2_HEXZONAL_B2_norm":0.85654126168062439,"C1_HEXZONAL_C1_norm":0.049040947491507898,"C2_hex_zonal_C2_norm":0.40303817696997402,"LAGUNA HEXMAP copy_D1_norm":0.82899305669790047,"D2_hex_zonal_D2_norm":0.94601627501681784,"B1HEX — B2HEX_B1_norm":0.0},"geometry":{"type":"Point","coordinates":[291979.98913276050007,1588586.275913179386407]}},
{"type":"Feature","properties":{"fid":56,"id":56,"left":292276.25992436183,"top":1606419.5165241526,"right":294008.31073193072,"bottom":1604919.5165241526,"row_index":1,"col_index":2,"A1_hex_zonal_A1_norm":0.88717241551607429,"A2V3_hex_zonal_A2_norm_fix":0.98683749969166457,"B2_HEXZONAL_B2_norm":0.51431062344154732,"C1_HEXZONAL_C1_norm":null,"C2_hex_zonal_C2_norm":0.071954650105657852,"LAGUNA HEXMAP copy_D1_norm":0.66410701132049144,"D2_hex_zonal_D2_norm":0.99836541714315374,"B1HEX — B2HEX_B1_norm":0.0},"geometry":{"type":"Point","coordinates":[292724.726535128836986,1604940.638430128339678]}},
{"type":"Feature","properties":{"fid":57,"id":57,"left":292276.25992436183,"top":1604919.5165241526,"right":294008.31073193072,"bottom":1603419.5165241526,"row_index":2,"col_index":2,"A1_hex_zonal_A1_norm":0.82985118011491077,"A2V3_hex_zonal_A2_norm_fix":0.90471956653910002,"B2_HEXZONAL_B2_norm":0.51108939593224023,"C1_HEXZONAL_C1_norm":0.081445068729264589,"C2_hex_zonal_C2_norm":0.074963938102809685,"LAGUNA HEXMAP copy_D1_norm":0.7045988657934068,"D2_hex_zonal_D2_norm":0.90562353633606096,"B1HEX — B2HEX_B1_norm":0.0},"geometry":{"type":"Point","coordinates":[293139.792814077343792,1604122.98717927490361]}},
{"type":"Feature","properties":{"fid":58,"id":58,"left":292276.25992436183,"top":1603419.5165241526,"right":294008.31073193072,"bottom":1601919.5165241526,"row_index":3,"col_index":2,"A1_hex_zonal_A1_norm":0.74278335632565318,"A2V3_hex_zonal_A2_norm_fix":0.77876897899118247,"B2_HEXZONAL_B2_norm":0.52728415074694945,"C1_HEXZONAL_C1_norm":0.23071100954589727,"C2_hex_zonal_C2_norm":0.098861999251504087,"LAGUNA HEXMAP copy_D1_norm":0.77133909937262557,"D2_hex_zonal_D2_norm":0.76941291150066471,"B1HEX — B2HEX_B1_norm":0.0},"geometry":{"type":"Point","coordinates":[293142.285328146244865,1602669.516524152364582]}},
{"type":"Feature","properties":{"fid":59,"id":59,"left":292276.25992436183,"top":1601919.5165241526,"right":294008.31073193072,"bottom":1600419.5165241526,"row_index":4,"col_index":2,"A1_hex_zonal_A1_norm":0.74462335845359329,"A2V3_hex_zonal_A2_norm_fix":0.74624705289365356,"B2_HEXZONAL_B2_norm":0.56471101333816842,"C1_HEXZONAL_C1_norm":0.2819134768004643,"C2_hex_zonal_C2_norm":0.12723093600339658,"LAGUNA HEXMAP copy_D1_norm":0.71041236986041167,"D2_hex_zonal_D2_norm":0.7247595325862497,"B1HEX — B2HEX_B1_norm":0.0},"geometry":{"type":"Point","coordinates":[293142.285328146244865,1601169.516524152131751]}},
{"type":"Feature","properties":{"fid":60,"id":60,"left":292276.25992436183,"top":1600419.5165241526,"right":294008.31073193072,"bottom":1598919.5165241526,"row_index":5,"col_index":2,"A1_hex_zonal_A1_norm":0.69359265628680611,"A2V3_hex_zonal_A2_norm_fix":0.69415966244314453,"B2_HEXZONAL_B2_norm":0.62096812842251459,"C1_HEXZONAL_C1_norm":0.34594147163044492,"C2_hex_zonal_C2_norm":0.15752375753176939,"LAGUNA HEXMAP copy_D1_norm":0.67461308706805967,"D2_hex_zonal_D2_norm":0.66103888955008716,"B1HEX — B2HEX_B1_norm":0.0},"geometry":{"type":"Point","coordinates":[293142.285328146244865,1599669.516524152364582]}},
{"type":"Feature","properties":{"fid":61,"id":61,"left":292276.25992436183,"top":1598919.5165241526,"right":294008.31073193072,"bottom":1597419.5165241526,"row_index":6,"col_index":2,"A1_hex_zonal_A1_norm":0.64786604455729369,"A2V3_hex_zonal_A2_norm_fix":0.61752742274823147,"B2_HEXZONAL_B2_norm":0.69413231788183749,"C1_HEXZONAL_C1_norm":0.38914564331218809,"C2_hex_zonal_C2_norm":0.18888622134527708,"LAGUNA HEXMAP copy_D1_norm":0.6844314608146288,"D2_hex_zonal_D2_norm":0.60522807508154619,"B1HEX — B2HEX_B1_norm":0.031372549019607843},"geometry":{"type":"Point","coordinates":[293142.285328146244865,1598169.516524152597412]}},
{"type":"Feature","properties":{"fid":62,"id":62,"left":292276.25992436183,"top":1597419.5165241526,"right":294008.31073193072,"bottom":1595919.5165241526,"row_index":7,"col_index":2,"A1_hex_zonal_A1_norm":0.62153642767976947,"A2V3_hex_zonal_A2_norm_fix":0.59406339552621645,"B2_HEXZONAL_B2_norm":0.77276093109126931,"C1_HEXZONAL_C1_norm":0.42114159321580641,"C2_hex_zonal_C2_norm":0.22089272406870816,"LAGUNA HEXMAP copy_D1_norm":0.64700639231516122,"D2_hex_zonal_D2_norm":0.58253683497003772,"B1HEX — B2HEX_B1_norm":0.011764705882352941},"geometry":{"type":"Point","coordinates":[293142.285328146244865,1596669.516524152364582]}},
{"type":"Feature","properties":{"fid":63,"id":63,"left":292276.25992436183,"top":1595919.5165241526,"right":294008.31073193072,"bottom":1594419.5165241526,"row_index":8,"col_index":2,"A1_hex_zonal_A1_norm":0.61582720264173796,"A2V3_hex_zonal_A2_norm_fix":0.60324980296797337,"B2_HEXZONAL_B2_norm":0.83586145676144086,"C1_HEXZONAL_C1_norm":0.42144521645505306,"C2_hex_zonal_C2_norm":0.25331319390393769,"LAGUNA HEXMAP copy_D1_norm":0.59227789100382555,"D2_hex_zonal_D2_norm":0.58325471995424849,"B1HEX — B2HEX_B1_norm":0.16862745098039217},"geometry":{"type":"Point","coordinates":[293142.285328146244865,1595169.516524152131751]}},
{"type":"Feature","properties":{"fid":64,"id":64,"left":292276.25992436183,"top":1594419.5165241526,"right":294008.31073193072,"bottom":1592919.5165241526,"row_index":9,"col_index":2,"A1_hex_zonal_A1_norm":0.61624994697775404,"A2V3_hex_zonal_A2_norm_fix":0.59295333080905077,"B2_HEXZONAL_B2_norm":0.86176215314770477,"C1_HEXZONAL_C1_norm":0.43947209730192494,"C2_hex_zonal_C2_norm":0.28601406015631792,"LAGUNA HEXMAP copy_D1_norm":0.62066801419068973,"D2_hex_zonal_D2_norm":0.58208270471630763,"B1HEX — B2HEX_B1_norm":0.12941176470588237},"geometry":{"type":"Point","coordinates":[293142.285328146244865,1593669.516524152364582]}},
{"type":"Feature","properties":{"fid":65,"id":65,"left":292276.25992436183,"top":1592919.5165241526,"right":294008.31073193072,"bottom":1591419.5165241526,"row_index":10,"col_index":2,"A1_hex_zonal_A1_norm":0.6588866115934533,"A2V3_hex_zonal_A2_norm_fix":0.61907694082041809,"B2_HEXZONAL_B2_norm":0.86205677017642657,"C1_HEXZONAL_C1_norm":0.38311640764780336,"C2_hex_zonal_C2_norm":0.31891304221296285,"LAGUNA HEXMAP copy_D1_norm":0.61188384805184359,"D2_hex_zonal_D2_norm":0.61484395615429577,"B1HEX — B2HEX_B1_norm":0.035294117647058823},"geometry":{"type":"Point","coordinates":[293142.285328146244865,1592169.516524152597412]}},
{"type":"Feature","properties":{"fid":66,"id":66,"left":292276.25992436183,"top":1591419.5165241526,"right":294008.31073193072,"bottom":1589919.5165241526,"row_index":11,"col_index":2,"A1_hex_zonal_A1_norm":0.78771229219171812,"A2V3_hex_zonal_A2_norm_fix":0.7401429029185087,"B2_HEXZONAL_B2_norm":0.89227630297791027,"C1_HEXZONAL_C1_norm":0.23597547808467426,"C2_hex_zonal_C2_norm":0.3519569102972161,"LAGUNA HEXMAP copy_D1_norm":0.69263940149299807,"D2_hex_zonal_D2_norm":0.74812150698952573,"B1HEX — B2HEX_B1_norm":0.0},"geometry":{"type":"Point","coordinates":[293142.285328146244865,1590669.516524152364582]}},
{"type":"Feature","properties":{"fid":67,"id":67,"left":292276.25992436183,"top":1589919.5165241526,"right":294008.31073193072,"bottom":1588419.5165241526,"row_index":12,"col_index":2,"A1_hex_zonal_A1_norm":0.84901189540563959,"A2V3_hex_zonal_A2_norm_fix":0.85916958171916413,"B2_HEXZONAL_B2_norm":0.90972682721667064,"C1_HEXZONAL_C1_norm":0.12845854233261844,"C2_hex_zonal_C2_norm":0.38510979988357202,"LAGUNA HEXMAP copy_D1_norm":0.86151129406677596,"D2_hex_zonal_D2_norm":0.85320865181374383,"B1HEX — B2HEX_B1_norm":0.015686274509803921},"geometry":{"type":"Point","coordinates":[293142.285328146244865,1589169.516524152131751]}},
{"type":"Feature","properties":{"fid":68,"id":68,"left":292276.25992436183,"top":1588419.5165241526,"right":294008.31073193072,"bottom":1586919.5165241526,"row_index":13,"col_index":2,"A1_hex_zonal_A1_norm":0.92441563667267224,"A2V3_hex_zonal_A2_norm_fix":0.96932586088529704,"B2_HEXZONAL_B2_norm":0.89393960271910267,"C1_HEXZONAL_C1_norm":0.018632563657856337,"C2_hex_zonal_C2_norm":0.40688283659998969,"LAGUNA HEXMAP copy_D1_norm":0.97911920014259568,"D2_hex_zonal_D2_norm":0.96393613649953469,"B1HEX — B2HEX_B1_norm":0.0039215686274509803},"geometry":{"type":"Point","coordinates":[293136.501581168384291,1588184.755860280711204]}},
{"type":"Feature","properties":{"fid":82,"id":82,"left":293575.29803003848,"top":1607169.5165241526,"right":295307.34883760737,"bottom":1605669.5165241526,"row_index":0,"col_index":3,"A1_hex_zonal_A1_norm":0.88027613953276551,"A2V3_hex_zonal_A2_norm_fix":0.92542590520756485,"B2_HEXZONAL_B2_norm":0.48978895482150386,"C1_HEXZONAL_C1_norm":0.036551269676529982,"C2_hex_zonal_C2_norm":0.017182618387255304,"LAGUNA HEXMAP copy_D1_norm":0.79164198493379168,"D2_hex_zonal_D2_norm":0.91111007765716345,"B1HEX — B2HEX_B1_norm":0.0},"geometry":{"type":"Point","coordinates":[294840.583388306200504,1606289.703746983781457]}},
{"type":"Feature","properties":{"fid":83,"id":83,"left":293575.29803003848,"top":1605669.5165241526,"right":295307.34883760737,"bottom":1604169.5165241526,"row_index":1,"col_index":3,"A1_hex_zonal_A1_norm":0.73201859920385859,"A2V3_hex_zonal_A2_norm_fix":0.88853770204036209,"B2_HEXZONAL_B2_norm":0.49117097101867235,"C1_HEXZONAL_C1_norm":0.080077103584982351,"C2_hex_zonal_C2_norm":0.041241002430820968,"LAGUNA HEXMAP copy_D1_norm":0.60631210038076322,"D2_hex_zonal_D2_norm":0.88191432994019436,"B1HEX — B2HEX_B1_norm":0.0},"geometry":{"type":"Point","coordinates":[294520.531810872489586,1604859.440266986377537]}},
{"type":"Feature","properties":{"fid":84,"id":84,"left":293575.29803003848,"top":1604169.5165241526,"right":295307.34883760737,"bottom":1602669.5165241526,"row_index":2,"col_index":3,"A1_hex_zonal_A1_norm":0.65228360419318276,"A2V3_hex_zonal_A2_norm_fix":0.76819616283927539,"B2_HEXZONAL_B2_norm":0.49540319245093201,"C1_HEXZONAL_C1_norm":0.22013615428450617,"C2_hex_zonal_C2_norm":0.069076451871690925,"LAGUNA HEXMAP copy_D1_norm":0.59565999001681613,"D2_hex_zonal_D2_norm":0.76385415709870508,"B1HEX — B2HEX_B1_norm":0.0078431372549019607},"geometry":{"type":"Point","coordinates":[294441.323433822894003,1603419.516524152597412]}},
{"type":"Feature","properties":{"fid":85,"id":85,"left":293575.29803003848,"top":1602669.5165241526,"right":295307.34883760737,"bottom":1601169.5165241526,"row_index":3,"col_index":3,"A1_hex_zonal_A1_norm":0.59178689727072742,"A2V3_hex_zonal_A2_norm_fix":0.61161517555773348,"B2_HEXZONAL_B2_norm":0.51935259958074798,"C1_HEXZONAL_C1_norm":0.38989173459596277,"C2_hex_zonal_C2_norm":0.099871542795973753,"LAGUNA HEXMAP copy_D1_norm":0.59566729819097786,"D2_hex_zonal_D2_norm":0.59985303139875401,"B1HEX — B2HEX_B1_norm":0.039215686274509803},"geometry":{"type":"Point","coordinates":[294441.323433822894003,1601919.516524152364582]}},
{"type":"Feature","properties":{"fid":86,"id":86,"left":293575.29803003848,"top":1601169.5165241526,"right":295307.34883760737,"bottom":1599669.5165241526,"row_index":4,"col_index":3,"A1_hex_zonal_A1_norm":0.57106484221572351,"A2V3_hex_zonal_A2_norm_fix":0.57103999104401537,"B2_HEXZONAL_B2_norm":0.57105385989826141,"C1_HEXZONAL_C1_norm":0.481466795855298,"C2_hex_zonal_C2_norm":0.13194333334070493,"LAGUNA HEXMAP copy_D1_norm":0.52042598269885787,"D2_hex_zonal_D2_norm":0.53663276999262099,"B1HEX — B2HEX_B1_norm":0.20784313725490197},"geometry":{"type":"Point","coordinates":[294441.323433822894003,1600419.516524152364582]}},
{"type":"Feature","properties":{"fid":87,"id":87,"left":293575.29803003848,"top":1599669.5165241526,"right":295307.34883760737,"bottom":1598169.5165241526,"row_index":5,"col_index":3,"A1_hex_zonal_A1_norm":0.51271650980773953,"A2V3_hex_zonal_A2_norm_fix":0.50071240187215693,"B2_HEXZONAL_B2_norm":0.65099400358225923,"C1_HEXZONAL_C1_norm":0.54432165998255055,"C2_hex_zonal_C2_norm":0.1646104586520388,"LAGUNA HEXMAP copy_D1_norm":0.50496981137909946,"D2_hex_zonal_D2_norm":0.46376545196981966,"B1HEX — B2HEX_B1_norm":0.074509803921568626},"geometry":{"type":"Point","coordinates":[294441.323433822894003,1598919.516524152131751]}},
{"type":"Feature","properties":{"fid":88,"id":88,"left":293575.29803003848,"top":1598169.5165241526,"right":295307.34883760737,"bottom":1596669.5165241526,"row_index":6,"col_index":3,"A1_hex_zonal_A1_norm":0.48369619809338238,"A2V3_hex_zonal_A2_norm_fix":0.43511271353126579,"B2_HEXZONAL_B2_norm":0.74712510674524957,"C1_HEXZONAL_C1_norm":0.57867829049841246,"C2_hex_zonal_C2_norm":0.19759909451143234,"LAGUNA HEXMAP copy_D1_norm":0.51633501796645553,"D2_hex_zonal_D2_norm":0.42110260324354676,"B1HEX — B2HEX_B1_norm":0.066666666666666666},"geometry":{"type":"Point","coordinates":[294441.323433822894003,1597419.516524152597412]}},
{"type":"Feature","properties":{"fid":89,"id":89,"left":293575.29803003848,"top":1596669.5165241526,"right":295307.34883760737,"bottom":1595169.5165241526,"row_index":7,"col_index":3,"A1_hex_zonal_A1_norm":0.45414600210004785,"A2V3_hex_zonal_A2_norm_fix":0.42531006634118684,"B2_HEXZONAL_B2_norm":0.83903236423243854,"C1_HEXZONAL_C1_norm":0.59915241298111888,"C2_hex_zonal_C2_norm":0.23077999094304999,"LAGUNA HEXMAP copy_D1_norm":0.45670527393758598,"D2_hex_zonal_D2_norm":0.40750974417077124,"B1HEX — B2HEX_B1_norm":0.12549019607843137},"geometry":{"type":"Point","coordinates":[294441.323433822894003,1595919.516524152364582]}},
{"type":"Feature","properties":{"fid":90,"id":90,"left":293575.29803003848,"top":1595169.5165241526,"right":295307.34883760737,"bottom":1593669.5165241526,"row_index":8,"col_index":3,"A1_hex_zonal_A1_norm":0.46604977018071181,"A2V3_hex_zonal_A2_norm_fix":0.43022084438591068,"B2_HEXZONAL_B2_norm":0.88963787419410389,"C1_HEXZONAL_C1_norm":0.60568767300003834,"C2_hex_zonal_C2_norm":0.26408466527060503,"LAGUNA HEXMAP copy_D1_norm":0.45428653419514609,"D2_hex_zonal_D2_norm":0.41148742544437766,"B1HEX — B2HEX_B1_norm":0.2627450980392157},"geometry":{"type":"Point","coordinates":[294441.323433822894003,1594419.516524152364582]}},
{"type":"Feature","properties":{"fid":91,"id":91,"left":293575.29803003848,"top":1593669.5165241526,"right":295307.34883760737,"bottom":1592169.5165241526,"row_index":9,"col_index":3,"A1_hex_zonal_A1_norm":0.49133589717943904,"A2V3_hex_zonal_A2_norm_fix":0.43462184514818503,"B2_HEXZONAL_B2_norm":0.87927102930853351,"C1_HEXZONAL_C1_norm":0.5699363135143205,"C2_hex_zonal_C2_norm":0.2974735847339206,"LAGUNA HEXMAP copy_D1_norm":0.44558938063364939,"D2_hex_zonal_D2_norm":0.429664132084704,"B1HEX — B2HEX_B1_norm":0.30196078431372547},"geometry":{"type":"Point","coordinates":[294441.323433822894003,1592919.516524152131751]}},
{"type":"Feature","properties":{"fid":92,"id":92,"left":293575.29803003848,"top":1592169.5165241526,"right":295307.34883760737,"bottom":1590669.5165241526,"row_index":10,"col_index":3,"A1_hex_zonal_A1_norm":0.60626952981985827,"A2V3_hex_zonal_A2_norm_fix":0.55271211557195499,"B2_HEXZONAL_B2_norm":0.89344357066773639,"C1_HEXZONAL_C1_norm":0.42624686920288218,"C2_hex_zonal_C2_norm":0.3309223798253807,"LAGUNA HEXMAP copy_D1_norm":0.5596255621472086,"D2_hex_zonal_D2_norm":0.56587529306572915,"B1HEX — B2HEX_B1_norm":0.10980392156862745},"geometry":{"type":"Point","coordinates":[294441.323433822894003,1591419.516524152364582]}},
{"type":"Feature","properties":{"fid":93,"id":93,"left":293575.29803003848,"top":1590669.5165241526,"right":295307.34883760737,"bottom":1589169.5165241526,"row_index":11,"col_index":3,"A1_hex_zonal_A1_norm":0.67993118020677501,"A2V3_hex_zonal_A2_norm_fix":0.71639131365972819,"B2_HEXZONAL_B2_norm":0.94495822273384333,"C1_HEXZONAL_C1_norm":0.26059769404435207,"C2_hex_zonal_C2_norm":0.36441522902818402,"LAGUNA HEXMAP copy_D1_norm":0.73525365259792497,"D2_hex_zonal_D2_norm":0.7399664188827404,"B1HEX — B2HEX_B1_norm":0.0},"geometry":{"type":"Point","coordinates":[294441.323433822894003,1589919.516524152364582]}},
{"type":"Feature","properties":{"fid":94,"id":94,"left":293575.29803003848,"top":1589169.5165241526,"right":295307.34883760737,"bottom":1587669.5165241526,"row_index":12,"col_index":3,"A1_hex_zonal_A1_norm":0.76567012123317413,"A2V3_hex_zonal_A2_norm_fix":0.87725415375125726,"B2_HEXZONAL_B2_norm":0.92596993253425564,"C1_HEXZONAL_C1_norm":0.090411388980748311,"C2_hex_zonal_C2_norm":0.39651789574773366,"LAGUNA HEXMAP copy_D1_norm":0.86333788804617695,"D2_hex_zonal_D2_norm":0.90496121482854408,"B1HEX — B2HEX_B1_norm":0.023529411764705882},"geometry":{"type":"Point","coordinates":[294472.000581472995691,1588479.241279037902132]}},
{"type":"Feature","properties":{"fid":95,"id":95,"left":293575.29803003848,"top":1587669.5165241526,"right":295307.34883760737,"bottom":1586169.5165241526,"row_index":13,"col_index":3,"A1_hex_zonal_A1_norm":0.88246049252213388,"A2V3_hex_zonal_A2_norm_fix":0.94406555425473471,"B2_HEXZONAL_B2_norm":0.84599716188106455,"C1_HEXZONAL_C1_norm":0.05758556851990413,"C2_hex_zonal_C2_norm":0.42996524845281797,"LAGUNA HEXMAP copy_D1_norm":0.92019225196915111,"D2_hex_zonal_D2_norm":0.93526869629841569,"B1HEX — B2HEX_B1_norm":0.023529411764705882},"geometry":{"type":"Point","coordinates":[294668.339830090873875,1586964.853777821408585]}},
{"type":"Feature","properties":{"fid":96,"id":96,"left":293575.29803003848,"top":1586169.5165241526,"right":295307.34883760737,"bottom":1584669.5165241526,"row_index":14,"col_index":3,"A1_hex_zonal_A1_norm":0.98130893411413767,"A2V3_hex_zonal_A2_norm_fix":0.97753020646864885,"B2_HEXZONAL_B2_norm":0.79395386285212777,"C1_HEXZONAL_C1_norm":0.017555631499789837,"C2_hex_zonal_C2_norm":0.45104264980407316,"LAGUNA HEXMAP copy_D1_norm":0.91111787023155499,"D2_hex_zonal_D2_norm":0.97493265521673722,"B1HEX — B2HEX_B1_norm":0.0},"geometry":{"type":"Point","coordinates":[294899.800088803342078,1586003.599328042240813]}},
{"type":"Feature","properties":{"fid":109,"id":109,"left":294874.33613571519,"top":1607919.5165241526,"right":296606.38694328407,"bottom":1606419.5165241526,"row_index":0,"col_index":4,"A1_hex_zonal_A1_norm":0.94921907873964106,"A2V3_hex_zonal_A2_norm_fix":0.95121541592456627,"B2_HEXZONAL_B2_norm":0.48796974543803273,"C1_HEXZONAL_C1_norm":0.01616870245435563,"C2_hex_zonal_C2_norm":0.0,"LAGUNA HEXMAP copy_D1_norm":0.86923478305899471,"D2_hex_zonal_D2_norm":0.91200532112081845,"B1HEX — B2HEX_B1_norm":0.0},"geometry":{"type":"Point","coordinates":[295545.637084532878362,1606733.497393478173763]}},
{"type":"Feature","properties":{"fid":110,"id":110,"left":294874.33613571519,"top":1606419.5165241526,"right":296606.38694328407,"bottom":1604919.5165241526,"row_index":1,"col_index":4,"A1_hex_zonal_A1_norm":0.83550267961305702,"A2V3_hex_zonal_A2_norm_fix":0.85087858520382742,"B2_HEXZONAL_B2_norm":0.48760466725576623,"C1_HEXZONAL_C1_norm":0.12235158862559002,"C2_hex_zonal_C2_norm":0.011977541483379919,"LAGUNA HEXMAP copy_D1_norm":0.72338625359127051,"D2_hex_zonal_D2_norm":0.79862240808832019,"B1HEX — B2HEX_B1_norm":0.0},"geometry":{"type":"Point","coordinates":[295740.361539499601349,1605669.516524152364582]}},
{"type":"Feature","properties":{"fid":111,"id":111,"left":294874.33613571519,"top":1604919.5165241526,"right":296606.38694328407,"bottom":1603419.5165241526,"row_index":2,"col_index":4,"A1_hex_zonal_A1_norm":0.65624055990987618,"A2V3_hex_zonal_A2_norm_fix":0.71848916262754181,"B2_HEXZONAL_B2_norm":0.48302468408787647,"C1_HEXZONAL_C1_norm":0.2620300673380585,"C2_hex_zonal_C2_norm":0.04369465273527802,"LAGUNA HEXMAP copy_D1_norm":0.5335729589414635,"D2_hex_zonal_D2_norm":0.70454077868560505,"B1HEX — B2HEX_B1_norm":0.0078431372549019607},"geometry":{"type":"Point","coordinates":[295740.361539499601349,1604169.516524152597412]}},
{"type":"Feature","properties":{"fid":112,"id":112,"left":294874.33613571519,"top":1603419.5165241526,"right":296606.38694328407,"bottom":1601919.5165241526,"row_index":3,"col_index":4,"A1_hex_zonal_A1_norm":0.51125865569656159,"A2V3_hex_zonal_A2_norm_fix":0.58532240224268561,"B2_HEXZONAL_B2_norm":0.47340112004152313,"C1_HEXZONAL_C1_norm":0.40308359264322458,"C2_hex_zonal_C2_norm":0.076842872491995215,"LAGUNA HEXMAP copy_D1_norm":0.44145170464734529,"D2_hex_zonal_D2_norm":0.57976260895759579,"B1HEX — B2HEX_B1_norm":0.10588235294117647},"geometry":{"type":"Point","coordinates":[295740.361539499601349,1602669.516524152364582]}},
{"type":"Feature","properties":{"fid":113,"id":113,"left":294874.33613571519,"top":1601919.5165241526,"right":296606.38694328407,"bottom":1600419.5165241526,"row_index":4,"col_index":4,"A1_hex_zonal_A1_norm":0.44175084006457876,"A2V3_hex_zonal_A2_norm_fix":0.43778546346151759,"B2_HEXZONAL_B2_norm":0.49464030268041759,"C1_HEXZONAL_C1_norm":0.56756701336950033,"C2_hex_zonal_C2_norm":0.11028524301415103,"LAGUNA HEXMAP copy_D1_norm":0.41075145148676639,"D2_hex_zonal_D2_norm":0.42310722448848326,"B1HEX — B2HEX_B1_norm":0.12156862745098039},"geometry":{"type":"Point","coordinates":[295740.361539499601349,1601169.516524152131751]}},
{"type":"Feature","properties":{"fid":114,"id":114,"left":294874.33613571519,"top":1600419.5165241526,"right":296606.38694328407,"bottom":1598919.5165241526,"row_index":5,"col_index":4,"A1_hex_zonal_A1_norm":0.39382347410367302,"A2V3_hex_zonal_A2_norm_fix":0.38277262310727389,"B2_HEXZONAL_B2_norm":0.56298534550959034,"C1_HEXZONAL_C1_norm":0.67941171218697682,"C2_hex_zonal_C2_norm":0.14383571850369919,"LAGUNA HEXMAP copy_D1_norm":0.3463230208210557,"D2_hex_zonal_D2_norm":0.34177512437392998,"B1HEX — B2HEX_B1_norm":0.1803921568627451},"geometry":{"type":"Point","coordinates":[295740.361539499601349,1599669.516524152364582]}},
{"type":"Feature","properties":{"fid":115,"id":115,"left":294874.33613571519,"top":1598919.5165241526,"right":296606.38694328407,"bottom":1597419.5165241526,"row_index":6,"col_index":4,"A1_hex_zonal_A1_norm":0.33834535366091545,"A2V3_hex_zonal_A2_norm_fix":0.30407410525585266,"B2_HEXZONAL_B2_norm":0.66212447510841344,"C1_HEXZONAL_C1_norm":0.73850154274978275,"C2_hex_zonal_C2_norm":0.1774377256864117,"LAGUNA HEXMAP copy_D1_norm":0.35522772329854901,"D2_hex_zonal_D2_norm":0.26834770657955287,"B1HEX — B2HEX_B1_norm":0.11764705882352941},"geometry":{"type":"Point","coordinates":[295740.361539499601349,1598169.516524152597412]}},
{"type":"Feature","properties":{"fid":116,"id":116,"left":294874.33613571519,"top":1597419.5165241526,"right":296606.38694328407,"bottom":1595919.5165241526,"row_index":7,"col_index":4,"A1_hex_zonal_A1_norm":0.31078691958301519,"A2V3_hex_zonal_A2_norm_fix":0.25445156754752918,"B2_HEXZONAL_B2_norm":0.76831958593325422,"C1_HEXZONAL_C1_norm":0.76980370047503044,"C2_hex_zonal_C2_norm":0.21106828361120447,"LAGUNA HEXMAP copy_D1_norm":0.3360707420163408,"D2_hex_zonal_D2_norm":0.23859895014629562,"B1HEX — B2HEX_B1_norm":0.019607843137254902},"geometry":{"type":"Point","coordinates":[295740.361539499601349,1596669.516524152364582]}},
{"type":"Feature","properties":{"fid":117,"id":117,"left":294874.33613571519,"top":1595919.5165241526,"right":296606.38694328407,"bottom":1594419.5165241526,"row_index":8,"col_index":4,"A1_hex_zonal_A1_norm":0.30055781640687063,"A2V3_hex_zonal_A2_norm_fix":0.26268768129542697,"B2_HEXZONAL_B2_norm":0.85433068749654884,"C1_HEXZONAL_C1_norm":0.77626563321592912,"C2_hex_zonal_C2_norm":0.24471630185816881,"LAGUNA HEXMAP copy_D1_norm":0.27595841047265124,"D2_hex_zonal_D2_norm":0.23564045565599301,"B1HEX — B2HEX_B1_norm":0.011764705882352941},"geometry":{"type":"Point","coordinates":[295740.361539499601349,1595169.516524152131751]}},
{"type":"Feature","properties":{"fid":118,"id":118,"left":294874.33613571519,"top":1594419.5165241526,"right":296606.38694328407,"bottom":1592919.5165241526,"row_index":9,"col_index":4,"A1_hex_zonal_A1_norm":0.32398250672895335,"A2V3_hex_zonal_A2_norm_fix":0.26036457181441064,"B2_HEXZONAL_B2_norm":0.88169091880458317,"C1_HEXZONAL_C1_norm":0.75486964160827696,"C2_hex_zonal_C2_norm":0.27837577587892198,"LAGUNA HEXMAP copy_D1_norm":0.29158147907122856,"D2_hex_zonal_D2_norm":0.25467690648966002,"B1HEX — B2HEX_B1_norm":0.098039215686274508},"geometry":{"type":"Point","coordinates":[295740.361539499601349,1593669.516524152364582]}},
{"type":"Feature","properties":{"fid":119,"id":119,"left":294874.33613571519,"top":1592919.5165241526,"right":296606.38694328407,"bottom":1591419.5165241526,"row_index":10,"col_index":4,"A1_hex_zonal_A1_norm":0.42300381350590388,"A2V3_hex_zonal_A2_norm_fix":0.38254945688868625,"B2_HEXZONAL_B2_norm":0.86783399527108529,"C1_HEXZONAL_C1_norm":0.59688385240068631,"C2_hex_zonal_C2_norm":0.31204316798957477,"LAGUNA HEXMAP copy_D1_norm":0.405358944575261,"D2_hex_zonal_D2_norm":0.40408807889396425,"B1HEX — B2HEX_B1_norm":0.12941176470588237},"geometry":{"type":"Point","coordinates":[295740.361539499601349,1592169.516524152597412]}},
{"type":"Feature","properties":{"fid":120,"id":120,"left":294874.33613571519,"top":1591419.5165241526,"right":296606.38694328407,"bottom":1589919.5165241526,"row_index":11,"col_index":4,"A1_hex_zonal_A1_norm":0.50076623524082042,"A2V3_hex_zonal_A2_norm_fix":0.55486088501061126,"B2_HEXZONAL_B2_norm":0.89951934276482126,"C1_HEXZONAL_C1_norm":0.41785149880240779,"C2_hex_zonal_C2_norm":0.34571626170620595,"LAGUNA HEXMAP copy_D1_norm":0.56019911331045502,"D2_hex_zonal_D2_norm":0.58339990710706646,"B1HEX — B2HEX_B1_norm":0.22352941176470589},"geometry":{"type":"Point","coordinates":[295740.361539499601349,1590669.516524152364582]}},
{"type":"Feature","properties":{"fid":121,"id":121,"left":294874.33613571519,"top":1589919.5165241526,"right":296606.38694328407,"bottom":1588419.5165241526,"row_index":12,"col_index":4,"A1_hex_zonal_A1_norm":0.6101745531896352,"A2V3_hex_zonal_A2_norm_fix":0.70607250804523014,"B2_HEXZONAL_B2_norm":0.92545955176170713,"C1_HEXZONAL_C1_norm":0.26582023769048319,"C2_hex_zonal_C2_norm":0.37939359774130449,"LAGUNA HEXMAP copy_D1_norm":0.67488914051984605,"D2_hex_zonal_D2_norm":0.73119785465831244,"B1HEX — B2HEX_B1_norm":0.058823529411764705},"geometry":{"type":"Point","coordinates":[295740.361539499601349,1589169.516524152131751]}},
{"type":"Feature","properties":{"fid":122,"id":122,"left":294874.33613571519,"top":1588419.5165241526,"right":296606.38694328407,"bottom":1586919.5165241526,"row_index":13,"col_index":4,"A1_hex_zonal_A1_norm":0.76579884203565785,"A2V3_hex_zonal_A2_norm_fix":0.79223833159001078,"B2_HEXZONAL_B2_norm":0.86490250343566077,"C1_HEXZONAL_C1_norm":0.20104541222925723,"C2_hex_zonal_C2_norm":0.41307417713632577,"LAGUNA HEXMAP copy_D1_norm":0.76288962796106985,"D2_hex_zonal_D2_norm":0.79168359336847083,"B1HEX — B2HEX_B1_norm":0.019607843137254902},"geometry":{"type":"Point","coordinates":[295740.361539499601349,1587669.516524152364582]}},
{"type":"Feature","properties":{"fid":123,"id":123,"left":294874.33613571519,"top":1586919.5165241526,"right":296606.38694328407,"bottom":1585419.5165241526,"row_index":14,"col_index":4,"A1_hex_zonal_A1_norm":0.90292097379437763,"A2V3_hex_zonal_A2_norm_fix":0.91645939575759727,"B2_HEXZONAL_B2_norm":0.79681771110682131,"C1_HEXZONAL_C1_norm":0.087267233560379617,"C2_hex_zonal_C2_norm":0.44543367033984588,"LAGUNA HEXMAP copy_D1_norm":0.82520919933811454,"D2_hex_zonal_D2_norm":0.90971709197254269,"B1HEX — B2HEX_B1_norm":0.019607843137254902},"geometry":{"type":"Point","coordinates":[295752.498482803523075,1586225.954463042318821]}},
{"type":"Feature","properties":{"fid":124,"id":124,"left":294874.33613571519,"top":1585419.5165241526,"right":296606.38694328407,"bottom":1583919.5165241526,"row_index":15,"col_index":4,"A1_hex_zonal_A1_norm":0.90152788934548023,"A2V3_hex_zonal_A2_norm_fix":0.98683749969166457,"B2_HEXZONAL_B2_norm":null,"C1_HEXZONAL_C1_norm":0.0038517441942223602,"C2_hex_zonal_C2_norm":0.4631485846338525,"LAGUNA HEXMAP copy_D1_norm":0.88029365969319673,"D2_hex_zonal_D2_norm":0.9870681762345942,"B1HEX — B2HEX_B1_norm":0.0},"geometry":{"type":"Point","coordinates":[296150.159957526309881,1585414.556543697603047]}},
{"type":"Feature","properties":{"fid":136,"id":136,"left":296173.37424139184,"top":1607169.5165241526,"right":297905.42504896072,"bottom":1605669.5165241526,"row_index":0,"col_index":5,"A1_hex_zonal_A1_norm":0.91101447220563514,"A2V3_hex_zonal_A2_norm_fix":0.87716730764072626,"B2_HEXZONAL_B2_norm":0.48619454356588643,"C1_HEXZONAL_C1_norm":0.11286799079368888,"C2_hex_zonal_C2_norm":0.0084227801338908805,"LAGUNA HEXMAP copy_D1_norm":0.73537169706770666,"D2_hex_zonal_D2_norm":0.86233547875973582,"B1HEX — B2HEX_B1_norm":0.0},"geometry":{"type":"Point","coordinates":[297077.679942831629887,1606348.860474952263758]}},
{"type":"Feature","properties":{"fid":137,"id":137,"left":296173.37424139184,"top":1605669.5165241526,"right":297905.42504896072,"bottom":1604169.5165241526,"row_index":1,"col_index":5,"A1_hex_zonal_A1_norm":0.77054150614657047,"A2V3_hex_zonal_A2_norm_fix":0.72667138831155265,"B2_HEXZONAL_B2_norm":0.49163147387495354,"C1_HEXZONAL_C1_norm":0.26806702591925952,"C2_hex_zonal_C2_norm":0.03061211665523517,"LAGUNA HEXMAP copy_D1_norm":0.58180324530851779,"D2_hex_zonal_D2_norm":0.68615096758101723,"B1HEX — B2HEX_B1_norm":0.0},"geometry":{"type":"Point","coordinates":[297039.399645176308695,1604919.516524152131751]}},
{"type":"Feature","properties":{"fid":138,"id":138,"left":296173.37424139184,"top":1604169.5165241526,"right":297905.42504896072,"bottom":1602669.5165241526,"row_index":2,"col_index":5,"A1_hex_zonal_A1_norm":0.6591676074660342,"A2V3_hex_zonal_A2_norm_fix":0.57349563104904933,"B2_HEXZONAL_B2_norm":0.448801097577466,"C1_HEXZONAL_C1_norm":0.42593648581040583,"C2_hex_zonal_C2_norm":0.062042105261964214,"LAGUNA HEXMAP copy_D1_norm":0.40649732661851579,"D2_hex_zonal_D2_norm":0.56192306407043158,"B1HEX — B2HEX_B1_norm":0.20392156862745098},"geometry":{"type":"Point","coordinates":[297039.399645176308695,1603419.516524152597412]}},
{"type":"Feature","properties":{"fid":139,"id":139,"left":296173.37424139184,"top":1602669.5165241526,"right":297905.42504896072,"bottom":1601169.5165241526,"row_index":3,"col_index":5,"A1_hex_zonal_A1_norm":0.53953922061029969,"A2V3_hex_zonal_A2_norm_fix":0.43634706691101099,"B2_HEXZONAL_B2_norm":0.41679623503410124,"C1_HEXZONAL_C1_norm":0.56684903780256291,"C2_hex_zonal_C2_norm":0.094823436510699036,"LAGUNA HEXMAP copy_D1_norm":0.2706014159178699,"D2_hex_zonal_D2_norm":0.43112858305429036,"B1HEX — B2HEX_B1_norm":0.0},"geometry":{"type":"Point","coordinates":[297039.399645176308695,1601919.516524152364582]}},
{"type":"Feature","properties":{"fid":140,"id":140,"left":296173.37424139184,"top":1601169.5165241526,"right":297905.42504896072,"bottom":1599669.5165241526,"row_index":4,"col_index":5,"A1_hex_zonal_A1_norm":0.39303108531801978,"A2V3_hex_zonal_A2_norm_fix":0.28535206858631124,"B2_HEXZONAL_B2_norm":0.47284083679037137,"C1_HEXZONAL_C1_norm":0.72773776003833823,"C2_hex_zonal_C2_norm":0.12803082550410802,"LAGUNA HEXMAP copy_D1_norm":0.22317063373640567,"D2_hex_zonal_D2_norm":0.27168631253660458,"B1HEX — B2HEX_B1_norm":0.031372549019607843},"geometry":{"type":"Point","coordinates":[297039.399645176308695,1600419.516524152364582]}},
{"type":"Feature","properties":{"fid":141,"id":141,"left":296173.37424139184,"top":1599669.5165241526,"right":297905.42504896072,"bottom":1598169.5165241526,"row_index":5,"col_index":5,"A1_hex_zonal_A1_norm":0.25341403730497591,"A2V3_hex_zonal_A2_norm_fix":0.19370787015045665,"B2_HEXZONAL_B2_norm":0.57818320063343165,"C1_HEXZONAL_C1_norm":0.8628133288540083,"C2_hex_zonal_C2_norm":0.16142409553063566,"LAGUNA HEXMAP copy_D1_norm":0.18143272537294541,"D2_hex_zonal_D2_norm":0.15567385849926507,"B1HEX — B2HEX_B1_norm":0.2},"geometry":{"type":"Point","coordinates":[297039.399645176308695,1598919.516524152131751]}},
{"type":"Feature","properties":{"fid":142,"id":142,"left":296173.37424139184,"top":1598169.5165241526,"right":297905.42504896072,"bottom":1596669.5165241526,"row_index":6,"col_index":5,"A1_hex_zonal_A1_norm":0.16935433623430707,"A2V3_hex_zonal_A2_norm_fix":0.11436650907555346,"B2_HEXZONAL_B2_norm":0.68866938424675816,"C1_HEXZONAL_C1_norm":0.91972793718039836,"C2_hex_zonal_C2_norm":0.19491464570808656,"LAGUNA HEXMAP copy_D1_norm":0.18826304380375736,"D2_hex_zonal_D2_norm":0.089543983492602508,"B1HEX — B2HEX_B1_norm":0.18431372549019609},"geometry":{"type":"Point","coordinates":[297039.399645176308695,1597419.516524152597412]}},
{"type":"Feature","properties":{"fid":143,"id":143,"left":296173.37424139184,"top":1596669.5165241526,"right":297905.42504896072,"bottom":1595169.5165241526,"row_index":7,"col_index":5,"A1_hex_zonal_A1_norm":0.14044572683521428,"A2V3_hex_zonal_A2_norm_fix":0.086051182911770274,"B2_HEXZONAL_B2_norm":0.77718531186279294,"C1_HEXZONAL_C1_norm":0.95019500743190066,"C2_hex_zonal_C2_norm":0.22846237196656075,"LAGUNA HEXMAP copy_D1_norm":0.15134428465978988,"D2_hex_zonal_D2_norm":0.062065389883737221,"B1HEX — B2HEX_B1_norm":0.011764705882352941},"geometry":{"type":"Point","coordinates":[297039.399645176308695,1595919.516524152364582]}},
{"type":"Feature","properties":{"fid":144,"id":144,"left":296173.37424139184,"top":1595169.5165241526,"right":297905.42504896072,"bottom":1593669.5165241526,"row_index":8,"col_index":5,"A1_hex_zonal_A1_norm":0.15474650140182922,"A2V3_hex_zonal_A2_norm_fix":0.095640325091965184,"B2_HEXZONAL_B2_norm":0.82565416880827691,"C1_HEXZONAL_C1_norm":0.92536997639001728,"C2_hex_zonal_C2_norm":0.26204652466909439,"LAGUNA HEXMAP copy_D1_norm":0.12558433714463102,"D2_hex_zonal_D2_norm":0.085506166383727544,"B1HEX — B2HEX_B1_norm":0.14509803921568629},"geometry":{"type":"Point","coordinates":[297039.399645176308695,1594419.516524152364582]}},
{"type":"Feature","properties":{"fid":145,"id":145,"left":296173.37424139184,"top":1593669.5165241526,"right":297905.42504896072,"bottom":1592169.5165241526,"row_index":9,"col_index":5,"A1_hex_zonal_A1_norm":0.23919287784520415,"A2V3_hex_zonal_A2_norm_fix":0.20985999562648106,"B2_HEXZONAL_B2_norm":0.83360169731896294,"C1_HEXZONAL_C1_norm":0.76561467937906647,"C2_hex_zonal_C2_norm":0.29565529945369268,"LAGUNA HEXMAP copy_D1_norm":0.23463834434389463,"D2_hex_zonal_D2_norm":0.23675028480021199,"B1HEX — B2HEX_B1_norm":0.19607843137254902},"geometry":{"type":"Point","coordinates":[297039.399645176308695,1592919.516524152131751]}},
{"type":"Feature","properties":{"fid":146,"id":146,"left":296173.37424139184,"top":1592169.5165241526,"right":297905.42504896072,"bottom":1590669.5165241526,"row_index":10,"col_index":5,"A1_hex_zonal_A1_norm":0.32137598199828921,"A2V3_hex_zonal_A2_norm_fix":0.37274939005500596,"B2_HEXZONAL_B2_norm":0.83985794527098612,"C1_HEXZONAL_C1_norm":0.60060691408037181,"C2_hex_zonal_C2_norm":0.3292814911034706,"LAGUNA HEXMAP copy_D1_norm":0.37606839332927389,"D2_hex_zonal_D2_norm":0.39992073279359719,"B1HEX — B2HEX_B1_norm":0.33333333333333331},"geometry":{"type":"Point","coordinates":[297039.399645176308695,1591419.516524152364582]}},
{"type":"Feature","properties":{"fid":147,"id":147,"left":296173.37424139184,"top":1590669.5165241526,"right":297905.42504896072,"bottom":1589169.5165241526,"row_index":11,"col_index":5,"A1_hex_zonal_A1_norm":0.44970665687633027,"A2V3_hex_zonal_A2_norm_fix":0.50958457554800785,"B2_HEXZONAL_B2_norm":0.8584963449991867,"C1_HEXZONAL_C1_norm":0.46705203542915735,"C2_hex_zonal_C2_norm":0.36292045500485087,"LAGUNA HEXMAP copy_D1_norm":0.48495696697789437,"D2_hex_zonal_D2_norm":0.53290246687246734,"B1HEX — B2HEX_B1_norm":0.23137254901960785},"geometry":{"type":"Point","coordinates":[297039.399645176308695,1589919.516524152364582]}},
{"type":"Feature","properties":{"fid":148,"id":148,"left":296173.37424139184,"top":1589169.5165241526,"right":297905.42504896072,"bottom":1587669.5165241526,"row_index":12,"col_index":5,"A1_hex_zonal_A1_norm":0.60074050126374801,"A2V3_hex_zonal_A2_norm_fix":0.61131743216086609,"B2_HEXZONAL_B2_norm":0.83911129120433947,"C1_HEXZONAL_C1_norm":0.37922171297283774,"C2_hex_zonal_C2_norm":0.39656906037974132,"LAGUNA HEXMAP copy_D1_norm":0.57520446990251184,"D2_hex_zonal_D2_norm":0.61520939508196559,"B1HEX — B2HEX_B1_norm":0.30588235294117649},"geometry":{"type":"Point","coordinates":[297039.399645176308695,1588419.516524152364582]}},
{"type":"Feature","properties":{"fid":149,"id":149,"left":296173.37424139184,"top":1587669.5165241526,"right":297905.42504896072,"bottom":1586169.5165241526,"row_index":13,"col_index":5,"A1_hex_zonal_A1_norm":0.73433498544208953,"A2V3_hex_zonal_A2_norm_fix":0.76780871604370027,"B2_HEXZONAL_B2_norm":0.79285189822535918,"C1_HEXZONAL_C1_norm":0.23823230637666759,"C2_hex_zonal_C2_norm":0.43022512397156731,"LAGUNA HEXMAP copy_D1_norm":0.72128363732506307,"D2_hex_zonal_D2_norm":0.75859023458663632,"B1HEX — B2HEX_B1_norm":0.18823529411764706},"geometry":{"type":"Point","coordinates":[297039.399645176308695,1586919.516524152131751]}},
{"type":"Feature","properties":{"fid":150,"id":150,"left":296173.37424139184,"top":1586169.5165241526,"right":297905.42504896072,"bottom":1584669.5165241526,"row_index":14,"col_index":5,"A1_hex_zonal_A1_norm":0.78451882542348228,"A2V3_hex_zonal_A2_norm_fix":0.91430109483251687,"B2_HEXZONAL_B2_norm":0.76808363194951945,"C1_HEXZONAL_C1_norm":0.087588466691462696,"C2_hex_zonal_C2_norm":0.46325031005252648,"LAGUNA HEXMAP copy_D1_norm":0.90839393161471482,"D2_hex_zonal_D2_norm":0.91036903633390709,"B1HEX — B2HEX_B1_norm":0.050980392156862744},"geometry":{"type":"Point","coordinates":[297068.619033678609412,1585448.651433221763]}},
{"type":"Feature","properties":{"fid":151,"id":151,"left":296173.37424139184,"top":1584669.5165241526,"right":297905.42504896072,"bottom":1583169.5165241526,"row_index":15,"col_index":5,"A1_hex_zonal_A1_norm":0.70547553059937163,"A2V3_hex_zonal_A2_norm_fix":0.97621412410377761,"B2_HEXZONAL_B2_norm":0.76252000092570504,"C1_HEXZONAL_C1_norm":0.026260870137826509,"C2_hex_zonal_C2_norm":0.49041256013108148,"LAGUNA HEXMAP copy_D1_norm":0.9580714104328194,"D2_hex_zonal_D2_norm":0.96345772257042439,"B1HEX — B2HEX_B1_norm":0.0},"geometry":{"type":"Point","coordinates":[297418.431433872552589,1584251.777808036655188]}},
{"type":"Feature","properties":{"fid":152,"id":152,"left":296173.37424139184,"top":1583169.5165241526,"right":297905.42504896072,"bottom":1581669.5165241526,"row_index":16,"col_index":5,"A1_hex_zonal_A1_norm":0.86188332174997018,"A2V3_hex_zonal_A2_norm_fix":0.99341874984583234,"B2_HEXZONAL_B2_norm":0.72894770930748864,"C1_HEXZONAL_C1_norm":0.001299673615230769,"C2_hex_zonal_C2_norm":0.5311927973076821,"LAGUNA HEXMAP copy_D1_norm":0.995822673770551,"D2_hex_zonal_D2_norm":0.98915821691887307,"B1HEX — B2HEX_B1_norm":0.0},"geometry":{"type":"Point","coordinates":[297827.875529766199179,1582460.826968469889835]}},
{"type":"Feature","properties":{"fid":163,"id":163,"left":297472.41234706849,"top":1607919.5165241526,"right":299204.46315463737,"bottom":1606419.5165241526,"row_index":0,"col_index":6,"A1_hex_zonal_A1_norm":0.89541465922418373,"A2V3_hex_zonal_A2_norm_fix":0.92171087290782727,"B2_HEXZONAL_B2_norm":0.47576008675770631,"C1_HEXZONAL_C1_norm":0.050414068317734533,"C2_hex_zonal_C2_norm":0.0305743135137105,"LAGUNA HEXMAP copy_D1_norm":0.63784198467952002,"D2_hex_zonal_D2_norm":0.92438140317258333,"B1HEX — B2HEX_B1_norm":0.0},"geometry":{"type":"Point","coordinates":[298180.712475574109703,1606984.802495676791295]}},
{"type":"Feature","properties":{"fid":164,"id":164,"left":297472.41234706849,"top":1606419.5165241526,"right":299204.46315463737,"bottom":1604919.5165241526,"row_index":1,"col_index":6,"A1_hex_zonal_A1_norm":0.86748105053984448,"A2V3_hex_zonal_A2_norm_fix":0.81557795428747826,"B2_HEXZONAL_B2_norm":0.47377118437792731,"C1_HEXZONAL_C1_norm":0.14863346253334273,"C2_hex_zonal_C2_norm":0.039406442067829783,"LAGUNA HEXMAP copy_D1_norm":0.54772208927789001,"D2_hex_zonal_D2_norm":0.80058694231131455,"B1HEX — B2HEX_B1_norm":0.0},"geometry":{"type":"Point","coordinates":[298331.290460920135956,1605661.877688536420465]}},
{"type":"Feature","properties":{"fid":165,"id":165,"left":297472.41234706849,"top":1604919.5165241526,"right":299204.46315463737,"bottom":1603419.5165241526,"row_index":2,"col_index":6,"A1_hex_zonal_A1_norm":0.84087350676584627,"A2V3_hex_zonal_A2_norm_fix":0.72787634829156145,"B2_HEXZONAL_B2_norm":0.43659355944545097,"C1_HEXZONAL_C1_norm":0.27182301936832987,"C2_hex_zonal_C2_norm":0.06049205209811797,"LAGUNA HEXMAP copy_D1_norm":0.41200118084086268,"D2_hex_zonal_D2_norm":0.73445398677888762,"B1HEX — B2HEX_B1_norm":0.0},"geometry":{"type":"Point","coordinates":[298338.437750852957834,1604169.516524152597412]}},
{"type":"Feature","properties":{"fid":166,"id":166,"left":297472.41234706849,"top":1603419.5165241526,"right":299204.46315463737,"bottom":1601919.5165241526,"row_index":3,"col_index":6,"A1_hex_zonal_A1_norm":0.70953218655677364,"A2V3_hex_zonal_A2_norm_fix":0.58766364457063647,"B2_HEXZONAL_B2_norm":0.32739139649075832,"C1_HEXZONAL_C1_norm":0.41217181756197163,"C2_hex_zonal_C2_norm":0.088408442790172598,"LAGUNA HEXMAP copy_D1_norm":0.37826556656282972,"D2_hex_zonal_D2_norm":0.59563213332925957,"B1HEX — B2HEX_B1_norm":0.058823529411764705},"geometry":{"type":"Point","coordinates":[298338.437750852957834,1602669.516524152364582]}},
{"type":"Feature","properties":{"fid":167,"id":167,"left":297472.41234706849,"top":1601919.5165241526,"right":299204.46315463737,"bottom":1600419.5165241526,"row_index":4,"col_index":6,"A1_hex_zonal_A1_norm":0.5447814986757068,"A2V3_hex_zonal_A2_norm_fix":0.41370892495004186,"B2_HEXZONAL_B2_norm":0.34707575872043672,"C1_HEXZONAL_C1_norm":0.58376425128225673,"C2_hex_zonal_C2_norm":0.1190030306170323,"LAGUNA HEXMAP copy_D1_norm":0.32089960828620034,"D2_hex_zonal_D2_norm":0.41948624346696428,"B1HEX — B2HEX_B1_norm":0.0078431372549019607},"geometry":{"type":"Point","coordinates":[298338.437750852957834,1601169.516524152131751]}},
{"type":"Feature","properties":{"fid":168,"id":168,"left":297472.41234706849,"top":1600419.5165241526,"right":299204.46315463737,"bottom":1598919.5165241526,"row_index":5,"col_index":6,"A1_hex_zonal_A1_norm":0.3690952123097867,"A2V3_hex_zonal_A2_norm_fix":0.24284069777845829,"B2_HEXZONAL_B2_norm":0.46583072981990969,"C1_HEXZONAL_C1_norm":0.74805145369681059,"C2_hex_zonal_C2_norm":0.15080286922668834,"LAGUNA HEXMAP copy_D1_norm":0.22010128763567827,"D2_hex_zonal_D2_norm":0.25561023036245045,"B1HEX — B2HEX_B1_norm":0.011764705882352941},"geometry":{"type":"Point","coordinates":[298338.437750852957834,1599669.516524152364582]}},
{"type":"Feature","properties":{"fid":169,"id":169,"left":297472.41234706849,"top":1598919.5165241526,"right":299204.46315463737,"bottom":1597419.5165241526,"row_index":6,"col_index":6,"A1_hex_zonal_A1_norm":0.19236931802613766,"A2V3_hex_zonal_A2_norm_fix":0.16502543593364027,"B2_HEXZONAL_B2_norm":0.59433445100311766,"C1_HEXZONAL_C1_norm":0.82166700313640773,"C2_hex_zonal_C2_norm":0.18322977037692392,"LAGUNA HEXMAP copy_D1_norm":0.13993769514567611,"D2_hex_zonal_D2_norm":0.18942923393615752,"B1HEX — B2HEX_B1_norm":0.0},"geometry":{"type":"Point","coordinates":[298338.437750852957834,1598169.516524152597412]}},
{"type":"Feature","properties":{"fid":170,"id":170,"left":297472.41234706849,"top":1597419.5165241526,"right":299204.46315463737,"bottom":1595919.5165241526,"row_index":7,"col_index":6,"A1_hex_zonal_A1_norm":0.062955490323895802,"A2V3_hex_zonal_A2_norm_fix":0.086057495875785373,"B2_HEXZONAL_B2_norm":0.69771168880731138,"C1_HEXZONAL_C1_norm":0.89815718139529144,"C2_hex_zonal_C2_norm":0.21602022521768194,"LAGUNA HEXMAP copy_D1_norm":0.081303606251745819,"D2_hex_zonal_D2_norm":0.10516956005502442,"B1HEX — B2HEX_B1_norm":0.0},"geometry":{"type":"Point","coordinates":[298338.437750852957834,1596669.516524152364582]}},
{"type":"Feature","properties":{"fid":171,"id":171,"left":297472.41234706849,"top":1595919.5165241526,"right":299204.46315463737,"bottom":1594419.5165241526,"row_index":8,"col_index":6,"A1_hex_zonal_A1_norm":0.0,"A2V3_hex_zonal_A2_norm_fix":0.0,"B2_HEXZONAL_B2_norm":0.76335738007281129,"C1_HEXZONAL_C1_norm":1.0,"C2_hex_zonal_C2_norm":0.24903899680108837,"LAGUNA HEXMAP copy_D1_norm":0.0,"D2_hex_zonal_D2_norm":0.0,"B1HEX — B2HEX_B1_norm":0.0},"geometry":{"type":"Point","coordinates":[298338.437750852957834,1595169.516524152131751]}},
{"type":"Feature","properties":{"fid":172,"id":172,"left":297472.41234706849,"top":1594419.5165241526,"right":299204.46315463737,"bottom":1592919.5165241526,"row_index":9,"col_index":6,"A1_hex_zonal_A1_norm":0.055225019086312277,"A2V3_hex_zonal_A2_norm_fix":0.038749493876468311,"B2_HEXZONAL_B2_norm":0.79307184575369305,"C1_HEXZONAL_C1_norm":0.94719106292941047,"C2_hex_zonal_C2_norm":0.28221008786193874,"LAGUNA HEXMAP copy_D1_norm":0.056338768354053603,"D2_hex_zonal_D2_norm":0.056499097021285083,"B1HEX — B2HEX_B1_norm":0.054901960784313725},"geometry":{"type":"Point","coordinates":[298338.437750852957834,1593669.516524152364582]}},
{"type":"Feature","properties":{"fid":173,"id":173,"left":297472.41234706849,"top":1592919.5165241526,"right":299204.46315463737,"bottom":1591419.5165241526,"row_index":10,"col_index":6,"A1_hex_zonal_A1_norm":0.14680590444618968,"A2V3_hex_zonal_A2_norm_fix":0.18903178051455061,"B2_HEXZONAL_B2_norm":0.80005881500396958,"C1_HEXZONAL_C1_norm":0.79435659468989261,"C2_hex_zonal_C2_norm":0.31548768424271739,"LAGUNA HEXMAP copy_D1_norm":0.18900913994866519,"D2_hex_zonal_D2_norm":0.20798039652550881,"B1HEX — B2HEX_B1_norm":0.13725490196078433},"geometry":{"type":"Point","coordinates":[298338.437750852957834,1592169.516524152597412]}},
{"type":"Feature","properties":{"fid":174,"id":174,"left":297472.41234706849,"top":1591419.5165241526,"right":299204.46315463737,"bottom":1589919.5165241526,"row_index":11,"col_index":6,"A1_hex_zonal_A1_norm":0.28442301608694243,"A2V3_hex_zonal_A2_norm_fix":0.31622020492952374,"B2_HEXZONAL_B2_norm":0.80473793994600273,"C1_HEXZONAL_C1_norm":0.6693716933162055,"C2_hex_zonal_C2_norm":0.34884259153930164,"LAGUNA HEXMAP copy_D1_norm":0.29473554729958529,"D2_hex_zonal_D2_norm":0.33299599150107784,"B1HEX — B2HEX_B1_norm":0.20784313725490197},"geometry":{"type":"Point","coordinates":[298338.437750852957834,1590669.516524152364582]}},
{"type":"Feature","properties":{"fid":175,"id":175,"left":297472.41234706849,"top":1589919.5165241526,"right":299204.46315463737,"bottom":1588419.5165241526,"row_index":12,"col_index":6,"A1_hex_zonal_A1_norm":0.42846252537005192,"A2V3_hex_zonal_A2_norm_fix":0.43804480434091775,"B2_HEXZONAL_B2_norm":0.79893222254198537,"C1_HEXZONAL_C1_norm":0.56805119145841954,"C2_hex_zonal_C2_norm":0.38225535312870418,"LAGUNA HEXMAP copy_D1_norm":0.40446306289317324,"D2_hex_zonal_D2_norm":0.43135171988898957,"B1HEX — B2HEX_B1_norm":0.082352941176470587},"geometry":{"type":"Point","coordinates":[298338.437750852957834,1589169.516524152131751]}},
{"type":"Feature","properties":{"fid":176,"id":176,"left":297472.41234706849,"top":1588419.5165241526,"right":299204.46315463737,"bottom":1586919.5165241526,"row_index":13,"col_index":6,"A1_hex_zonal_A1_norm":0.55299069357914221,"A2V3_hex_zonal_A2_norm_fix":0.59579167917876263,"B2_HEXZONAL_B2_norm":0.7749093216289149,"C1_HEXZONAL_C1_norm":0.42059007051317548,"C2_hex_zonal_C2_norm":0.41571251522884639,"LAGUNA HEXMAP copy_D1_norm":0.57987320338786841,"D2_hex_zonal_D2_norm":0.58293683232793991,"B1HEX — B2HEX_B1_norm":0.22352941176470589},"geometry":{"type":"Point","coordinates":[298338.437750852957834,1587669.516524152364582]}},
{"type":"Feature","properties":{"fid":177,"id":177,"left":297472.41234706849,"top":1586919.5165241526,"right":299204.46315463737,"bottom":1585419.5165241526,"row_index":14,"col_index":6,"A1_hex_zonal_A1_norm":0.62507102369368117,"A2V3_hex_zonal_A2_norm_fix":0.73149420360397188,"B2_HEXZONAL_B2_norm":0.76894262595200125,"C1_HEXZONAL_C1_norm":0.28028428069752021,"C2_hex_zonal_C2_norm":0.44920448550296843,"LAGUNA HEXMAP copy_D1_norm":0.7338289468173439,"D2_hex_zonal_D2_norm":0.72123873297523344,"B1HEX — B2HEX_B1_norm":0.0039215686274509803},"geometry":{"type":"Point","coordinates":[298338.437750852957834,1586169.516524152597412]}},
{"type":"Feature","properties":{"fid":178,"id":178,"left":297472.41234706849,"top":1585419.5165241526,"right":299204.46315463737,"bottom":1583919.5165241526,"row_index":15,"col_index":6,"A1_hex_zonal_A1_norm":0.64232446902598628,"A2V3_hex_zonal_A2_norm_fix":0.85447030628178122,"B2_HEXZONAL_B2_norm":0.77608652396476896,"C1_HEXZONAL_C1_norm":0.15719785094358643,"C2_hex_zonal_C2_norm":0.4827242421483286,"LAGUNA HEXMAP copy_D1_norm":0.84816156214664906,"D2_hex_zonal_D2_norm":0.83569689333042207,"B1HEX — B2HEX_B1_norm":0.0},"geometry":{"type":"Point","coordinates":[298338.437750852957834,1584669.516524152364582]}},
{"type":"Feature","properties":{"fid":179,"id":179,"left":297472.41234706849,"top":1583919.5165241526,"right":299204.46315463737,"bottom":1582419.5165241526,"row_index":16,"col_index":6,"A1_hex_zonal_A1_norm":0.78705307562053128,"A2V3_hex_zonal_A2_norm_fix":0.9167465977842788,"B2_HEXZONAL_B2_norm":0.74784695285288627,"C1_HEXZONAL_C1_norm":0.090556247468728673,"C2_hex_zonal_C2_norm":0.51646038884141621,"LAGUNA HEXMAP copy_D1_norm":0.88482333248207712,"D2_hex_zonal_D2_norm":0.90409338898815095,"B1HEX — B2HEX_B1_norm":0.0},"geometry":{"type":"Point","coordinates":[298396.463832170004025,1583165.997336437692866]}},
{"type":"Feature","properties":{"fid":180,"id":180,"left":297472.41234706849,"top":1582419.5165241526,"right":299204.46315463737,"bottom":1580919.5165241526,"row_index":17,"col_index":6,"A1_hex_zonal_A1_norm":0.92928452639012982,"A2V3_hex_zonal_A2_norm_fix":0.94255262436705978,"B2_HEXZONAL_B2_norm":0.69876592608675647,"C1_HEXZONAL_C1_norm":0.056992171913091104,"C2_hex_zonal_C2_norm":0.54659529487374303,"LAGUNA HEXMAP copy_D1_norm":0.97112719694701954,"D2_hex_zonal_D2_norm":0.94121886463431736,"B1HEX — B2HEX_B1_norm":0.0},"geometry":{"type":"Point","coordinates":[298562.00340062531177,1581831.734902477823198]}},
{"type":"Feature","properties":{"fid":190,"id":190,"left":298771.45045274514,"top":1607169.5165241526,"right":300503.50126031402,"bottom":1605669.5165241526,"row_index":0,"col_index":7,"A1_hex_zonal_A1_norm":0.95954455779009629,"A2V3_hex_zonal_A2_norm_fix":0.95385167792929881,"B2_HEXZONAL_B2_norm":0.45289679336071664,"C1_HEXZONAL_C1_norm":0.034611651897043474,"C2_hex_zonal_C2_norm":0.060328443079366675,"LAGUNA HEXMAP copy_D1_norm":0.47047262766780062,"D2_hex_zonal_D2_norm":0.94549188308537668,"B1HEX — B2HEX_B1_norm":0.0},"geometry":{"type":"Point","coordinates":[299490.287709515949246,1606370.650821876944974]}},
{"type":"Feature","properties":{"fid":191,"id":191,"left":298771.45045274514,"top":1605669.5165241526,"right":300503.50126031402,"bottom":1604169.5165241526,"row_index":1,"col_index":7,"A1_hex_zonal_A1_norm":0.96506870994613103,"A2V3_hex_zonal_A2_norm_fix":0.91286346848262268,"B2_HEXZONAL_B2_norm":0.41103097998435068,"C1_HEXZONAL_C1_norm":0.086770555543890959,"C2_hex_zonal_C2_norm":0.07215054207737924,"LAGUNA HEXMAP copy_D1_norm":0.51505095030106074,"D2_hex_zonal_D2_norm":0.91369794246374303,"B1HEX — B2HEX_B1_norm":0.0},"geometry":{"type":"Point","coordinates":[299600.67839597404236,1604921.164222254417837]}},
{"type":"Feature","properties":{"fid":192,"id":192,"left":298771.45045274514,"top":1604169.5165241526,"right":300503.50126031402,"bottom":1602669.5165241526,"row_index":2,"col_index":7,"A1_hex_zonal_A1_norm":0.84256394370057841,"A2V3_hex_zonal_A2_norm_fix":0.74994023195632464,"B2_HEXZONAL_B2_norm":0.29565555702236357,"C1_HEXZONAL_C1_norm":0.24338279261406703,"C2_hex_zonal_C2_norm":0.092656196540500141,"LAGUNA HEXMAP copy_D1_norm":0.55143018745390082,"D2_hex_zonal_D2_norm":0.75774498785607614,"B1HEX — B2HEX_B1_norm":0.023529411764705882},"geometry":{"type":"Point","coordinates":[299635.801466292701662,1603416.599448142806068]}},
{"type":"Feature","properties":{"fid":193,"id":193,"left":298771.45045274514,"top":1602669.5165241526,"right":300503.50126031402,"bottom":1601169.5165241526,"row_index":3,"col_index":7,"A1_hex_zonal_A1_norm":0.66550149206981124,"A2V3_hex_zonal_A2_norm_fix":0.56907203393614791,"B2_HEXZONAL_B2_norm":0.27371561913471376,"C1_HEXZONAL_C1_norm":0.41499396000282851,"C2_hex_zonal_C2_norm":0.11811046207437632,"LAGUNA HEXMAP copy_D1_norm":0.51050641333052194,"D2_hex_zonal_D2_norm":0.56435303714528129,"B1HEX — B2HEX_B1_norm":0.027450980392156862},"geometry":{"type":"Point","coordinates":[299637.475856529490557,1601919.516524152364582]}},
{"type":"Feature","properties":{"fid":194,"id":194,"left":298771.45045274514,"top":1601169.5165241526,"right":300503.50126031402,"bottom":1599669.5165241526,"row_index":4,"col_index":7,"A1_hex_zonal_A1_norm":0.49733766633565313,"A2V3_hex_zonal_A2_norm_fix":0.41395724947978474,"B2_HEXZONAL_B2_norm":0.39791822244386987,"C1_HEXZONAL_C1_norm":0.55814698362502579,"C2_hex_zonal_C2_norm":0.14661277685227606,"LAGUNA HEXMAP copy_D1_norm":0.40806621990283731,"D2_hex_zonal_D2_norm":0.42007473776813664,"B1HEX — B2HEX_B1_norm":0.12941176470588237},"geometry":{"type":"Point","coordinates":[299637.475856529490557,1600419.516524152364582]}},
{"type":"Feature","properties":{"fid":195,"id":195,"left":298771.45045274514,"top":1599669.5165241526,"right":300503.50126031402,"bottom":1598169.5165241526,"row_index":5,"col_index":7,"A1_hex_zonal_A1_norm":0.34237842493385895,"A2V3_hex_zonal_A2_norm_fix":0.35746487987030151,"B2_HEXZONAL_B2_norm":0.54700486796254344,"C1_HEXZONAL_C1_norm":0.62594672977730048,"C2_hex_zonal_C2_norm":0.1768042486465724,"LAGUNA HEXMAP copy_D1_norm":0.31854188652213322,"D2_hex_zonal_D2_norm":0.38468004258374411,"B1HEX — B2HEX_B1_norm":0.050980392156862744},"geometry":{"type":"Point","coordinates":[299637.475856529490557,1598919.516524152131751]}},
{"type":"Feature","properties":{"fid":196,"id":196,"left":298771.45045274514,"top":1598169.5165241526,"right":300503.50126031402,"bottom":1596669.5165241526,"row_index":6,"col_index":7,"A1_hex_zonal_A1_norm":0.2260153600553112,"A2V3_hex_zonal_A2_norm_fix":0.28497957536469487,"B2_HEXZONAL_B2_norm":0.6686342209198407,"C1_HEXZONAL_C1_norm":0.69390860825840106,"C2_hex_zonal_C2_norm":0.20800096246535824,"LAGUNA HEXMAP copy_D1_norm":0.27031244105195329,"D2_hex_zonal_D2_norm":0.30578425345173454,"B1HEX — B2HEX_B1_norm":0.0},"geometry":{"type":"Point","coordinates":[299637.475856529490557,1597419.516524152597412]}},
{"type":"Feature","properties":{"fid":197,"id":197,"left":298771.45045274514,"top":1596669.5165241526,"right":300503.50126031402,"bottom":1595169.5165241526,"row_index":7,"col_index":7,"A1_hex_zonal_A1_norm":0.10139299719899797,"A2V3_hex_zonal_A2_norm_fix":0.18017413235783886,"B2_HEXZONAL_B2_norm":0.74709501788407384,"C1_HEXZONAL_C1_norm":0.80914061188685737,"C2_hex_zonal_C2_norm":0.23983452177539183,"LAGUNA HEXMAP copy_D1_norm":0.18880021957797233,"D2_hex_zonal_D2_norm":0.18439345326682566,"B1HEX — B2HEX_B1_norm":0.0},"geometry":{"type":"Point","coordinates":[299637.475856529490557,1595919.516524152364582]}},
{"type":"Feature","properties":{"fid":198,"id":198,"left":298771.45045274514,"top":1595169.5165241526,"right":300503.50126031402,"bottom":1593669.5165241526,"row_index":8,"col_index":7,"A1_hex_zonal_A1_norm":0.028101716097826412,"A2V3_hex_zonal_A2_norm_fix":0.07525987262480105,"B2_HEXZONAL_B2_norm":0.78237212845647908,"C1_HEXZONAL_C1_norm":0.94028621720740502,"C2_hex_zonal_C2_norm":0.27209342556694982,"LAGUNA HEXMAP copy_D1_norm":0.10118261063743572,"D2_hex_zonal_D2_norm":0.056940049687330463,"B1HEX — B2HEX_B1_norm":0.0},"geometry":{"type":"Point","coordinates":[299637.475856529490557,1594419.516524152364582]}},
{"type":"Feature","properties":{"fid":199,"id":199,"left":298771.45045274514,"top":1593669.5165241526,"right":300503.50126031402,"bottom":1592169.5165241526,"row_index":9,"col_index":7,"A1_hex_zonal_A1_norm":0.033283971814287994,"A2V3_hex_zonal_A2_norm_fix":0.053029401669475451,"B2_HEXZONAL_B2_norm":0.78503390692433017,"C1_HEXZONAL_C1_norm":0.96065884060900819,"C2_hex_zonal_C2_norm":0.30464906673076891,"LAGUNA HEXMAP copy_D1_norm":0.053288393585719129,"D2_hex_zonal_D2_norm":0.04615232476062503,"B1HEX — B2HEX_B1_norm":0.0},"geometry":{"type":"Point","coordinates":[299637.475856529490557,1592919.516524152131751]}},
{"type":"Feature","properties":{"fid":200,"id":200,"left":298771.45045274514,"top":1592169.5165241526,"right":300503.50126031402,"bottom":1590669.5165241526,"row_index":10,"col_index":7,"A1_hex_zonal_A1_norm":0.11477171988254098,"A2V3_hex_zonal_A2_norm_fix":0.118687249765147,"B2_HEXZONAL_B2_norm":0.77317615737549539,"C1_HEXZONAL_C1_norm":0.87186938415033,"C2_hex_zonal_C2_norm":0.33741930354677724,"LAGUNA HEXMAP copy_D1_norm":0.10440810637109044,"D2_hex_zonal_D2_norm":0.13249563817551224,"B1HEX — B2HEX_B1_norm":0.078431372549019607},"geometry":{"type":"Point","coordinates":[299637.475856529490557,1591419.516524152364582]}},
{"type":"Feature","properties":{"fid":201,"id":201,"left":298771.45045274514,"top":1590669.5165241526,"right":300503.50126031402,"bottom":1589169.5165241526,"row_index":11,"col_index":7,"A1_hex_zonal_A1_norm":0.25280882642847236,"A2V3_hex_zonal_A2_norm_fix":0.2551382475294226,"B2_HEXZONAL_B2_norm":0.75814749398764947,"C1_HEXZONAL_C1_norm":0.76170482936085604,"C2_hex_zonal_C2_norm":0.37034944173504464,"LAGUNA HEXMAP copy_D1_norm":0.25013961234944093,"D2_hex_zonal_D2_norm":0.24417824269789068,"B1HEX — B2HEX_B1_norm":0.054901960784313725},"geometry":{"type":"Point","coordinates":[299637.475856529490557,1589919.516524152364582]}},
{"type":"Feature","properties":{"fid":202,"id":202,"left":298771.45045274514,"top":1589169.5165241526,"right":300503.50126031402,"bottom":1587669.5165241526,"row_index":12,"col_index":7,"A1_hex_zonal_A1_norm":0.36983965285600651,"A2V3_hex_zonal_A2_norm_fix":0.40380551983523927,"B2_HEXZONAL_B2_norm":0.74411147645802345,"C1_HEXZONAL_C1_norm":0.61367746977825144,"C2_hex_zonal_C2_norm":0.40340176159940055,"LAGUNA HEXMAP copy_D1_norm":0.41024419836177606,"D2_hex_zonal_D2_norm":0.39415785318707608,"B1HEX — B2HEX_B1_norm":0.22352941176470589},"geometry":{"type":"Point","coordinates":[299637.475856529490557,1588419.516524152364582]}},
{"type":"Feature","properties":{"fid":203,"id":203,"left":298771.45045274514,"top":1587669.5165241526,"right":300503.50126031402,"bottom":1586169.5165241526,"row_index":13,"col_index":7,"A1_hex_zonal_A1_norm":0.44876086242624413,"A2V3_hex_zonal_A2_norm_fix":0.53544630153834794,"B2_HEXZONAL_B2_norm":0.74411106890519418,"C1_HEXZONAL_C1_norm":0.48153868814967626,"C2_hex_zonal_C2_norm":0.43654945454839139,"LAGUNA HEXMAP copy_D1_norm":0.54634195391634954,"D2_hex_zonal_D2_norm":0.52136347014344231,"B1HEX — B2HEX_B1_norm":0.0078431372549019607},"geometry":{"type":"Point","coordinates":[299637.475856529490557,1586919.516524152131751]}},
{"type":"Feature","properties":{"fid":204,"id":204,"left":298771.45045274514,"top":1586169.5165241526,"right":300503.50126031402,"bottom":1584669.5165241526,"row_index":14,"col_index":7,"A1_hex_zonal_A1_norm":0.5057822194184598,"A2V3_hex_zonal_A2_norm_fix":0.65774423062086407,"B2_HEXZONAL_B2_norm":0.76607775881523632,"C1_HEXZONAL_C1_norm":0.35990305801227696,"C2_hex_zonal_C2_norm":0.46977297163382209,"LAGUNA HEXMAP copy_D1_norm":0.65933168619392946,"D2_hex_zonal_D2_norm":0.63786856144071735,"B1HEX — B2HEX_B1_norm":0.0},"geometry":{"type":"Point","coordinates":[299637.475856529490557,1585419.516524152364582]}},
{"type":"Feature","properties":{"fid":205,"id":205,"left":298771.45045274514,"top":1584669.5165241526,"right":300503.50126031402,"bottom":1583169.5165241526,"row_index":15,"col_index":7,"A1_hex_zonal_A1_norm":0.65745877200928871,"A2V3_hex_zonal_A2_norm_fix":0.74363191191747613,"B2_HEXZONAL_B2_norm":0.76683422780926691,"C1_HEXZONAL_C1_norm":0.27474274789632069,"C2_hex_zonal_C2_norm":0.50305773505905038,"LAGUNA HEXMAP copy_D1_norm":0.72151127754719835,"D2_hex_zonal_D2_norm":0.72315215129224808,"B1HEX — B2HEX_B1_norm":0.0},"geometry":{"type":"Point","coordinates":[299637.475856529490557,1583919.516524152364582]}},
{"type":"Feature","properties":{"fid":206,"id":206,"left":298771.45045274514,"top":1583169.5165241526,"right":300503.50126031402,"bottom":1581669.5165241526,"row_index":16,"col_index":7,"A1_hex_zonal_A1_norm":0.79886918589639655,"A2V3_hex_zonal_A2_norm_fix":0.79220575701132634,"B2_HEXZONAL_B2_norm":0.71466960539765867,"C1_HEXZONAL_C1_norm":0.21207555348807178,"C2_hex_zonal_C2_norm":0.53639266006365938,"LAGUNA HEXMAP copy_D1_norm":0.8054103014689924,"D2_hex_zonal_D2_norm":0.79208759321123412,"B1HEX — B2HEX_B1_norm":0.0},"geometry":{"type":"Point","coordinates":[299637.475856529490557,1582419.516524152364582]}},
{"type":"Feature","properties":{"fid":207,"id":207,"left":298771.45045274514,"top":1581669.5165241526,"right":300503.50126031402,"bottom":1580169.5165241526,"row_index":17,"col_index":7,"A1_hex_zonal_A1_norm":0.87137307741738002,"A2V3_hex_zonal_A2_norm_fix":0.91525811167801829,"B2_HEXZONAL_B2_norm":0.6384746302242299,"C1_HEXZONAL_C1_norm":0.087637053054317779,"C2_hex_zonal_C2_norm":0.56836669234689652,"LAGUNA HEXMAP copy_D1_norm":0.94310290847007228,"D2_hex_zonal_D2_norm":0.91518628309805639,"B1HEX — B2HEX_B1_norm":0.0},"geometry":{"type":"Point","coordinates":[299715.829124278679956,1580991.369893012801185]}},
{"type":"Feature","properties":{"fid":208,"id":208,"left":298771.45045274514,"top":1580169.5165241526,"right":300503.50126031402,"bottom":1578669.5165241526,"row_index":18,"col_index":7,"A1_hex_zonal_A1_norm":0.97025807580339329,"A2V3_hex_zonal_A2_norm_fix":0.98357127608112038,"B2_HEXZONAL_B2_norm":0.56128042116396326,"C1_HEXZONAL_C1_norm":0.015354677485462718,"C2_hex_zonal_C2_norm":0.59500806764689929,"LAGUNA HEXMAP copy_D1_norm":0.96852349731019494,"D2_hex_zonal_D2_norm":0.98046022950301759,"B1HEX — B2HEX_B1_norm":0.0},"geometry":{"type":"Point","coordinates":[300093.009024724597111,1579852.901845324086025]}},
{"type":"Feature","properties":{"fid":218,"id":218,"left":300070.48855842178,"top":1606419.5165241526,"right":301802.53936599067,"bottom":1604919.5165241526,"row_index":1,"col_index":8,"A1_hex_zonal_A1_norm":0.9325193562045595,"A2V3_hex_zonal_A2_norm_fix":0.96299140565625241,"B2_HEXZONAL_B2_norm":0.41980768109288691,"C1_HEXZONAL_C1_norm":0.017812972852639563,"C2_hex_zonal_C2_norm":0.094820178470087543,"LAGUNA HEXMAP copy_D1_norm":0.6197897341023888,"D2_hex_zonal_D2_norm":0.96125820836651965,"B1HEX — B2HEX_B1_norm":0.0},"geometry":{"type":"Point","coordinates":[300882.028386931226123,1605379.672555891331285]}},
{"type":"Feature","properties":{"fid":219,"id":219,"left":300070.48855842178,"top":1604919.5165241526,"right":301802.53936599067,"bottom":1603419.5165241526,"row_index":2,"col_index":8,"A1_hex_zonal_A1_norm":0.86667677276162158,"A2V3_hex_zonal_A2_norm_fix":0.86538279760619408,"B2_HEXZONAL_B2_norm":0.37532534799028783,"C1_HEXZONAL_C1_norm":0.11784759121884644,"C2_hex_zonal_C2_norm":0.10753438914112627,"LAGUNA HEXMAP copy_D1_norm":0.70619253735035747,"D2_hex_zonal_D2_norm":0.85690094989962873,"B1HEX — B2HEX_B1_norm":0.0078431372549019607},"geometry":{"type":"Point","coordinates":[301005.346509941969998,1604200.079178771935403]}},
{"type":"Feature","properties":{"fid":220,"id":220,"left":300070.48855842178,"top":1603419.5165241526,"right":301802.53936599067,"bottom":1601919.5165241526,"row_index":3,"col_index":8,"A1_hex_zonal_A1_norm":0.79045459880552671,"A2V3_hex_zonal_A2_norm_fix":0.73422034920616275,"B2_HEXZONAL_B2_norm":0.32080441668915771,"C1_HEXZONAL_C1_norm":0.23211891120215983,"C2_hex_zonal_C2_norm":0.12551271820466087,"LAGUNA HEXMAP copy_D1_norm":0.69902767760660267,"D2_hex_zonal_D2_norm":0.71056417926158932,"B1HEX — B2HEX_B1_norm":0.023529411764705882},"geometry":{"type":"Point","coordinates":[300936.513962206139695,1602669.516524152364582]}},
{"type":"Feature","properties":{"fid":221,"id":221,"left":300070.48855842178,"top":1601919.5165241526,"right":301802.53936599067,"bottom":1600419.5165241526,"row_index":4,"col_index":8,"A1_hex_zonal_A1_norm":0.652747969644487,"A2V3_hex_zonal_A2_norm_fix":0.59135810851216075,"B2_HEXZONAL_B2_norm":0.35961873648302889,"C1_HEXZONAL_C1_norm":0.36999232919084624,"C2_hex_zonal_C2_norm":0.14935252640303037,"LAGUNA HEXMAP copy_D1_norm":0.59372561907564736,"D2_hex_zonal_D2_norm":0.59064936127747725,"B1HEX — B2HEX_B1_norm":0.1803921568627451},"geometry":{"type":"Point","coordinates":[300936.513962206139695,1601169.516524152131751]}},
{"type":"Feature","properties":{"fid":222,"id":222,"left":300070.48855842178,"top":1600419.5165241526,"right":301802.53936599067,"bottom":1598919.5165241526,"row_index":5,"col_index":8,"A1_hex_zonal_A1_norm":0.51385816694190434,"A2V3_hex_zonal_A2_norm_fix":0.54314241474353397,"B2_HEXZONAL_B2_norm":0.48448952447414773,"C1_HEXZONAL_C1_norm":0.43630465916641709,"C2_hex_zonal_C2_norm":0.17617692027708565,"LAGUNA HEXMAP copy_D1_norm":0.48856108891377459,"D2_hex_zonal_D2_norm":0.57452263912623103,"B1HEX — B2HEX_B1_norm":0.14117647058823529},"geometry":{"type":"Point","coordinates":[300936.513962206139695,1599669.516524152364582]}},
{"type":"Feature","properties":{"fid":223,"id":223,"left":300070.48855842178,"top":1598919.5165241526,"right":301802.53936599067,"bottom":1597419.5165241526,"row_index":6,"col_index":8,"A1_hex_zonal_A1_norm":0.40763123191343653,"A2V3_hex_zonal_A2_norm_fix":0.47994283974621965,"B2_HEXZONAL_B2_norm":0.62456007526384338,"C1_HEXZONAL_C1_norm":0.49015240653893893,"C2_hex_zonal_C2_norm":0.20489815382413232,"LAGUNA HEXMAP copy_D1_norm":0.45830063415759281,"D2_hex_zonal_D2_norm":0.50595257318143738,"B1HEX — B2HEX_B1_norm":0.20784313725490197},"geometry":{"type":"Point","coordinates":[300936.513962206139695,1598169.516524152597412]}},
{"type":"Feature","properties":{"fid":224,"id":224,"left":300070.48855842178,"top":1597419.5165241526,"right":301802.53936599067,"bottom":1595919.5165241526,"row_index":7,"col_index":8,"A1_hex_zonal_A1_norm":0.27515870186070823,"A2V3_hex_zonal_A2_norm_fix":0.37220133849187464,"B2_HEXZONAL_B2_norm":0.74170872692367906,"C1_HEXZONAL_C1_norm":0.61004896255956387,"C2_hex_zonal_C2_norm":0.23486391684756369,"LAGUNA HEXMAP copy_D1_norm":0.37658728241087436,"D2_hex_zonal_D2_norm":0.37914691120158928,"B1HEX — B2HEX_B1_norm":0.062745098039215685},"geometry":{"type":"Point","coordinates":[300936.513962206139695,1596669.516524152364582]}},
{"type":"Feature","properties":{"fid":225,"id":225,"left":300070.48855842178,"top":1595919.5165241526,"right":301802.53936599067,"bottom":1594419.5165241526,"row_index":8,"col_index":8,"A1_hex_zonal_A1_norm":0.18362080034288875,"A2V3_hex_zonal_A2_norm_fix":0.26365269937682534,"B2_HEXZONAL_B2_norm":0.82394764322661818,"C1_HEXZONAL_C1_norm":0.74221910954597725,"C2_hex_zonal_C2_norm":0.26567640065385362,"LAGUNA HEXMAP copy_D1_norm":0.29134054954920918,"D2_hex_zonal_D2_norm":0.24814485621922788,"B1HEX — B2HEX_B1_norm":0.0},"geometry":{"type":"Point","coordinates":[300936.513962206139695,1595169.516524152131751]}},
{"type":"Feature","properties":{"fid":226,"id":226,"left":300070.48855842178,"top":1594419.5165241526,"right":301802.53936599067,"bottom":1592919.5165241526,"row_index":9,"col_index":8,"A1_hex_zonal_A1_norm":0.18224651205627451,"A2V3_hex_zonal_A2_norm_fix":0.21396919368416611,"B2_HEXZONAL_B2_norm":0.83215542605844584,"C1_HEXZONAL_C1_norm":0.81959324204488149,"C2_hex_zonal_C2_norm":0.29708520448496384,"LAGUNA HEXMAP copy_D1_norm":0.24012559459518512,"D2_hex_zonal_D2_norm":0.18793069879068347,"B1HEX — B2HEX_B1_norm":0.0},"geometry":{"type":"Point","coordinates":[300936.513962206139695,1593669.516524152364582]}},
{"type":"Feature","properties":{"fid":227,"id":227,"left":300070.48855842178,"top":1592919.5165241526,"right":301802.53936599067,"bottom":1591419.5165241526,"row_index":10,"col_index":8,"A1_hex_zonal_A1_norm":0.14377100678610599,"A2V3_hex_zonal_A2_norm_fix":0.13698692371677135,"B2_HEXZONAL_B2_norm":0.79434329868391751,"C1_HEXZONAL_C1_norm":0.89723580636845091,"C2_hex_zonal_C2_norm":0.32892716478089629,"LAGUNA HEXMAP copy_D1_norm":0.16301047373726685,"D2_hex_zonal_D2_norm":0.10450617806456797,"B1HEX — B2HEX_B1_norm":0.0},"geometry":{"type":"Point","coordinates":[300936.513962206139695,1592169.516524152597412]}},
{"type":"Feature","properties":{"fid":228,"id":228,"left":300070.48855842178,"top":1591419.5165241526,"right":301802.53936599067,"bottom":1589919.5165241526,"row_index":11,"col_index":8,"A1_hex_zonal_A1_norm":0.12440120860847614,"A2V3_hex_zonal_A2_norm_fix":0.11077251005337463,"B2_HEXZONAL_B2_norm":0.75209733403863888,"C1_HEXZONAL_C1_norm":0.92161794044674006,"C2_hex_zonal_C2_norm":0.36109238469154553,"LAGUNA HEXMAP copy_D1_norm":0.091798518100485893,"D2_hex_zonal_D2_norm":0.089512651805309207,"B1HEX — B2HEX_B1_norm":0.0},"geometry":{"type":"Point","coordinates":[300936.513962206139695,1590669.516524152364582]}},
{"type":"Feature","properties":{"fid":229,"id":229,"left":300070.48855842178,"top":1589919.5165241526,"right":301802.53936599067,"bottom":1588419.5165241526,"row_index":12,"col_index":8,"A1_hex_zonal_A1_norm":0.21208181528452452,"A2V3_hex_zonal_A2_norm_fix":0.22006706142954946,"B2_HEXZONAL_B2_norm":0.7206897210615848,"C1_HEXZONAL_C1_norm":0.80593554789089572,"C2_hex_zonal_C2_norm":0.39350457971097202,"LAGUNA HEXMAP copy_D1_norm":0.23081198627549304,"D2_hex_zonal_D2_norm":0.20349742763697365,"B1HEX — B2HEX_B1_norm":0.082352941176470587},"geometry":{"type":"Point","coordinates":[300936.513962206139695,1589169.516524152131751]}},
{"type":"Feature","properties":{"fid":230,"id":230,"left":300070.48855842178,"top":1588419.5165241526,"right":301802.53936599067,"bottom":1586919.5165241526,"row_index":13,"col_index":8,"A1_hex_zonal_A1_norm":0.28089699829720716,"A2V3_hex_zonal_A2_norm_fix":0.3448119277794689,"B2_HEXZONAL_B2_norm":0.70585844569746303,"C1_HEXZONAL_C1_norm":0.68219271116038216,"C2_hex_zonal_C2_norm":0.42610935650030773,"LAGUNA HEXMAP copy_D1_norm":0.35712548301427816,"D2_hex_zonal_D2_norm":0.32138725830481285,"B1HEX — B2HEX_B1_norm":0.054901960784313725},"geometry":{"type":"Point","coordinates":[300936.513962206139695,1587669.516524152364582]}},
{"type":"Feature","properties":{"fid":231,"id":231,"left":300070.48855842178,"top":1586919.5165241526,"right":301802.53936599067,"bottom":1585419.5165241526,"row_index":14,"col_index":8,"A1_hex_zonal_A1_norm":0.34770427140133386,"A2V3_hex_zonal_A2_norm_fix":0.46465609032806443,"B2_HEXZONAL_B2_norm":0.71266442000877372,"C1_HEXZONAL_C1_norm":0.56323371628436092,"C2_hex_zonal_C2_norm":0.45886699394014385,"LAGUNA HEXMAP copy_D1_norm":0.4693302441728131,"D2_hex_zonal_D2_norm":0.43884420305748184,"B1HEX — B2HEX_B1_norm":0.0},"geometry":{"type":"Point","coordinates":[300936.513962206139695,1586169.516524152597412]}},
{"type":"Feature","properties":{"fid":232,"id":232,"left":300070.48855842178,"top":1585419.5165241526,"right":301802.53936599067,"bottom":1583919.5165241526,"row_index":15,"col_index":8,"A1_hex_zonal_A1_norm":0.49336318185280092,"A2V3_hex_zonal_A2_norm_fix":0.55700437376576417,"B2_HEXZONAL_B2_norm":0.71691600474897343,"C1_HEXZONAL_C1_norm":0.47162323420166069,"C2_hex_zonal_C2_norm":0.49174787078820609,"LAGUNA HEXMAP copy_D1_norm":0.54515056544749796,"D2_hex_zonal_D2_norm":0.52890223722632357,"B1HEX — B2HEX_B1_norm":0.0},"geometry":{"type":"Point","coordinates":[300936.513962206139695,1584669.516524152364582]}},
{"type":"Feature","properties":{"fid":233,"id":233,"left":300070.48855842178,"top":1583919.5165241526,"right":301802.53936599067,"bottom":1582419.5165241526,"row_index":16,"col_index":8,"A1_hex_zonal_A1_norm":0.62162486876989442,"A2V3_hex_zonal_A2_norm_fix":0.61242838067321859,"B2_HEXZONAL_B2_norm":0.68168108863035681,"C1_HEXZONAL_C1_norm":0.40379297982235568,"C2_hex_zonal_C2_norm":0.52472947842029627,"LAGUNA HEXMAP copy_D1_norm":0.62472900229218231,"D2_hex_zonal_D2_norm":0.60531143690758604,"B1HEX — B2HEX_B1_norm":0.0},"geometry":{"type":"Point","coordinates":[300936.513962206139695,1583169.516524152131751]}},
{"type":"Feature","properties":{"fid":234,"id":234,"left":300070.48855842178,"top":1582419.5165241526,"right":301802.53936599067,"bottom":1580919.5165241526,"row_index":17,"col_index":8,"A1_hex_zonal_A1_norm":0.75919287064537644,"A2V3_hex_zonal_A2_norm_fix":0.74814763013544072,"B2_HEXZONAL_B2_norm":0.61268876275714679,"C1_HEXZONAL_C1_norm":0.26446368670583875,"C2_hex_zonal_C2_norm":0.55779442856762762,"LAGUNA HEXMAP copy_D1_norm":0.75747636566364895,"D2_hex_zonal_D2_norm":0.74353628373692171,"B1HEX — B2HEX_B1_norm":0.0},"geometry":{"type":"Point","coordinates":[300936.513962206139695,1581669.516524152364582]}},
{"type":"Feature","properties":{"fid":235,"id":235,"left":300070.48855842178,"top":1580919.5165241526,"right":301802.53936599067,"bottom":1579419.5165241526,"row_index":18,"col_index":8,"A1_hex_zonal_A1_norm":0.8956783346609738,"A2V3_hex_zonal_A2_norm_fix":0.88436900349477077,"B2_HEXZONAL_B2_norm":0.53565537499908134,"C1_HEXZONAL_C1_norm":0.12155504173207048,"C2_hex_zonal_C2_norm":0.59091947314056348,"LAGUNA HEXMAP copy_D1_norm":0.88948055658696212,"D2_hex_zonal_D2_norm":0.87806428059829589,"B1HEX — B2HEX_B1_norm":0.0},"geometry":{"type":"Point","coordinates":[300937.729643181199208,1580170.059908830095083]}},
{"type":"Feature","properties":{"fid":236,"id":236,"left":300070.48855842178,"top":1579419.5165241526,"right":301802.53936599067,"bottom":1577919.5165241526,"row_index":19,"col_index":8,"A1_hex_zonal_A1_norm":0.94225851406566852,"A2V3_hex_zonal_A2_norm_fix":0.96246390874369747,"B2_HEXZONAL_B2_norm":0.46071943876949406,"C1_HEXZONAL_C1_norm":0.039359671868238806,"C2_hex_zonal_C2_norm":0.61797399331509717,"LAGUNA HEXMAP copy_D1_norm":0.89775432971955549,"D2_hex_zonal_D2_norm":0.95489653268071362,"B1HEX — B2HEX_B1_norm":0.0},"geometry":{"type":"Point","coordinates":[301189.677640112000518,1578989.397097902372479]}},
{"type":"Feature","properties":{"fid":245,"id":245,"left":301369.52666409843,"top":1605669.5165241526,"right":303101.57747166732,"bottom":1604169.5165241526,"row_index":1,"col_index":9,"A1_hex_zonal_A1_norm":0.86746640111355899,"A2V3_hex_zonal_A2_norm_fix":0.96760546697809546,"B2_HEXZONAL_B2_norm":0.41551569131053689,"C1_HEXZONAL_C1_norm":0.03650426996535186,"C2_hex_zonal_C2_norm":0.12157106031718526,"LAGUNA HEXMAP copy_D1_norm":0.7696630986775459,"D2_hex_zonal_D2_norm":0.95745970019773474,"B1HEX — B2HEX_B1_norm":0.019607843137254902},"geometry":{"type":"Point","coordinates":[301911.724395901779644,1604692.35600336571224]}},
{"type":"Feature","properties":{"fid":246,"id":246,"left":301369.52666409843,"top":1604169.5165241526,"right":303101.57747166732,"bottom":1602669.5165241526,"row_index":2,"col_index":9,"A1_hex_zonal_A1_norm":0.93256222085484086,"A2V3_hex_zonal_A2_norm_fix":0.91159889644942249,"B2_HEXZONAL_B2_norm":0.39947783978626772,"C1_HEXZONAL_C1_norm":0.063329468442053852,"C2_hex_zonal_C2_norm":0.13931431037969519,"LAGUNA HEXMAP copy_D1_norm":0.88123263411351005,"D2_hex_zonal_D2_norm":0.89005348255775918,"B1HEX — B2HEX_B1_norm":0.035294117647058823},"geometry":{"type":"Point","coordinates":[302169.39411003125133,1603358.816536653321236]}},
{"type":"Feature","properties":{"fid":247,"id":247,"left":301369.52666409843,"top":1602669.5165241526,"right":303101.57747166732,"bottom":1601169.5165241526,"row_index":3,"col_index":9,"A1_hex_zonal_A1_norm":0.8082026459126096,"A2V3_hex_zonal_A2_norm_fix":0.7782833445361419,"B2_HEXZONAL_B2_norm":0.41868833724906895,"C1_HEXZONAL_C1_norm":0.18904662013909146,"C2_hex_zonal_C2_norm":0.15871403193468939,"LAGUNA HEXMAP copy_D1_norm":0.77269285945535182,"D2_hex_zonal_D2_norm":0.76831767156794095,"B1HEX — B2HEX_B1_norm":0.0039215686274509803},"geometry":{"type":"Point","coordinates":[302235.552067882847041,1601919.516524152364582]}},
{"type":"Feature","properties":{"fid":248,"id":248,"left":301369.52666409843,"top":1601169.5165241526,"right":303101.57747166732,"bottom":1599669.5165241526,"row_index":4,"col_index":9,"A1_hex_zonal_A1_norm":0.69074314205385878,"A2V3_hex_zonal_A2_norm_fix":0.71916643400671854,"B2_HEXZONAL_B2_norm":0.50027213512289714,"C1_HEXZONAL_C1_norm":0.26022752545007866,"C2_hex_zonal_C2_norm":0.18142149616093767,"LAGUNA HEXMAP copy_D1_norm":0.63778332583096109,"D2_hex_zonal_D2_norm":0.74873290517775837,"B1HEX — B2HEX_B1_norm":0.019607843137254902},"geometry":{"type":"Point","coordinates":[302235.552067882847041,1600419.516524152364582]}},
{"type":"Feature","properties":{"fid":249,"id":249,"left":301369.52666409843,"top":1599669.5165241526,"right":303101.57747166732,"bottom":1598169.5165241526,"row_index":5,"col_index":9,"A1_hex_zonal_A1_norm":0.5868476394773019,"A2V3_hex_zonal_A2_norm_fix":0.67845003721552266,"B2_HEXZONAL_B2_norm":0.62095259683893622,"C1_HEXZONAL_C1_norm":0.28880022121318577,"C2_hex_zonal_C2_norm":0.20693536632141812,"LAGUNA HEXMAP copy_D1_norm":0.64365338991371113,"D2_hex_zonal_D2_norm":0.70505193245298203,"B1HEX — B2HEX_B1_norm":0.19215686274509805},"geometry":{"type":"Point","coordinates":[302235.552067882847041,1598919.516524152131751]}},
{"type":"Feature","properties":{"fid":250,"id":250,"left":301369.52666409843,"top":1598169.5165241526,"right":303101.57747166732,"bottom":1596669.5165241526,"row_index":6,"col_index":9,"A1_hex_zonal_A1_norm":0.44212532665229998,"A2V3_hex_zonal_A2_norm_fix":0.56849104514079984,"B2_HEXZONAL_B2_norm":0.74849595526041934,"C1_HEXZONAL_C1_norm":0.41482890016643759,"C2_hex_zonal_C2_norm":0.23439706183483142,"LAGUNA HEXMAP copy_D1_norm":0.56205836172429291,"D2_hex_zonal_D2_norm":0.57001273688424248,"B1HEX — B2HEX_B1_norm":0.12156862745098039},"geometry":{"type":"Point","coordinates":[302235.552067882847041,1597419.516524152597412]}},
{"type":"Feature","properties":{"fid":251,"id":251,"left":301369.52666409843,"top":1596669.5165241526,"right":303101.57747166732,"bottom":1595169.5165241526,"row_index":7,"col_index":9,"A1_hex_zonal_A1_norm":0.32917402966889964,"A2V3_hex_zonal_A2_norm_fix":0.45703443905089214,"B2_HEXZONAL_B2_norm":0.86225529116062472,"C1_HEXZONAL_C1_norm":0.54243134362815226,"C2_hex_zonal_C2_norm":0.26323117263864193,"LAGUNA HEXMAP copy_D1_norm":0.48127073288921063,"D2_hex_zonal_D2_norm":0.44150171907203961,"B1HEX — B2HEX_B1_norm":0.074509803921568626},"geometry":{"type":"Point","coordinates":[302235.552067882847041,1595919.516524152364582]}},
{"type":"Feature","properties":{"fid":252,"id":252,"left":301369.52666409843,"top":1595169.5165241526,"right":303101.57747166732,"bottom":1593669.5165241526,"row_index":8,"col_index":9,"A1_hex_zonal_A1_norm":0.34566323882064864,"A2V3_hex_zonal_A2_norm_fix":0.40466709044868343,"B2_HEXZONAL_B2_norm":0.91182831515564045,"C1_HEXZONAL_C1_norm":0.62024661884958232,"C2_hex_zonal_C2_norm":0.29305301447602272,"LAGUNA HEXMAP copy_D1_norm":0.42458183958156437,"D2_hex_zonal_D2_norm":0.38313628437384584,"B1HEX — B2HEX_B1_norm":0.0},"geometry":{"type":"Point","coordinates":[302235.552067882847041,1594419.516524152364582]}},
{"type":"Feature","properties":{"fid":253,"id":253,"left":301369.52666409843,"top":1593669.5165241526,"right":303101.57747166732,"bottom":1592169.5165241526,"row_index":9,"col_index":9,"A1_hex_zonal_A1_norm":0.322798671926528,"A2V3_hex_zonal_A2_norm_fix":0.33623542932416739,"B2_HEXZONAL_B2_norm":0.85338809967839235,"C1_HEXZONAL_C1_norm":0.69343294071780581,"C2_hex_zonal_C2_norm":0.32360198866587564,"LAGUNA HEXMAP copy_D1_norm":0.35348250235121548,"D2_hex_zonal_D2_norm":0.30440562994258613,"B1HEX — B2HEX_B1_norm":0.0},"geometry":{"type":"Point","coordinates":[302235.552067882847041,1592919.516524152131751]}},
{"type":"Feature","properties":{"fid":254,"id":254,"left":301369.52666409843,"top":1592169.5165241526,"right":303101.57747166732,"bottom":1590669.5165241526,"row_index":10,"col_index":9,"A1_hex_zonal_A1_norm":0.25446753296044422,"A2V3_hex_zonal_A2_norm_fix":0.244378650048372,"B2_HEXZONAL_B2_norm":0.77367113756358896,"C1_HEXZONAL_C1_norm":0.78487942577015835,"C2_hex_zonal_C2_norm":0.35469806293925876,"LAGUNA HEXMAP copy_D1_norm":0.25527242248450488,"D2_hex_zonal_D2_norm":0.21837494368419974,"B1HEX — B2HEX_B1_norm":0.0},"geometry":{"type":"Point","coordinates":[302235.552067882847041,1591419.516524152364582]}},
{"type":"Feature","properties":{"fid":255,"id":255,"left":301369.52666409843,"top":1590669.5165241526,"right":303101.57747166732,"bottom":1589169.5165241526,"row_index":11,"col_index":9,"A1_hex_zonal_A1_norm":0.27351000017221549,"A2V3_hex_zonal_A2_norm_fix":0.24384466867600008,"B2_HEXZONAL_B2_norm":0.71484827364663617,"C1_HEXZONAL_C1_norm":0.78487251617425069,"C2_hex_zonal_C2_norm":0.3862141643718825,"LAGUNA HEXMAP copy_D1_norm":0.25740669959037743,"D2_hex_zonal_D2_norm":0.22290226445635331,"B1HEX — B2HEX_B1_norm":0.0},"geometry":{"type":"Point","coordinates":[302235.552067882847041,1589919.516524152364582]}},
{"type":"Feature","properties":{"fid":256,"id":256,"left":301369.52666409843,"top":1589169.5165241526,"right":303101.57747166732,"bottom":1587669.5165241526,"row_index":12,"col_index":9,"A1_hex_zonal_A1_norm":0.33873296648042128,"A2V3_hex_zonal_A2_norm_fix":0.30442218584211644,"B2_HEXZONAL_B2_norm":0.67800123318972361,"C1_HEXZONAL_C1_norm":0.72339812484678201,"C2_hex_zonal_C2_norm":0.41805867535018049,"LAGUNA HEXMAP copy_D1_norm":0.32758763486038389,"D2_hex_zonal_D2_norm":0.28147347335452677,"B1HEX — B2HEX_B1_norm":0.0},"geometry":{"type":"Point","coordinates":[302235.552067882847041,1588419.516524152364582]}},
{"type":"Feature","properties":{"fid":257,"id":257,"left":301369.52666409843,"top":1587669.5165241526,"right":303101.57747166732,"bottom":1586169.5165241526,"row_index":13,"col_index":9,"A1_hex_zonal_A1_norm":0.35748254953588632,"A2V3_hex_zonal_A2_norm_fix":0.34296754000433005,"B2_HEXZONAL_B2_norm":0.66061856649692929,"C1_HEXZONAL_C1_norm":0.68547408438711732,"C2_hex_zonal_C2_norm":0.45016420832845189,"LAGUNA HEXMAP copy_D1_norm":0.34794494334447468,"D2_hex_zonal_D2_norm":0.31789652806552438,"B1HEX — B2HEX_B1_norm":0.0},"geometry":{"type":"Point","coordinates":[302235.552067882847041,1586919.516524152131751]}},
{"type":"Feature","properties":{"fid":258,"id":258,"left":301369.52666409843,"top":1586169.5165241526,"right":303101.57747166732,"bottom":1584669.5165241526,"row_index":14,"col_index":9,"A1_hex_zonal_A1_norm":0.36544878114097579,"A2V3_hex_zonal_A2_norm_fix":0.37765235072283765,"B2_HEXZONAL_B2_norm":0.65386051821494529,"C1_HEXZONAL_C1_norm":0.64789514320447894,"C2_hex_zonal_C2_norm":0.48248026464860633,"LAGUNA HEXMAP copy_D1_norm":0.36065843711955636,"D2_hex_zonal_D2_norm":0.35094822958682126,"B1HEX — B2HEX_B1_norm":0.0},"geometry":{"type":"Point","coordinates":[302235.552067882847041,1585419.516524152364582]}},
{"type":"Feature","properties":{"fid":259,"id":259,"left":301369.52666409843,"top":1584669.5165241526,"right":303101.57747166732,"bottom":1583169.5165241526,"row_index":15,"col_index":9,"A1_hex_zonal_A1_norm":0.45109531837599126,"A2V3_hex_zonal_A2_norm_fix":0.42636480660026932,"B2_HEXZONAL_B2_norm":0.63465676720700381,"C1_HEXZONAL_C1_norm":0.59569532413817317,"C2_hex_zonal_C2_norm":0.51496836203801588,"LAGUNA HEXMAP copy_D1_norm":0.44694458711976925,"D2_hex_zonal_D2_norm":0.4160724859006496,"B1HEX — B2HEX_B1_norm":0.0},"geometry":{"type":"Point","coordinates":[302235.552067882847041,1583919.516524152364582]}},
{"type":"Feature","properties":{"fid":260,"id":260,"left":301369.52666409843,"top":1583169.5165241526,"right":303101.57747166732,"bottom":1581669.5165241526,"row_index":16,"col_index":9,"A1_hex_zonal_A1_norm":0.5991373613036064,"A2V3_hex_zonal_A2_norm_fix":0.55454122504473413,"B2_HEXZONAL_B2_norm":0.58726331481600136,"C1_HEXZONAL_C1_norm":0.45778040484492016,"C2_hex_zonal_C2_norm":0.54759871438123842,"LAGUNA HEXMAP copy_D1_norm":0.56700444685806917,"D2_hex_zonal_D2_norm":0.55001756423496606,"B1HEX — B2HEX_B1_norm":0.0},"geometry":{"type":"Point","coordinates":[302235.552067882847041,1582419.516524152364582]}},
{"type":"Feature","properties":{"fid":261,"id":261,"left":301369.52666409843,"top":1581669.5165241526,"right":303101.57747166732,"bottom":1580169.5165241526,"row_index":17,"col_index":9,"A1_hex_zonal_A1_norm":0.7194912549630913,"A2V3_hex_zonal_A2_norm_fix":0.69029297676296664,"B2_HEXZONAL_B2_norm":0.5207409774161289,"C1_HEXZONAL_C1_norm":0.316773461016431,"C2_hex_zonal_C2_norm":0.58034794802235401,"LAGUNA HEXMAP copy_D1_norm":0.70093723599789415,"D2_hex_zonal_D2_norm":0.68664659700072739,"B1HEX — B2HEX_B1_norm":0.0},"geometry":{"type":"Point","coordinates":[302235.552067882847041,1580919.516524152364582]}},
{"type":"Feature","properties":{"fid":262,"id":262,"left":301369.52666409843,"top":1580169.5165241526,"right":303101.57747166732,"bottom":1578669.5165241526,"row_index":18,"col_index":9,"A1_hex_zonal_A1_norm":0.82393031622328938,"A2V3_hex_zonal_A2_norm_fix":0.83428158107206851,"B2_HEXZONAL_B2_norm":0.452551659795001,"C1_HEXZONAL_C1_norm":0.17252704637479402,"C2_hex_zonal_C2_norm":0.61319748030194454,"LAGUNA HEXMAP copy_D1_norm":0.77045347338603554,"D2_hex_zonal_D2_norm":0.82786295359223661,"B1HEX — B2HEX_B1_norm":0.0},"geometry":{"type":"Point","coordinates":[302235.552067882847041,1579419.516524152364582]}},
{"type":"Feature","properties":{"fid":263,"id":263,"left":301369.52666409843,"top":1578669.5165241526,"right":303101.57747166732,"bottom":1577169.5165241526,"row_index":19,"col_index":9,"A1_hex_zonal_A1_norm":0.82645735625580885,"A2V3_hex_zonal_A2_norm_fix":0.93669981478571407,"B2_HEXZONAL_B2_norm":0.38595559936340884,"C1_HEXZONAL_C1_norm":0.068276261839091856,"C2_hex_zonal_C2_norm":0.64455689061638721,"LAGUNA HEXMAP copy_D1_norm":0.6985896847007218,"D2_hex_zonal_D2_norm":0.9277973707789261,"B1HEX — B2HEX_B1_norm":0.0},"geometry":{"type":"Point","coordinates":[302406.851839523937088,1578026.004885568283498]}},
{"type":"Feature","properties":{"fid":264,"id":264,"left":301369.52666409843,"top":1577169.5165241526,"right":303101.57747166732,"bottom":1575669.5165241526,"row_index":20,"col_index":9,"A1_hex_zonal_A1_norm":0.9203117812456667,"A2V3_hex_zonal_A2_norm_fix":0.97183473761245387,"B2_HEXZONAL_B2_norm":0.33060832559132591,"C1_HEXZONAL_C1_norm":0.030915792462431542,"C2_hex_zonal_C2_norm":0.67884723057433893,"LAGUNA HEXMAP copy_D1_norm":0.53422897782843126,"D2_hex_zonal_D2_norm":0.9641188173809575,"B1HEX — B2HEX_B1_norm":0.0},"geometry":{"type":"Point","coordinates":[302716.420796745631378,1576530.518058208050206]}},
{"type":"Feature","properties":{"fid":265,"id":265,"left":301369.52666409843,"top":1575669.5165241526,"right":303101.57747166732,"bottom":1574169.5165241526,"row_index":21,"col_index":9,"A1_hex_zonal_A1_norm":0.88810439835234645,"A2V3_hex_zonal_A2_norm_fix":0.9802562495374969,"B2_HEXZONAL_B2_norm":0.27576475654896093,"C1_HEXZONAL_C1_norm":0.0059057370736746639,"C2_hex_zonal_C2_norm":0.71183690707390601,"LAGUNA HEXMAP copy_D1_norm":0.55522880753292481,"D2_hex_zonal_D2_norm":0.9893674679941995,"B1HEX — B2HEX_B1_norm":0.0},"geometry":{"type":"Point","coordinates":[302990.009688043966889,1575077.277106804540381]}},
{"type":"Feature","properties":{"fid":273,"id":273,"left":302668.56476977514,"top":1604919.5165241526,"right":304400.61557734403,"bottom":1603419.5165241526,"row_index":2,"col_index":10,"A1_hex_zonal_A1_norm":0.98777850381564092,"A2V3_hex_zonal_A2_norm_fix":1.0,"B2_HEXZONAL_B2_norm":0.45123520047841392,"C1_HEXZONAL_C1_norm":0.0048969130805639992,"C2_hex_zonal_C2_norm":0.1568330377602338,"LAGUNA HEXMAP copy_D1_norm":0.99313178101951538,"D2_hex_zonal_D2_norm":0.99148052053310842,"B1HEX — B2HEX_B1_norm":0.0},"geometry":{"type":"Point","coordinates":[303126.891883085598238,1603500.334240550873801]}},
{"type":"Feature","properties":{"fid":274,"id":274,"left":302668.56476977514,"top":1603419.5165241526,"right":304400.61557734403,"bottom":1601919.5165241526,"row_index":3,"col_index":10,"A1_hex_zonal_A1_norm":0.93235200502207227,"A2V3_hex_zonal_A2_norm_fix":0.93530337817386999,"B2_HEXZONAL_B2_norm":0.47689475204067511,"C1_HEXZONAL_C1_norm":0.046208941272234308,"C2_hex_zonal_C2_norm":0.17149480254187907,"LAGUNA HEXMAP copy_D1_norm":0.90125070632834048,"D2_hex_zonal_D2_norm":0.92935838813237093,"B1HEX — B2HEX_B1_norm":0.050980392156862744},"geometry":{"type":"Point","coordinates":[303357.758123806503136,1602547.230725225061178]}},
{"type":"Feature","properties":{"fid":275,"id":275,"left":302668.56476977514,"top":1601919.5165241526,"right":304400.61557734403,"bottom":1600419.5165241526,"row_index":4,"col_index":10,"A1_hex_zonal_A1_norm":0.86556468679892062,"A2V3_hex_zonal_A2_norm_fix":0.87678972555576462,"B2_HEXZONAL_B2_norm":0.52609445309609026,"C1_HEXZONAL_C1_norm":0.11146207803950772,"C2_hex_zonal_C2_norm":0.19206627184554717,"LAGUNA HEXMAP copy_D1_norm":0.73113568084560332,"D2_hex_zonal_D2_norm":0.87763793488919872,"B1HEX — B2HEX_B1_norm":0.058823529411764705},"geometry":{"type":"Point","coordinates":[303534.590173559554387,1601169.516524152131751]}},
{"type":"Feature","properties":{"fid":276,"id":276,"left":302668.56476977514,"top":1600419.5165241526,"right":304400.61557734403,"bottom":1598919.5165241526,"row_index":5,"col_index":10,"A1_hex_zonal_A1_norm":0.7570789309609518,"A2V3_hex_zonal_A2_norm_fix":0.869327121927713,"B2_HEXZONAL_B2_norm":0.60611756016248097,"C1_HEXZONAL_C1_norm":0.097540991179067491,"C2_hex_zonal_C2_norm":0.21383212713073413,"LAGUNA HEXMAP copy_D1_norm":0.81825913575327092,"D2_hex_zonal_D2_norm":0.89738040358467352,"B1HEX — B2HEX_B1_norm":0.015686274509803921},"geometry":{"type":"Point","coordinates":[303524.680446030222811,1599665.663224282441661]}},
{"type":"Feature","properties":{"fid":277,"id":277,"left":302668.56476977514,"top":1598919.5165241526,"right":304400.61557734403,"bottom":1597419.5165241526,"row_index":6,"col_index":10,"A1_hex_zonal_A1_norm":0.59382712601145571,"A2V3_hex_zonal_A2_norm_fix":0.75583494798824791,"B2_HEXZONAL_B2_norm":0.7128577910899303,"C1_HEXZONAL_C1_norm":0.22497327714501714,"C2_hex_zonal_C2_norm":0.23843071451485892,"LAGUNA HEXMAP copy_D1_norm":0.74558873834278949,"D2_hex_zonal_D2_norm":0.75343955866217904,"B1HEX — B2HEX_B1_norm":0.043137254901960784},"geometry":{"type":"Point","coordinates":[303534.590173559554387,1598169.516524152597412]}},
{"type":"Feature","properties":{"fid":278,"id":278,"left":302668.56476977514,"top":1597419.5165241526,"right":304400.61557734403,"bottom":1595919.5165241526,"row_index":7,"col_index":10,"A1_hex_zonal_A1_norm":0.45612312035168012,"A2V3_hex_zonal_A2_norm_fix":0.64951792179473755,"B2_HEXZONAL_B2_norm":0.8287345231351646,"C1_HEXZONAL_C1_norm":0.33952094874586802,"C2_hex_zonal_C2_norm":0.26483350510185893,"LAGUNA HEXMAP copy_D1_norm":0.67057848164305378,"D2_hex_zonal_D2_norm":0.63785609410190414,"B1HEX — B2HEX_B1_norm":0.15686274509803921},"geometry":{"type":"Point","coordinates":[303534.590173559554387,1596669.516524152364582]}},
{"type":"Feature","properties":{"fid":279,"id":279,"left":302668.56476977514,"top":1595919.5165241526,"right":304400.61557734403,"bottom":1594419.5165241526,"row_index":8,"col_index":10,"A1_hex_zonal_A1_norm":0.49443037925592703,"A2V3_hex_zonal_A2_norm_fix":0.58681338284417583,"B2_HEXZONAL_B2_norm":0.9295901506239217,"C1_HEXZONAL_C1_norm":0.42303712962456352,"C2_hex_zonal_C2_norm":0.29266299994275069,"LAGUNA HEXMAP copy_D1_norm":0.60333124496520518,"D2_hex_zonal_D2_norm":0.57297645427917554,"B1HEX — B2HEX_B1_norm":0.11372549019607843},"geometry":{"type":"Point","coordinates":[303534.590173559554387,1595169.516524152131751]}},
{"type":"Feature","properties":{"fid":280,"id":280,"left":302668.56476977514,"top":1594419.5165241526,"right":304400.61557734403,"bottom":1592919.5165241526,"row_index":9,"col_index":10,"A1_hex_zonal_A1_norm":0.49794254659291737,"A2V3_hex_zonal_A2_norm_fix":0.53068376180276045,"B2_HEXZONAL_B2_norm":0.92574702933819819,"C1_HEXZONAL_C1_norm":0.48936552671018041,"C2_hex_zonal_C2_norm":0.32156585608965205,"LAGUNA HEXMAP copy_D1_norm":0.54395573807374831,"D2_hex_zonal_D2_norm":0.50460957557079233,"B1HEX — B2HEX_B1_norm":0.011764705882352941},"geometry":{"type":"Point","coordinates":[303534.590173559554387,1593669.516524152364582]}},
{"type":"Feature","properties":{"fid":281,"id":281,"left":302668.56476977514,"top":1592919.5165241526,"right":304400.61557734403,"bottom":1591419.5165241526,"row_index":10,"col_index":10,"A1_hex_zonal_A1_norm":0.43743770536555027,"A2V3_hex_zonal_A2_norm_fix":0.4250463689167967,"B2_HEXZONAL_B2_norm":0.83033450549220267,"C1_HEXZONAL_C1_norm":0.59259105874107765,"C2_hex_zonal_C2_norm":0.35128832494723111,"LAGUNA HEXMAP copy_D1_norm":0.42732034278533537,"D2_hex_zonal_D2_norm":0.39526171465441506,"B1HEX — B2HEX_B1_norm":0.1803921568627451},"geometry":{"type":"Point","coordinates":[303534.590173559554387,1592169.516524152597412]}},
{"type":"Feature","properties":{"fid":282,"id":282,"left":302668.56476977514,"top":1591419.5165241526,"right":304400.61557734403,"bottom":1589919.5165241526,"row_index":11,"col_index":10,"A1_hex_zonal_A1_norm":0.37000536076688373,"A2V3_hex_zonal_A2_norm_fix":0.40566703771331847,"B2_HEXZONAL_B2_norm":0.73828849537090591,"C1_HEXZONAL_C1_norm":0.62199422191974152,"C2_hex_zonal_C2_norm":0.38164636566488286,"LAGUNA HEXMAP copy_D1_norm":0.42170149734332751,"D2_hex_zonal_D2_norm":0.3890048686124995,"B1HEX — B2HEX_B1_norm":0.074509803921568626},"geometry":{"type":"Point","coordinates":[303534.590173559554387,1590669.516524152364582]}},
{"type":"Feature","properties":{"fid":283,"id":283,"left":302668.56476977514,"top":1589919.5165241526,"right":304400.61557734403,"bottom":1588419.5165241526,"row_index":12,"col_index":10,"A1_hex_zonal_A1_norm":0.45708692575021137,"A2V3_hex_zonal_A2_norm_fix":0.43254667921822598,"B2_HEXZONAL_B2_norm":0.67182369114858009,"C1_HEXZONAL_C1_norm":0.58774571500094686,"C2_hex_zonal_C2_norm":0.41250471482636375,"LAGUNA HEXMAP copy_D1_norm":0.44780636010060459,"D2_hex_zonal_D2_norm":0.41303536276443487,"B1HEX — B2HEX_B1_norm":0.21568627450980393},"geometry":{"type":"Point","coordinates":[303534.590173559554387,1589169.516524152131751]}},
{"type":"Feature","properties":{"fid":284,"id":284,"left":302668.56476977514,"top":1588419.5165241526,"right":304400.61557734403,"bottom":1586919.5165241526,"row_index":13,"col_index":10,"A1_hex_zonal_A1_norm":0.51195711298986535,"A2V3_hex_zonal_A2_norm_fix":0.49098268681879609,"B2_HEXZONAL_B2_norm":0.62469926183254754,"C1_HEXZONAL_C1_norm":0.53058107237955443,"C2_hex_zonal_C2_norm":0.4437625030963227,"LAGUNA HEXMAP copy_D1_norm":0.50820203404149056,"D2_hex_zonal_D2_norm":0.46926835940966038,"B1HEX — B2HEX_B1_norm":0.23921568627450981},"geometry":{"type":"Point","coordinates":[303534.590173559554387,1587669.516524152364582]}},
{"type":"Feature","properties":{"fid":285,"id":285,"left":302668.56476977514,"top":1586919.5165241526,"right":304400.61557734403,"bottom":1585419.5165241526,"row_index":14,"col_index":10,"A1_hex_zonal_A1_norm":0.50750461098221367,"A2V3_hex_zonal_A2_norm_fix":0.47903674500453508,"B2_HEXZONAL_B2_norm":0.59176221771389814,"C1_HEXZONAL_C1_norm":0.53563344330167784,"C2_hex_zonal_C2_norm":0.47534340565830774,"LAGUNA HEXMAP copy_D1_norm":0.49898351088332604,"D2_hex_zonal_D2_norm":0.46110357515138134,"B1HEX — B2HEX_B1_norm":0.035294117647058823},"geometry":{"type":"Point","coordinates":[303534.590173559554387,1586169.516524152597412]}},
{"type":"Feature","properties":{"fid":286,"id":286,"left":302668.56476977514,"top":1585419.5165241526,"right":304400.61557734403,"bottom":1583919.5165241526,"row_index":15,"col_index":10,"A1_hex_zonal_A1_norm":0.46659039612921738,"A2V3_hex_zonal_A2_norm_fix":0.42520992030002247,"B2_HEXZONAL_B2_norm":0.56404831333478589,"C1_HEXZONAL_C1_norm":0.55960828646655303,"C2_hex_zonal_C2_norm":0.50718884299250244,"LAGUNA HEXMAP copy_D1_norm":0.44872909985934673,"D2_hex_zonal_D2_norm":0.39578289799210498,"B1HEX — B2HEX_B1_norm":0.0},"geometry":{"type":"Point","coordinates":[303534.590173559554387,1584669.516524152364582]}},
{"type":"Feature","properties":{"fid":287,"id":287,"left":302668.56476977514,"top":1583919.5165241526,"right":304400.61557734403,"bottom":1582419.5165241526,"row_index":16,"col_index":10,"A1_hex_zonal_A1_norm":0.45233852533331809,"A2V3_hex_zonal_A2_norm_fix":0.40441268646933526,"B2_HEXZONAL_B2_norm":0.52316924266863674,"C1_HEXZONAL_C1_norm":0.59820174261557635,"C2_hex_zonal_C2_norm":0.53925324723265855,"LAGUNA HEXMAP copy_D1_norm":0.38598910631320593,"D2_hex_zonal_D2_norm":0.38672853290126596,"B1HEX — B2HEX_B1_norm":0.0},"geometry":{"type":"Point","coordinates":[303534.590173559554387,1583169.516524152131751]}},
{"type":"Feature","properties":{"fid":288,"id":288,"left":302668.56476977514,"top":1582419.5165241526,"right":304400.61557734403,"bottom":1580919.5165241526,"row_index":17,"col_index":10,"A1_hex_zonal_A1_norm":0.53775082049690837,"A2V3_hex_zonal_A2_norm_fix":0.50556186664640168,"B2_HEXZONAL_B2_norm":0.4676196456627959,"C1_HEXZONAL_C1_norm":0.51191384389025341,"C2_hex_zonal_C2_norm":0.57150073008965585,"LAGUNA HEXMAP copy_D1_norm":0.51089991464895634,"D2_hex_zonal_D2_norm":0.4934975228020716,"B1HEX — B2HEX_B1_norm":0.0},"geometry":{"type":"Point","coordinates":[303534.590173559554387,1581669.516524152364582]}},
{"type":"Feature","properties":{"fid":289,"id":289,"left":302668.56476977514,"top":1580919.5165241526,"right":304400.61557734403,"bottom":1579419.5165241526,"row_index":18,"col_index":10,"A1_hex_zonal_A1_norm":0.64354343409551262,"A2V3_hex_zonal_A2_norm_fix":0.65324826225077415,"B2_HEXZONAL_B2_norm":0.40551761168672906,"C1_HEXZONAL_C1_norm":0.36468498431995217,"C2_hex_zonal_C2_norm":0.60390269083688797,"LAGUNA HEXMAP copy_D1_norm":0.59112734232934172,"D2_hex_zonal_D2_norm":0.63654888919548136,"B1HEX — B2HEX_B1_norm":0.0},"geometry":{"type":"Point","coordinates":[303534.590173559554387,1580169.516524152597412]}},
{"type":"Feature","properties":{"fid":290,"id":290,"left":302668.56476977514,"top":1579419.5165241526,"right":304400.61557734403,"bottom":1577919.5165241526,"row_index":19,"col_index":10,"A1_hex_zonal_A1_norm":0.70096979002336623,"A2V3_hex_zonal_A2_norm_fix":0.77143521732188947,"B2_HEXZONAL_B2_norm":0.34573746348745338,"C1_HEXZONAL_C1_norm":0.24387096906774419,"C2_hex_zonal_C2_norm":0.63643609269799428,"LAGUNA HEXMAP copy_D1_norm":0.59764727281583807,"D2_hex_zonal_D2_norm":0.75767083267211766,"B1HEX — B2HEX_B1_norm":0.0},"geometry":{"type":"Point","coordinates":[303534.590173559554387,1578669.516524152364582]}},
{"type":"Feature","properties":{"fid":291,"id":291,"left":302668.56476977514,"top":1577919.5165241526,"right":304400.61557734403,"bottom":1576419.5165241526,"row_index":20,"col_index":10,"A1_hex_zonal_A1_norm":0.80392717436000272,"A2V3_hex_zonal_A2_norm_fix":0.84946662932054395,"B2_HEXZONAL_B2_norm":0.29468514826535641,"C1_HEXZONAL_C1_norm":0.159821602464462,"C2_hex_zonal_C2_norm":0.66908219183817996,"LAGUNA HEXMAP copy_D1_norm":0.52152916094466839,"D2_hex_zonal_D2_norm":0.84008723006473762,"B1HEX — B2HEX_B1_norm":0.0},"geometry":{"type":"Point","coordinates":[303534.590173559554387,1577169.516524152131751]}},
{"type":"Feature","properties":{"fid":292,"id":292,"left":302668.56476977514,"top":1576419.5165241526,"right":304400.61557734403,"bottom":1574919.5165241526,"row_index":21,"col_index":10,"A1_hex_zonal_A1_norm":0.87320552386492456,"A2V3_hex_zonal_A2_norm_fix":0.90377205411429617,"B2_HEXZONAL_B2_norm":0.2555584037494153,"C1_HEXZONAL_C1_norm":0.096670106624562296,"C2_hex_zonal_C2_norm":0.70183275786212462,"LAGUNA HEXMAP copy_D1_norm":0.51216359590983362,"D2_hex_zonal_D2_norm":0.89770158871583017,"B1HEX — B2HEX_B1_norm":0.0},"geometry":{"type":"Point","coordinates":[303538.644267953350209,1575670.093824579147622]}},
{"type":"Feature","properties":{"fid":293,"id":293,"left":302668.56476977514,"top":1574919.5165241526,"right":304400.61557734403,"bottom":1573419.5165241526,"row_index":22,"col_index":10,"A1_hex_zonal_A1_norm":0.84321530232233632,"A2V3_hex_zonal_A2_norm_fix":0.96523943392960476,"B2_HEXZONAL_B2_norm":0.22277769737792119,"C1_HEXZONAL_C1_norm":0.016801782583409027,"C2_hex_zonal_C2_norm":0.72507677071276011,"LAGUNA HEXMAP copy_D1_norm":0.65107876382670415,"D2_hex_zonal_D2_norm":0.95843849663158676,"B1HEX — B2HEX_B1_norm":0.0},"geometry":{"type":"Point","coordinates":[303751.972862987138797,1574656.115908675128594]}},
{"type":"Feature","properties":{"fid":295,"id":295,"left":302668.56476977514,"top":1571919.5165241526,"right":304400.61557734403,"bottom":1570419.5165241526,"row_index":24,"col_index":10,"A1_hex_zonal_A1_norm":0.91127391677764147,"A2V3_hex_zonal_A2_norm_fix":0.95258884969466251,"B2_HEXZONAL_B2_norm":0.20842370737707916,"C1_HEXZONAL_C1_norm":0.015822218487388188,"C2_hex_zonal_C2_norm":0.80387395375228288,"LAGUNA HEXMAP copy_D1_norm":0.90755932701290187,"D2_hex_zonal_D2_norm":0.9465868647094714,"B1HEX — B2HEX_B1_norm":0.0},"geometry":{"type":"Point","coordinates":[304129.696811697795056,1571139.757561089005321]}},
{"type":"Feature","properties":{"fid":296,"id":296,"left":302668.56476977514,"top":1570419.5165241526,"right":304400.61557734403,"bottom":1568919.5165241526,"row_index":25,"col_index":10,"A1_hex_zonal_A1_norm":0.96577343888155198,"A2V3_hex_zonal_A2_norm_fix":0.94842197277696472,"B2_HEXZONAL_B2_norm":0.21693134720256746,"C1_HEXZONAL_C1_norm":0.032187223438821799,"C2_hex_zonal_C2_norm":0.83729261968492774,"LAGUNA HEXMAP copy_D1_norm":0.77403796110035095,"D2_hex_zonal_D2_norm":0.94325360516440848,"B1HEX — B2HEX_B1_norm":0.0},"geometry":{"type":"Point","coordinates":[304009.864638412545901,1569594.794852400431409]}},
{"type":"Feature","properties":{"fid":301,"id":301,"left":303967.60287545179,"top":1602669.5165241526,"right":305699.65368302068,"bottom":1601169.5165241526,"row_index":3,"col_index":11,"A1_hex_zonal_A1_norm":0.93657525430232591,"A2V3_hex_zonal_A2_norm_fix":0.97277881519733489,"B2_HEXZONAL_B2_norm":0.53885744240206712,"C1_HEXZONAL_C1_norm":0.016849475166308137,"C2_hex_zonal_C2_norm":0.19912682165662615,"LAGUNA HEXMAP copy_D1_norm":0.74495510420021038,"D2_hex_zonal_D2_norm":0.96771572894691837,"B1HEX — B2HEX_B1_norm":0.0},"geometry":{"type":"Point","coordinates":[304297.533872972184326,1601717.342606920283288]}},
{"type":"Feature","properties":{"fid":302,"id":302,"left":303967.60287545179,"top":1601169.5165241526,"right":305699.65368302068,"bottom":1599669.5165241526,"row_index":4,"col_index":11,"A1_hex_zonal_A1_norm":0.90711169498809796,"A2V3_hex_zonal_A2_norm_fix":0.98069665924944927,"B2_HEXZONAL_B2_norm":0.59229178167059227,"C1_HEXZONAL_C1_norm":0.018138263137497095,"C2_hex_zonal_C2_norm":0.21509199546747379,"LAGUNA HEXMAP copy_D1_norm":0.8813788785055815,"D2_hex_zonal_D2_norm":0.97581976818187022,"B1HEX — B2HEX_B1_norm":0.0039215686274509803},"geometry":{"type":"Point","coordinates":[304374.697689860768151,1600571.592753930715844]}},
{"type":"Feature","properties":{"fid":303,"id":303,"left":303967.60287545179,"top":1599669.5165241526,"right":305699.65368302068,"bottom":1598169.5165241526,"row_index":5,"col_index":11,"A1_hex_zonal_A1_norm":0.70350444704343773,"A2V3_hex_zonal_A2_norm_fix":0.93268918455384853,"B2_HEXZONAL_B2_norm":0.69687879638018435,"C1_HEXZONAL_C1_norm":0.058250442074524789,"C2_hex_zonal_C2_norm":0.246045439604094,"LAGUNA HEXMAP copy_D1_norm":0.92219597685330124,"D2_hex_zonal_D2_norm":0.91795400016048545,"B1HEX — B2HEX_B1_norm":0.043137254901960784},"geometry":{"type":"Point","coordinates":[304767.165102171478793,1598891.3659684935119]}},
{"type":"Feature","properties":{"fid":304,"id":304,"left":303967.60287545179,"top":1598169.5165241526,"right":305699.65368302068,"bottom":1596669.5165241526,"row_index":6,"col_index":11,"A1_hex_zonal_A1_norm":0.54935294500254295,"A2V3_hex_zonal_A2_norm_fix":0.84555236042391946,"B2_HEXZONAL_B2_norm":0.78589411721728508,"C1_HEXZONAL_C1_norm":0.13858240701494876,"C2_hex_zonal_C2_norm":0.27042898908013568,"LAGUNA HEXMAP copy_D1_norm":0.85683393787608675,"D2_hex_zonal_D2_norm":0.83387277217120304,"B1HEX — B2HEX_B1_norm":0.031372549019607843},"geometry":{"type":"Point","coordinates":[304833.628279236203525,1597419.516524152597412]}},
{"type":"Feature","properties":{"fid":305,"id":305,"left":303967.60287545179,"top":1596669.5165241526,"right":305699.65368302068,"bottom":1595169.5165241526,"row_index":7,"col_index":11,"A1_hex_zonal_A1_norm":0.61139904502162257,"A2V3_hex_zonal_A2_norm_fix":0.76363798549708606,"B2_HEXZONAL_B2_norm":0.86367514153542357,"C1_HEXZONAL_C1_norm":0.22816334326408474,"C2_hex_zonal_C2_norm":0.29594267962838433,"LAGUNA HEXMAP copy_D1_norm":0.76732778570677018,"D2_hex_zonal_D2_norm":0.75081587291368534,"B1HEX — B2HEX_B1_norm":0.0},"geometry":{"type":"Point","coordinates":[304833.628279236203525,1595919.516524152364582]}},
{"type":"Feature","properties":{"fid":306,"id":306,"left":303967.60287545179,"top":1595169.5165241526,"right":305699.65368302068,"bottom":1593669.5165241526,"row_index":8,"col_index":11,"A1_hex_zonal_A1_norm":0.66311688857011231,"A2V3_hex_zonal_A2_norm_fix":0.72800224815412984,"B2_HEXZONAL_B2_norm":0.88955104633756799,"C1_HEXZONAL_C1_norm":0.28587789898449484,"C2_hex_zonal_C2_norm":0.32289207032214584,"LAGUNA HEXMAP copy_D1_norm":0.73443016545262996,"D2_hex_zonal_D2_norm":0.70364474016202316,"B1HEX — B2HEX_B1_norm":0.074509803921568626},"geometry":{"type":"Point","coordinates":[304833.628279236203525,1594419.516524152364582]}},
{"type":"Feature","properties":{"fid":307,"id":307,"left":303967.60287545179,"top":1593669.5165241526,"right":305699.65368302068,"bottom":1592169.5165241526,"row_index":9,"col_index":11,"A1_hex_zonal_A1_norm":0.62063669054619819,"A2V3_hex_zonal_A2_norm_fix":0.6178420592729359,"B2_HEXZONAL_B2_norm":0.83305098519127097,"C1_HEXZONAL_C1_norm":0.39489260065702697,"C2_hex_zonal_C2_norm":0.35096043558741252,"LAGUNA HEXMAP copy_D1_norm":0.61522788104368975,"D2_hex_zonal_D2_norm":0.57975940243373425,"B1HEX — B2HEX_B1_norm":0.2196078431372549},"geometry":{"type":"Point","coordinates":[304833.628279236203525,1592919.516524152131751]}},
{"type":"Feature","properties":{"fid":308,"id":308,"left":303967.60287545179,"top":1592169.5165241526,"right":305699.65368302068,"bottom":1590669.5165241526,"row_index":10,"col_index":11,"A1_hex_zonal_A1_norm":0.50845582366860154,"A2V3_hex_zonal_A2_norm_fix":0.57295999563000777,"B2_HEXZONAL_B2_norm":0.74453912673550948,"C1_HEXZONAL_C1_norm":0.44232278532531516,"C2_hex_zonal_C2_norm":0.3799094731003777,"LAGUNA HEXMAP copy_D1_norm":0.58475188375206444,"D2_hex_zonal_D2_norm":0.55655705597804161,"B1HEX — B2HEX_B1_norm":0.086274509803921567},"geometry":{"type":"Point","coordinates":[304833.628279236203525,1591419.516524152364582]}},
{"type":"Feature","properties":{"fid":309,"id":309,"left":303967.60287545179,"top":1590669.5165241526,"right":305699.65368302068,"bottom":1589169.5165241526,"row_index":11,"col_index":11,"A1_hex_zonal_A1_norm":0.53074637376010803,"A2V3_hex_zonal_A2_norm_fix":0.57573778087574223,"B2_HEXZONAL_B2_norm":0.66356593215114235,"C1_HEXZONAL_C1_norm":0.44442396966497988,"C2_hex_zonal_C2_norm":0.40955922618258517,"LAGUNA HEXMAP copy_D1_norm":0.58456263803402742,"D2_hex_zonal_D2_norm":0.56007943040297758,"B1HEX — B2HEX_B1_norm":0.13333333333333333},"geometry":{"type":"Point","coordinates":[304833.628279236203525,1589919.516524152364582]}},
{"type":"Feature","properties":{"fid":310,"id":310,"left":303967.60287545179,"top":1589169.5165241526,"right":305699.65368302068,"bottom":1587669.5165241526,"row_index":12,"col_index":11,"A1_hex_zonal_A1_norm":0.63988866841819547,"A2V3_hex_zonal_A2_norm_fix":0.62512197415904625,"B2_HEXZONAL_B2_norm":0.59990518054193553,"C1_HEXZONAL_C1_norm":0.3855079003765558,"C2_hex_zonal_C2_norm":0.43977277080731902,"LAGUNA HEXMAP copy_D1_norm":0.63813002192576551,"D2_hex_zonal_D2_norm":0.61069280452503127,"B1HEX — B2HEX_B1_norm":0.18823529411764706},"geometry":{"type":"Point","coordinates":[304833.628279236203525,1588419.516524152364582]}},
{"type":"Feature","properties":{"fid":311,"id":311,"left":303967.60287545179,"top":1587669.5165241526,"right":305699.65368302068,"bottom":1586169.5165241526,"row_index":13,"col_index":11,"A1_hex_zonal_A1_norm":0.67562980404032236,"A2V3_hex_zonal_A2_norm_fix":0.66399253635805278,"B2_HEXZONAL_B2_norm":0.55165829342375416,"C1_HEXZONAL_C1_norm":0.35028795784984762,"C2_hex_zonal_C2_norm":0.47044492822730199,"LAGUNA HEXMAP copy_D1_norm":0.67740573083331301,"D2_hex_zonal_D2_norm":0.64592364209375008,"B1HEX — B2HEX_B1_norm":0.32549019607843138},"geometry":{"type":"Point","coordinates":[304833.628279236203525,1586919.516524152131751]}},
{"type":"Feature","properties":{"fid":312,"id":312,"left":303967.60287545179,"top":1586169.5165241526,"right":305699.65368302068,"bottom":1584669.5165241526,"row_index":14,"col_index":11,"A1_hex_zonal_A1_norm":0.64265755584262274,"A2V3_hex_zonal_A2_norm_fix":0.61712262840281151,"B2_HEXZONAL_B2_norm":0.51161815751930306,"C1_HEXZONAL_C1_norm":0.36816903439273813,"C2_hex_zonal_C2_norm":0.50149405741585484,"LAGUNA HEXMAP copy_D1_norm":0.62968951235820203,"D2_hex_zonal_D2_norm":0.59389104259826375,"B1HEX — B2HEX_B1_norm":0.19215686274509805},"geometry":{"type":"Point","coordinates":[304833.628279236203525,1585419.516524152364582]}},
{"type":"Feature","properties":{"fid":313,"id":313,"left":303967.60287545179,"top":1584669.5165241526,"right":305699.65368302068,"bottom":1583169.5165241526,"row_index":15,"col_index":11,"A1_hex_zonal_A1_norm":0.57826224317529507,"A2V3_hex_zonal_A2_norm_fix":0.55045185643087291,"B2_HEXZONAL_B2_norm":0.47057872755111607,"C1_HEXZONAL_C1_norm":0.43257902840026269,"C2_hex_zonal_C2_norm":0.53285611251826737,"LAGUNA HEXMAP copy_D1_norm":0.56164680039595472,"D2_hex_zonal_D2_norm":0.52264000377398068,"B1HEX — B2HEX_B1_norm":0.11372549019607843},"geometry":{"type":"Point","coordinates":[304833.628279236203525,1583919.516524152364582]}},
{"type":"Feature","properties":{"fid":314,"id":314,"left":303967.60287545179,"top":1583169.5165241526,"right":305699.65368302068,"bottom":1581669.5165241526,"row_index":16,"col_index":11,"A1_hex_zonal_A1_norm":0.52726891303019752,"A2V3_hex_zonal_A2_norm_fix":0.50629718473613639,"B2_HEXZONAL_B2_norm":0.4225589110386081,"C1_HEXZONAL_C1_norm":0.51300811324753959,"C2_hex_zonal_C2_norm":0.56448031876809568,"LAGUNA HEXMAP copy_D1_norm":0.51942712424246329,"D2_hex_zonal_D2_norm":0.48426561090238496,"B1HEX — B2HEX_B1_norm":0.0},"geometry":{"type":"Point","coordinates":[304833.628279236203525,1582419.516524152364582]}},
{"type":"Feature","properties":{"fid":315,"id":315,"left":303967.60287545179,"top":1581669.5165241526,"right":305699.65368302068,"bottom":1580169.5165241526,"row_index":17,"col_index":11,"A1_hex_zonal_A1_norm":0.5072719208747235,"A2V3_hex_zonal_A2_norm_fix":0.49701284823935132,"B2_HEXZONAL_B2_norm":0.36801290650524265,"C1_HEXZONAL_C1_norm":0.52487782865217969,"C2_hex_zonal_C2_norm":0.59632601865316437,"LAGUNA HEXMAP copy_D1_norm":0.4585282857462023,"D2_hex_zonal_D2_norm":0.47570636098865027,"B1HEX — B2HEX_B1_norm":0.0},"geometry":{"type":"Point","coordinates":[304833.628279236203525,1580919.516524152364582]}},
{"type":"Feature","properties":{"fid":316,"id":316,"left":303967.60287545179,"top":1580169.5165241526,"right":305699.65368302068,"bottom":1578669.5165241526,"row_index":18,"col_index":11,"A1_hex_zonal_A1_norm":0.53491635525395309,"A2V3_hex_zonal_A2_norm_fix":0.57284466109971799,"B2_HEXZONAL_B2_norm":0.31130256720341398,"C1_HEXZONAL_C1_norm":0.44785069244549114,"C2_hex_zonal_C2_norm":0.62836033968117366,"LAGUNA HEXMAP copy_D1_norm":0.44079058475621657,"D2_hex_zonal_D2_norm":0.55800838206533454,"B1HEX — B2HEX_B1_norm":0.0},"geometry":{"type":"Point","coordinates":[304833.628279236203525,1579419.516524152364582]}},
{"type":"Feature","properties":{"fid":317,"id":317,"left":303967.60287545179,"top":1578669.5165241526,"right":305699.65368302068,"bottom":1577169.5165241526,"row_index":19,"col_index":11,"A1_hex_zonal_A1_norm":0.63075361638464233,"A2V3_hex_zonal_A2_norm_fix":0.65692572784290126,"B2_HEXZONAL_B2_norm":0.25753755488193941,"C1_HEXZONAL_C1_norm":0.35913629259546315,"C2_hex_zonal_C2_norm":0.6605564660386406,"LAGUNA HEXMAP copy_D1_norm":0.41381292564746541,"D2_hex_zonal_D2_norm":0.64571610444425764,"B1HEX — B2HEX_B1_norm":0.0},"geometry":{"type":"Point","coordinates":[304833.628279236203525,1577919.516524152364582]}},
{"type":"Feature","properties":{"fid":318,"id":318,"left":303967.60287545179,"top":1577169.5165241526,"right":305699.65368302068,"bottom":1575669.5165241526,"row_index":20,"col_index":11,"A1_hex_zonal_A1_norm":0.72060407831352702,"A2V3_hex_zonal_A2_norm_fix":0.72382342012044854,"B2_HEXZONAL_B2_norm":0.21287359204045653,"C1_HEXZONAL_C1_norm":0.27191752112304834,"C2_hex_zonal_C2_norm":0.69289233065164868,"LAGUNA HEXMAP copy_D1_norm":0.49330956754336397,"D2_hex_zonal_D2_norm":0.70842788135438317,"B1HEX — B2HEX_B1_norm":0.0},"geometry":{"type":"Point","coordinates":[304833.628279236203525,1576419.516524152364582]}},
{"type":"Feature","properties":{"fid":319,"id":319,"left":303967.60287545179,"top":1575669.5165241526,"right":305699.65368302068,"bottom":1574169.5165241526,"row_index":21,"col_index":11,"A1_hex_zonal_A1_norm":0.82993587149626347,"A2V3_hex_zonal_A2_norm_fix":0.86109145961147471,"B2_HEXZONAL_B2_norm":0.18435508285744495,"C1_HEXZONAL_C1_norm":0.1155575493591135,"C2_hex_zonal_C2_norm":0.72528257738294333,"LAGUNA HEXMAP copy_D1_norm":0.66850039114646753,"D2_hex_zonal_D2_norm":0.84015333018015237,"B1HEX — B2HEX_B1_norm":0.0039215686274509803},"geometry":{"type":"Point","coordinates":[304835.316823966801167,1574922.562039289157838]}},
{"type":"Feature","properties":{"fid":320,"id":320,"left":303967.60287545179,"top":1574169.5165241526,"right":305699.65368302068,"bottom":1572669.5165241526,"row_index":22,"col_index":11,"A1_hex_zonal_A1_norm":0.93564544878546996,"A2V3_hex_zonal_A2_norm_fix":0.91376244231617887,"B2_HEXZONAL_B2_norm":0.16398953173559327,"C1_HEXZONAL_C1_norm":0.059112386317886789,"C2_hex_zonal_C2_norm":0.75930728750867116,"LAGUNA HEXMAP copy_D1_norm":0.83975760844221736,"D2_hex_zonal_D2_norm":0.91075526277492314,"B1HEX — B2HEX_B1_norm":0.023529411764705882},"geometry":{"type":"Point","coordinates":[305038.128259908349719,1573409.667543057817966]}},
{"type":"Feature","properties":{"fid":321,"id":321,"left":303967.60287545179,"top":1572669.5165241526,"right":305699.65368302068,"bottom":1571169.5165241526,"row_index":23,"col_index":11,"A1_hex_zonal_A1_norm":0.93072417809280272,"A2V3_hex_zonal_A2_norm_fix":0.94148590241691421,"B2_HEXZONAL_B2_norm":0.17430183076946271,"C1_HEXZONAL_C1_norm":0.06805394541447593,"C2_hex_zonal_C2_norm":0.79217651674753076,"LAGUNA HEXMAP copy_D1_norm":0.95433106267121959,"D2_hex_zonal_D2_norm":0.92214767398769049,"B1HEX — B2HEX_B1_norm":0.078431372549019607},"geometry":{"type":"Point","coordinates":[304914.212573643890209,1571866.93591726757586]}},
{"type":"Feature","properties":{"fid":322,"id":322,"left":303967.60287545179,"top":1571169.5165241526,"right":305699.65368302068,"bottom":1569669.5165241526,"row_index":24,"col_index":11,"A1_hex_zonal_A1_norm":0.88258348461733571,"A2V3_hex_zonal_A2_norm_fix":0.8965712007764477,"B2_HEXZONAL_B2_norm":0.18864719545147357,"C1_HEXZONAL_C1_norm":0.096333011350074355,"C2_hex_zonal_C2_norm":0.82333528120283428,"LAGUNA HEXMAP copy_D1_norm":0.81606736440357519,"D2_hex_zonal_D2_norm":0.89130334867060368,"B1HEX — B2HEX_B1_norm":0.058823529411764705},"geometry":{"type":"Point","coordinates":[304839.439187224197667,1570419.552592376014218]}},
{"type":"Feature","properties":{"fid":323,"id":323,"left":303967.60287545179,"top":1569669.5165241526,"right":305699.65368302068,"bottom":1568169.5165241526,"row_index":25,"col_index":11,"A1_hex_zonal_A1_norm":0.93781250425652152,"A2V3_hex_zonal_A2_norm_fix":0.93943978190206234,"B2_HEXZONAL_B2_norm":0.19768616772182279,"C1_HEXZONAL_C1_norm":0.03829427361181973,"C2_hex_zonal_C2_norm":0.85096804803019532,"LAGUNA HEXMAP copy_D1_norm":0.90314455452956988,"D2_hex_zonal_D2_norm":0.94356185862835795,"B1HEX — B2HEX_B1_norm":0.011764705882352941},"geometry":{"type":"Point","coordinates":[304985.406443750660401,1569187.322348627494648]}},
{"type":"Feature","properties":{"fid":331,"id":331,"left":305266.64098112844,"top":1598919.5165241526,"right":306998.69178869732,"bottom":1597419.5165241526,"row_index":6,"col_index":12,"A1_hex_zonal_A1_norm":0.58016417618809735,"A2V3_hex_zonal_A2_norm_fix":0.96230161630834965,"B2_HEXZONAL_B2_norm":0.76415408399207574,"C1_HEXZONAL_C1_norm":0.021849560278845263,"C2_hex_zonal_C2_norm":0.27935108379506618,"LAGUNA HEXMAP copy_D1_norm":0.9597518612204069,"D2_hex_zonal_D2_norm":0.96401265152266136,"B1HEX — B2HEX_B1_norm":0.0},"geometry":{"type":"Point","coordinates":[305864.799029316462111,1597893.084177088923752]}},
{"type":"Feature","properties":{"fid":332,"id":332,"left":305266.64098112844,"top":1597419.5165241526,"right":306998.69178869732,"bottom":1595919.5165241526,"row_index":7,"col_index":12,"A1_hex_zonal_A1_norm":0.6751222000582966,"A2V3_hex_zonal_A2_norm_fix":0.92324144855056522,"B2_HEXZONAL_B2_norm":0.82930947828814683,"C1_HEXZONAL_C1_norm":0.058067254657119385,"C2_hex_zonal_C2_norm":0.30310985354536291,"LAGUNA HEXMAP copy_D1_norm":0.91904013013732944,"D2_hex_zonal_D2_norm":0.90997555238356276,"B1HEX — B2HEX_B1_norm":0.039215686274509803},"geometry":{"type":"Point","coordinates":[306088.487604781577829,1596603.030090907588601]}},
{"type":"Feature","properties":{"fid":333,"id":333,"left":305266.64098112844,"top":1595919.5165241526,"right":306998.69178869732,"bottom":1594419.5165241526,"row_index":8,"col_index":12,"A1_hex_zonal_A1_norm":0.79065732388620125,"A2V3_hex_zonal_A2_norm_fix":0.90902690837970068,"B2_HEXZONAL_B2_norm":0.86495560884283285,"C1_HEXZONAL_C1_norm":0.09092826771432462,"C2_hex_zonal_C2_norm":0.32725225826723231,"LAGUNA HEXMAP copy_D1_norm":0.92135471792089696,"D2_hex_zonal_D2_norm":0.89040982530734936,"B1HEX — B2HEX_B1_norm":0.050980392156862744},"geometry":{"type":"Point","coordinates":[306105.893546495994087,1595163.40803170367144]}},
{"type":"Feature","properties":{"fid":334,"id":334,"left":305266.64098112844,"top":1594419.5165241526,"right":306998.69178869732,"bottom":1592919.5165241526,"row_index":9,"col_index":12,"A1_hex_zonal_A1_norm":0.80162193132247705,"A2V3_hex_zonal_A2_norm_fix":0.8088382549168166,"B2_HEXZONAL_B2_norm":0.8422180009173833,"C1_HEXZONAL_C1_norm":0.19492512406583082,"C2_hex_zonal_C2_norm":0.35373461193769995,"LAGUNA HEXMAP copy_D1_norm":0.79985274583581401,"D2_hex_zonal_D2_norm":0.76587307997792098,"B1HEX — B2HEX_B1_norm":0.011764705882352941},"geometry":{"type":"Point","coordinates":[306132.666384912910871,1593669.516524152364582]}},
{"type":"Feature","properties":{"fid":335,"id":335,"left":305266.64098112844,"top":1592919.5165241526,"right":306998.69178869732,"bottom":1591419.5165241526,"row_index":10,"col_index":12,"A1_hex_zonal_A1_norm":0.67791074441184751,"A2V3_hex_zonal_A2_norm_fix":0.73828020601513322,"B2_HEXZONAL_B2_norm":0.76758685052347775,"C1_HEXZONAL_C1_norm":0.26292484762079354,"C2_hex_zonal_C2_norm":0.38105281787589962,"LAGUNA HEXMAP copy_D1_norm":0.73462343475829583,"D2_hex_zonal_D2_norm":0.72343400709766903,"B1HEX — B2HEX_B1_norm":0.0},"geometry":{"type":"Point","coordinates":[306132.666384912910871,1592169.516524152597412]}},
{"type":"Feature","properties":{"fid":336,"id":336,"left":305266.64098112844,"top":1591419.5165241526,"right":306998.69178869732,"bottom":1589919.5165241526,"row_index":11,"col_index":12,"A1_hex_zonal_A1_norm":0.56516271670257034,"A2V3_hex_zonal_A2_norm_fix":0.74751411699499015,"B2_HEXZONAL_B2_norm":0.67406470952895414,"C1_HEXZONAL_C1_norm":0.26680882377568804,"C2_hex_zonal_C2_norm":0.40928868705957355,"LAGUNA HEXMAP copy_D1_norm":0.75159462286538126,"D2_hex_zonal_D2_norm":0.73581938732078234,"B1HEX — B2HEX_B1_norm":0.0},"geometry":{"type":"Point","coordinates":[306132.666384912910871,1590669.516524152364582]}},
{"type":"Feature","properties":{"fid":337,"id":337,"left":305266.64098112844,"top":1589919.5165241526,"right":306998.69178869732,"bottom":1588419.5165241526,"row_index":12,"col_index":12,"A1_hex_zonal_A1_norm":0.70157354383063619,"A2V3_hex_zonal_A2_norm_fix":0.75058909382178307,"B2_HEXZONAL_B2_norm":0.59323916733164661,"C1_HEXZONAL_C1_norm":0.2593716224067546,"C2_hex_zonal_C2_norm":0.43827089629962424,"LAGUNA HEXMAP copy_D1_norm":0.75416931412898758,"D2_hex_zonal_D2_norm":0.73954331696123887,"B1HEX — B2HEX_B1_norm":0.0},"geometry":{"type":"Point","coordinates":[306132.666384912910871,1589169.516524152131751]}},
{"type":"Feature","properties":{"fid":338,"id":338,"left":305266.64098112844,"top":1588419.5165241526,"right":306998.69178869732,"bottom":1586919.5165241526,"row_index":13,"col_index":12,"A1_hex_zonal_A1_norm":0.81957631054482771,"A2V3_hex_zonal_A2_norm_fix":0.81904143436115129,"B2_HEXZONAL_B2_norm":0.52390215001476292,"C1_HEXZONAL_C1_norm":0.18495762129988727,"C2_hex_zonal_C2_norm":0.46786517531671279,"LAGUNA HEXMAP copy_D1_norm":0.82812303062996384,"D2_hex_zonal_D2_norm":0.80626881129140981,"B1HEX — B2HEX_B1_norm":0.0},"geometry":{"type":"Point","coordinates":[306132.666384912910871,1587669.516524152364582]}},
{"type":"Feature","properties":{"fid":339,"id":339,"left":305266.64098112844,"top":1586919.5165241526,"right":306998.69178869732,"bottom":1585419.5165241526,"row_index":14,"col_index":12,"A1_hex_zonal_A1_norm":0.81623193663155902,"A2V3_hex_zonal_A2_norm_fix":0.80518384730710202,"B2_HEXZONAL_B2_norm":0.46770604777218028,"C1_HEXZONAL_C1_norm":0.18615167590715562,"C2_hex_zonal_C2_norm":0.49796567546421094,"LAGUNA HEXMAP copy_D1_norm":0.80547965261460597,"D2_hex_zonal_D2_norm":0.79177793828595111,"B1HEX — B2HEX_B1_norm":0.0078431372549019607},"geometry":{"type":"Point","coordinates":[306132.666384912910871,1586169.516524152597412]}},
{"type":"Feature","properties":{"fid":340,"id":340,"left":305266.64098112844,"top":1585419.5165241526,"right":306998.69178869732,"bottom":1583919.5165241526,"row_index":15,"col_index":12,"A1_hex_zonal_A1_norm":0.76017435081815776,"A2V3_hex_zonal_A2_norm_fix":0.74342746304794072,"B2_HEXZONAL_B2_norm":0.42051996699365679,"C1_HEXZONAL_C1_norm":0.23238916147814387,"C2_hex_zonal_C2_norm":0.52848834894376295,"LAGUNA HEXMAP copy_D1_norm":0.75162945155289962,"D2_hex_zonal_D2_norm":0.71819153700867977,"B1HEX — B2HEX_B1_norm":0.031372549019607843},"geometry":{"type":"Point","coordinates":[306132.666384912910871,1584669.516524152364582]}},
{"type":"Feature","properties":{"fid":341,"id":341,"left":305266.64098112844,"top":1583919.5165241526,"right":306998.69178869732,"bottom":1582419.5165241526,"row_index":16,"col_index":12,"A1_hex_zonal_A1_norm":0.69201771012161117,"A2V3_hex_zonal_A2_norm_fix":0.68725857145812008,"B2_HEXZONAL_B2_norm":0.36664687220786096,"C1_HEXZONAL_C1_norm":0.32172236337967303,"C2_hex_zonal_C2_norm":0.55936593910636301,"LAGUNA HEXMAP copy_D1_norm":0.69741784883458657,"D2_hex_zonal_D2_norm":0.66686883163835775,"B1HEX — B2HEX_B1_norm":0.24313725490196078},"geometry":{"type":"Point","coordinates":[306132.666384912910871,1583169.516524152131751]}},
{"type":"Feature","properties":{"fid":342,"id":342,"left":305266.64098112844,"top":1582419.5165241526,"right":306998.69178869732,"bottom":1580919.5165241526,"row_index":17,"col_index":12,"A1_hex_zonal_A1_norm":0.65345521409918317,"A2V3_hex_zonal_A2_norm_fix":0.64187753564163808,"B2_HEXZONAL_B2_norm":0.316314798354138,"C1_HEXZONAL_C1_norm":0.37586618154474827,"C2_hex_zonal_C2_norm":0.59054418661693486,"LAGUNA HEXMAP copy_D1_norm":0.64882217223767502,"D2_hex_zonal_D2_norm":0.62106600177007598,"B1HEX — B2HEX_B1_norm":0.043137254901960784},"geometry":{"type":"Point","coordinates":[306132.666384912910871,1581669.516524152364582]}},
{"type":"Feature","properties":{"fid":343,"id":343,"left":305266.64098112844,"top":1580919.5165241526,"right":306998.69178869732,"bottom":1579419.5165241526,"row_index":18,"col_index":12,"A1_hex_zonal_A1_norm":0.58897972462285031,"A2V3_hex_zonal_A2_norm_fix":0.54650802843321422,"B2_HEXZONAL_B2_norm":0.2643324794171843,"C1_HEXZONAL_C1_norm":0.44454058862694801,"C2_hex_zonal_C2_norm":0.62197896803156238,"LAGUNA HEXMAP copy_D1_norm":0.54642108318602423,"D2_hex_zonal_D2_norm":0.53357087652383561,"B1HEX — B2HEX_B1_norm":0.0},"geometry":{"type":"Point","coordinates":[306132.666384912910871,1580169.516524152597412]}},
{"type":"Feature","properties":{"fid":344,"id":344,"left":305266.64098112844,"top":1579419.5165241526,"right":306998.69178869732,"bottom":1577919.5165241526,"row_index":19,"col_index":12,"A1_hex_zonal_A1_norm":0.51572516060626061,"A2V3_hex_zonal_A2_norm_fix":0.50402821453528013,"B2_HEXZONAL_B2_norm":0.21184816365158499,"C1_HEXZONAL_C1_norm":0.50342891419691127,"C2_hex_zonal_C2_norm":0.6536341256332393,"LAGUNA HEXMAP copy_D1_norm":0.47491248522942264,"D2_hex_zonal_D2_norm":0.49138410939988142,"B1HEX — B2HEX_B1_norm":0.0},"geometry":{"type":"Point","coordinates":[306132.666384912910871,1578669.516524152364582]}},
{"type":"Feature","properties":{"fid":345,"id":345,"left":305266.64098112844,"top":1577919.5165241526,"right":306998.69178869732,"bottom":1576419.5165241526,"row_index":20,"col_index":12,"A1_hex_zonal_A1_norm":0.54929124915497751,"A2V3_hex_zonal_A2_norm_fix":0.54410676103077238,"B2_HEXZONAL_B2_norm":0.16248959340916158,"C1_HEXZONAL_C1_norm":0.4522276064362758,"C2_hex_zonal_C2_norm":0.68547979649862434,"LAGUNA HEXMAP copy_D1_norm":0.4259905438267908,"D2_hex_zonal_D2_norm":0.51726923880014786,"B1HEX — B2HEX_B1_norm":0.0},"geometry":{"type":"Point","coordinates":[306132.666384912910871,1577169.516524152131751]}},
{"type":"Feature","properties":{"fid":346,"id":346,"left":305266.64098112844,"top":1576419.5165241526,"right":306998.69178869732,"bottom":1574919.5165241526,"row_index":21,"col_index":12,"A1_hex_zonal_A1_norm":0.68342194469860851,"A2V3_hex_zonal_A2_norm_fix":0.67597199696582355,"B2_HEXZONAL_B2_norm":0.12687905367883778,"C1_HEXZONAL_C1_norm":0.31141238248069819,"C2_hex_zonal_C2_norm":0.71749114402203873,"LAGUNA HEXMAP copy_D1_norm":0.61646621317983508,"D2_hex_zonal_D2_norm":0.64774828701753195,"B1HEX — B2HEX_B1_norm":0.0},"geometry":{"type":"Point","coordinates":[306132.666384912910871,1575669.516524152364582]}},
{"type":"Feature","properties":{"fid":347,"id":347,"left":305266.64098112844,"top":1574919.5165241526,"right":306998.69178869732,"bottom":1573419.5165241526,"row_index":22,"col_index":12,"A1_hex_zonal_A1_norm":0.79750773721026036,"A2V3_hex_zonal_A2_norm_fix":0.80708066561783198,"B2_HEXZONAL_B2_norm":0.11634692064920826,"C1_HEXZONAL_C1_norm":0.17239979468332406,"C2_hex_zonal_C2_norm":0.74964737402525505,"LAGUNA HEXMAP copy_D1_norm":0.80694076865256614,"D2_hex_zonal_D2_norm":0.74778034142491756,"B1HEX — B2HEX_B1_norm":0.0},"geometry":{"type":"Point","coordinates":[306132.666384912910871,1574169.516524152597412]}},
{"type":"Feature","properties":{"fid":348,"id":348,"left":305266.64098112844,"top":1573419.5165241526,"right":306998.69178869732,"bottom":1571919.5165241526,"row_index":23,"col_index":12,"A1_hex_zonal_A1_norm":0.81095781123799426,"A2V3_hex_zonal_A2_norm_fix":0.94024597561993895,"B2_HEXZONAL_B2_norm":0.12787611257002918,"C1_HEXZONAL_C1_norm":0.049154188238485802,"C2_hex_zonal_C2_norm":0.78187173550011757,"LAGUNA HEXMAP copy_D1_norm":0.99725583720399158,"D2_hex_zonal_D2_norm":0.78967481062199973,"B1HEX — B2HEX_B1_norm":0.027450980392156862},"geometry":{"type":"Point","coordinates":[306130.033776196709368,1572671.110057766083628]}},
{"type":"Feature","properties":{"fid":349,"id":349,"left":305266.64098112844,"top":1571919.5165241526,"right":306998.69178869732,"bottom":1570419.5165241526,"row_index":24,"col_index":12,"A1_hex_zonal_A1_norm":0.78105333404321642,"A2V3_hex_zonal_A2_norm_fix":0.82699320398712106,"B2_HEXZONAL_B2_norm":0.14893075019371205,"C1_HEXZONAL_C1_norm":0.16291347741231232,"C2_hex_zonal_C2_norm":0.81432702055345285,"LAGUNA HEXMAP copy_D1_norm":0.83620681268351693,"D2_hex_zonal_D2_norm":0.77917059603756089,"B1HEX — B2HEX_B1_norm":0.19607843137254902},"geometry":{"type":"Point","coordinates":[306132.666384912910871,1571169.516524152131751]}},
{"type":"Feature","properties":{"fid":350,"id":350,"left":305266.64098112844,"top":1570419.5165241526,"right":306998.69178869732,"bottom":1568919.5165241526,"row_index":25,"col_index":12,"A1_hex_zonal_A1_norm":0.86851442421784253,"A2V3_hex_zonal_A2_norm_fix":0.90873948968030938,"B2_HEXZONAL_B2_norm":0.1708973382155462,"C1_HEXZONAL_C1_norm":0.087428988589084683,"C2_hex_zonal_C2_norm":0.84597782822862766,"LAGUNA HEXMAP copy_D1_norm":0.84238824505936893,"D2_hex_zonal_D2_norm":0.91237976174083224,"B1HEX — B2HEX_B1_norm":0.090196078431372548},"geometry":{"type":"Point","coordinates":[306120.964064833475277,1569703.24548118119128]}},
{"type":"Feature","properties":{"fid":351,"id":351,"left":305266.64098112844,"top":1568919.5165241526,"right":306998.69178869732,"bottom":1567419.5165241526,"row_index":26,"col_index":12,"A1_hex_zonal_A1_norm":0.91955381169072969,"A2V3_hex_zonal_A2_norm_fix":0.99736749993833296,"B2_HEXZONAL_B2_norm":0.18540996109731778,"C1_HEXZONAL_C1_norm":0.0070121398404732384,"C2_hex_zonal_C2_norm":0.86390300882591753,"LAGUNA HEXMAP copy_D1_norm":0.95964252480244072,"D2_hex_zonal_D2_norm":0.98666542437719507,"B1HEX — B2HEX_B1_norm":0.0},"geometry":{"type":"Point","coordinates":[305735.73971448658267,1568777.221758611733094]}},
{"type":"Feature","properties":{"fid":356,"id":356,"left":306565.67908680509,"top":1601169.5165241526,"right":308297.72989437397,"bottom":1599669.5165241526,"row_index":4,"col_index":13,"A1_hex_zonal_A1_norm":0.55422390332335492,"A2V3_hex_zonal_A2_norm_fix":0.98711979069578248,"B2_HEXZONAL_B2_norm":null,"C1_HEXZONAL_C1_norm":null,"C2_hex_zonal_C2_norm":0.28875519700365671,"LAGUNA HEXMAP copy_D1_norm":0.92501417700130728,"D2_hex_zonal_D2_norm":0.98404709051621653,"B1HEX — B2HEX_B1_norm":0.0},"geometry":{"type":"Point","coordinates":[308157.789362379582599,1600433.469547332497314]}},
{"type":"Feature","properties":{"fid":357,"id":357,"left":306565.67908680509,"top":1599669.5165241526,"right":308297.72989437397,"bottom":1598169.5165241526,"row_index":5,"col_index":13,"A1_hex_zonal_A1_norm":0.53481608488897314,"A2V3_hex_zonal_A2_norm_fix":0.93345656856391945,"B2_HEXZONAL_B2_norm":null,"C1_HEXZONAL_C1_norm":0.0012946233384134047,"C2_hex_zonal_C2_norm":0.30709710824540498,"LAGUNA HEXMAP copy_D1_norm":0.88804806207020326,"D2_hex_zonal_D2_norm":0.91759375539613064,"B1HEX — B2HEX_B1_norm":0.0},"geometry":{"type":"Point","coordinates":[308199.90265031135641,1598892.037723263958469]}},
{"type":"Feature","properties":{"fid":358,"id":358,"left":306565.67908680509,"top":1598169.5165241526,"right":308297.72989437397,"bottom":1596669.5165241526,"row_index":6,"col_index":13,"A1_hex_zonal_A1_norm":0.71827077056741451,"A2V3_hex_zonal_A2_norm_fix":null,"B2_HEXZONAL_B2_norm":null,"C1_HEXZONAL_C1_norm":null,"C2_hex_zonal_C2_norm":0.32824806670039414,"LAGUNA HEXMAP copy_D1_norm":0.89843872053991836,"D2_hex_zonal_D2_norm":0.96629223572378886,"B1HEX — B2HEX_B1_norm":0.0},"geometry":{"type":"Point","coordinates":[308288.072513000981417,1597410.57109550642781]}},
{"type":"Feature","properties":{"fid":359,"id":359,"left":306565.67908680509,"top":1596669.5165241526,"right":308297.72989437397,"bottom":1595169.5165241526,"row_index":7,"col_index":13,"A1_hex_zonal_A1_norm":0.80181890549801582,"A2V3_hex_zonal_A2_norm_fix":0.98470642250665741,"B2_HEXZONAL_B2_norm":0.87619815125701295,"C1_HEXZONAL_C1_norm":0.0096103653821849131,"C2_hex_zonal_C2_norm":0.32657722860221367,"LAGUNA HEXMAP copy_D1_norm":0.94792458014401537,"D2_hex_zonal_D2_norm":0.97907004643094608,"B1HEX — B2HEX_B1_norm":0.0},"geometry":{"type":"Point","coordinates":[307087.496596435608808,1596117.939067340921611]}},
{"type":"Feature","properties":{"fid":360,"id":360,"left":306565.67908680509,"top":1595169.5165241526,"right":308297.72989437397,"bottom":1593669.5165241526,"row_index":8,"col_index":13,"A1_hex_zonal_A1_norm":0.93428291893617921,"A2V3_hex_zonal_A2_norm_fix":0.9647335172990249,"B2_HEXZONAL_B2_norm":0.91325008794257723,"C1_HEXZONAL_C1_norm":0.036440950725452718,"C2_hex_zonal_C2_norm":0.36074204283425504,"LAGUNA HEXMAP copy_D1_norm":0.98313239084892112,"D2_hex_zonal_D2_norm":0.9213560872785439,"B1HEX — B2HEX_B1_norm":0.0039215686274509803},"geometry":{"type":"Point","coordinates":[307351.103388297255151,1594269.071044966578484]}},
{"type":"Feature","properties":{"fid":361,"id":361,"left":306565.67908680509,"top":1593669.5165241526,"right":308297.72989437397,"bottom":1592169.5165241526,"row_index":9,"col_index":13,"A1_hex_zonal_A1_norm":0.81792441365466817,"A2V3_hex_zonal_A2_norm_fix":0.90416638053723952,"B2_HEXZONAL_B2_norm":0.80375226979110959,"C1_HEXZONAL_C1_norm":0.089932052493494091,"C2_hex_zonal_C2_norm":0.38500279884212096,"LAGUNA HEXMAP copy_D1_norm":0.89818899723016854,"D2_hex_zonal_D2_norm":0.88915552675382004,"B1HEX — B2HEX_B1_norm":0.011764705882352941},"geometry":{"type":"Point","coordinates":[307430.825225937413052,1592919.642055856296793]}},
{"type":"Feature","properties":{"fid":362,"id":362,"left":306565.67908680509,"top":1592169.5165241526,"right":308297.72989437397,"bottom":1590669.5165241526,"row_index":10,"col_index":13,"A1_hex_zonal_A1_norm":0.63792136719613179,"A2V3_hex_zonal_A2_norm_fix":0.90527894995873015,"B2_HEXZONAL_B2_norm":0.68088508064393627,"C1_HEXZONAL_C1_norm":0.093214877133944357,"C2_hex_zonal_C2_norm":0.41137683691536153,"LAGUNA HEXMAP copy_D1_norm":0.90416679637680297,"D2_hex_zonal_D2_norm":0.89624447331139523,"B1HEX — B2HEX_B1_norm":0.035294117647058823},"geometry":{"type":"Point","coordinates":[307409.806899497867562,1591418.849990967661142]}},
{"type":"Feature","properties":{"fid":363,"id":363,"left":306565.67908680509,"top":1590669.5165241526,"right":308297.72989437397,"bottom":1589169.5165241526,"row_index":11,"col_index":13,"A1_hex_zonal_A1_norm":0.65894596104922276,"A2V3_hex_zonal_A2_norm_fix":0.90931803224901675,"B2_HEXZONAL_B2_norm":0.58013078097719584,"C1_HEXZONAL_C1_norm":0.093291989888690752,"C2_hex_zonal_C2_norm":0.43916261664370859,"LAGUNA HEXMAP copy_D1_norm":0.90430634817852074,"D2_hex_zonal_D2_norm":0.9034990002617771,"B1HEX — B2HEX_B1_norm":0.074509803921568626},"geometry":{"type":"Point","coordinates":[307424.193120903859381,1589919.028152505867183]}},
{"type":"Feature","properties":{"fid":364,"id":364,"left":306565.67908680509,"top":1589169.5165241526,"right":308297.72989437397,"bottom":1587669.5165241526,"row_index":12,"col_index":13,"A1_hex_zonal_A1_norm":0.83945598647704556,"A2V3_hex_zonal_A2_norm_fix":0.92464953160485941,"B2_HEXZONAL_B2_norm":0.5061857958046676,"C1_HEXZONAL_C1_norm":0.078075112330698276,"C2_hex_zonal_C2_norm":0.46713668130014485,"LAGUNA HEXMAP copy_D1_norm":0.91297952930115023,"D2_hex_zonal_D2_norm":0.92032997821522189,"B1HEX — B2HEX_B1_norm":0.031372549019607843},"geometry":{"type":"Point","coordinates":[307393.292801785108168,1588420.502624223008752]}},
{"type":"Feature","properties":{"fid":365,"id":365,"left":306565.67908680509,"top":1587669.5165241526,"right":308297.72989437397,"bottom":1586169.5165241526,"row_index":13,"col_index":13,"A1_hex_zonal_A1_norm":0.94495939844892363,"A2V3_hex_zonal_A2_norm_fix":0.95579191163937338,"B2_HEXZONAL_B2_norm":0.44644971516470267,"C1_HEXZONAL_C1_norm":0.043568078923184789,"C2_hex_zonal_C2_norm":0.49456640283154474,"LAGUNA HEXMAP copy_D1_norm":0.97073106810703591,"D2_hex_zonal_D2_norm":0.95015867606384985,"B1HEX — B2HEX_B1_norm":0.050980392156862744},"geometry":{"type":"Point","coordinates":[307230.979516666033305,1586911.576364221982658]}},
{"type":"Feature","properties":{"fid":366,"id":366,"left":306565.67908680509,"top":1586169.5165241526,"right":308297.72989437397,"bottom":1584669.5165241526,"row_index":14,"col_index":13,"A1_hex_zonal_A1_norm":0.92230318593429439,"A2V3_hex_zonal_A2_norm_fix":0.92076648889063928,"B2_HEXZONAL_B2_norm":0.39032480002914194,"C1_HEXZONAL_C1_norm":0.057789722230222586,"C2_hex_zonal_C2_norm":0.52597917870909217,"LAGUNA HEXMAP copy_D1_norm":0.93424681945035415,"D2_hex_zonal_D2_norm":0.89949297020773178,"B1HEX — B2HEX_B1_norm":0.054901960784313725},"geometry":{"type":"Point","coordinates":[307345.456059345800895,1585384.199295405298471]}},
{"type":"Feature","properties":{"fid":367,"id":367,"left":306565.67908680509,"top":1584669.5165241526,"right":308297.72989437397,"bottom":1583169.5165241526,"row_index":15,"col_index":13,"A1_hex_zonal_A1_norm":0.84787688250519067,"A2V3_hex_zonal_A2_norm_fix":0.86907861555134613,"B2_HEXZONAL_B2_norm":0.33543916389324724,"C1_HEXZONAL_C1_norm":0.13381755693933339,"C2_hex_zonal_C2_norm":0.55617786991422591,"LAGUNA HEXMAP copy_D1_norm":0.87230997965212542,"D2_hex_zonal_D2_norm":0.84543974435001235,"B1HEX — B2HEX_B1_norm":0.039215686274509803},"geometry":{"type":"Point","coordinates":[307431.704490589501802,1583919.516524152364582]}},
{"type":"Feature","properties":{"fid":368,"id":368,"left":306565.67908680509,"top":1583169.5165241526,"right":308297.72989437397,"bottom":1581669.5165241526,"row_index":16,"col_index":13,"A1_hex_zonal_A1_norm":0.8330304594928486,"A2V3_hex_zonal_A2_norm_fix":0.83497063824348872,"B2_HEXZONAL_B2_norm":0.28150821661954151,"C1_HEXZONAL_C1_norm":0.17528709984409532,"C2_hex_zonal_C2_norm":0.58657805188965462,"LAGUNA HEXMAP copy_D1_norm":0.83869114431445357,"D2_hex_zonal_D2_norm":0.81784371930272215,"B1HEX — B2HEX_B1_norm":0.10588235294117647},"geometry":{"type":"Point","coordinates":[307431.704490589501802,1582419.516524152364582]}},
{"type":"Feature","properties":{"fid":369,"id":369,"left":306565.67908680509,"top":1581669.5165241526,"right":308297.72989437397,"bottom":1580169.5165241526,"row_index":17,"col_index":13,"A1_hex_zonal_A1_norm":0.76777735446512307,"A2V3_hex_zonal_A2_norm_fix":0.7380800952131692,"B2_HEXZONAL_B2_norm":0.23432298733532031,"C1_HEXZONAL_C1_norm":0.24790016846384885,"C2_hex_zonal_C2_norm":0.61731242734408409,"LAGUNA HEXMAP copy_D1_norm":0.72015092955844229,"D2_hex_zonal_D2_norm":0.73073938792346926,"B1HEX — B2HEX_B1_norm":0.094117647058823528},"geometry":{"type":"Point","coordinates":[307431.704490589501802,1580919.516524152364582]}},
{"type":"Feature","properties":{"fid":370,"id":370,"left":306565.67908680509,"top":1580169.5165241526,"right":308297.72989437397,"bottom":1578669.5165241526,"row_index":18,"col_index":13,"A1_hex_zonal_A1_norm":0.67366319997537838,"A2V3_hex_zonal_A2_norm_fix":0.65409244020133794,"B2_HEXZONAL_B2_norm":0.18736032556190385,"C1_HEXZONAL_C1_norm":0.33473148745800152,"C2_hex_zonal_C2_norm":0.64833456969916115,"LAGUNA HEXMAP copy_D1_norm":0.66519614064439914,"D2_hex_zonal_D2_norm":0.64614576723647965,"B1HEX — B2HEX_B1_norm":0.0},"geometry":{"type":"Point","coordinates":[307431.704490589501802,1579419.516524152364582]}},
{"type":"Feature","properties":{"fid":371,"id":371,"left":306565.67908680509,"top":1578669.5165241526,"right":308297.72989437397,"bottom":1577169.5165241526,"row_index":19,"col_index":13,"A1_hex_zonal_A1_norm":0.5433583653861388,"A2V3_hex_zonal_A2_norm_fix":0.52039565638245366,"B2_HEXZONAL_B2_norm":0.13743243312880793,"C1_HEXZONAL_C1_norm":0.44818909214179919,"C2_hex_zonal_C2_norm":0.67960594502151939,"LAGUNA HEXMAP copy_D1_norm":0.53288699596153011,"D2_hex_zonal_D2_norm":0.51299817861396013,"B1HEX — B2HEX_B1_norm":0.0},"geometry":{"type":"Point","coordinates":[307431.704490589501802,1577919.516524152364582]}},
{"type":"Feature","properties":{"fid":372,"id":372,"left":306565.67908680509,"top":1577169.5165241526,"right":308297.72989437397,"bottom":1575669.5165241526,"row_index":20,"col_index":13,"A1_hex_zonal_A1_norm":0.51476372871670328,"A2V3_hex_zonal_A2_norm_fix":0.49480933049795162,"B2_HEXZONAL_B2_norm":0.087335813824661379,"C1_HEXZONAL_C1_norm":0.49246232366188886,"C2_hex_zonal_C2_norm":0.71109436678395632,"LAGUNA HEXMAP copy_D1_norm":0.49405349120873898,"D2_hex_zonal_D2_norm":0.45960489471860033,"B1HEX — B2HEX_B1_norm":0.0},"geometry":{"type":"Point","coordinates":[307431.704490589501802,1576419.516524152364582]}},
{"type":"Feature","properties":{"fid":373,"id":373,"left":306565.67908680509,"top":1575669.5165241526,"right":308297.72989437397,"bottom":1574169.5165241526,"row_index":21,"col_index":13,"A1_hex_zonal_A1_norm":0.61744640006808349,"A2V3_hex_zonal_A2_norm_fix":0.65667121019412944,"B2_HEXZONAL_B2_norm":0.058020109475672599,"C1_HEXZONAL_C1_norm":0.33474556655631516,"C2_hex_zonal_C2_norm":0.74277279426972653,"LAGUNA HEXMAP copy_D1_norm":0.66859341265184236,"D2_hex_zonal_D2_norm":0.55302145651140266,"B1HEX — B2HEX_B1_norm":0.0},"geometry":{"type":"Point","coordinates":[307431.704490589501802,1574919.516524152364582]}},
{"type":"Feature","properties":{"fid":374,"id":374,"left":306565.67908680509,"top":1574169.5165241526,"right":308297.72989437397,"bottom":1572669.5165241526,"row_index":22,"col_index":13,"A1_hex_zonal_A1_norm":0.65350778936012222,"A2V3_hex_zonal_A2_norm_fix":0.80543343758738206,"B2_HEXZONAL_B2_norm":0.065098827237060619,"C1_HEXZONAL_C1_norm":0.17744723572725488,"C2_hex_zonal_C2_norm":0.77461836621307478,"LAGUNA HEXMAP copy_D1_norm":0.81006984608184873,"D2_hex_zonal_D2_norm":0.60408029335778801,"B1HEX — B2HEX_B1_norm":0.0},"geometry":{"type":"Point","coordinates":[307431.704490589501802,1573419.516524152364582]}},
{"type":"Feature","properties":{"fid":375,"id":375,"left":306565.67908680509,"top":1572669.5165241526,"right":308297.72989437397,"bottom":1571169.5165241526,"row_index":23,"col_index":13,"A1_hex_zonal_A1_norm":0.67455661387000709,"A2V3_hex_zonal_A2_norm_fix":0.81701473263260493,"B2_HEXZONAL_B2_norm":0.09609035424814083,"C1_HEXZONAL_C1_norm":0.15349706353484513,"C2_hex_zonal_C2_norm":0.80661165869142448,"LAGUNA HEXMAP copy_D1_norm":0.83774236777265598,"D2_hex_zonal_D2_norm":0.6701860933204391,"B1HEX — B2HEX_B1_norm":0.0},"geometry":{"type":"Point","coordinates":[307431.704490589501802,1571919.516524152364582]}},
{"type":"Feature","properties":{"fid":376,"id":376,"left":306565.67908680509,"top":1571169.5165241526,"right":308297.72989437397,"bottom":1569669.5165241526,"row_index":24,"col_index":13,"A1_hex_zonal_A1_norm":0.79381416262181692,"A2V3_hex_zonal_A2_norm_fix":0.80264368377505468,"B2_HEXZONAL_B2_norm":0.12832905022692898,"C1_HEXZONAL_C1_norm":0.19391892691545637,"C2_hex_zonal_C2_norm":0.83873606917812571,"LAGUNA HEXMAP copy_D1_norm":0.75747478063208495,"D2_hex_zonal_D2_norm":0.79856382624022637,"B1HEX — B2HEX_B1_norm":0.070588235294117646},"geometry":{"type":"Point","coordinates":[307431.704490589501802,1570419.516524152597412]}},
{"type":"Feature","properties":{"fid":377,"id":377,"left":306565.67908680509,"top":1569669.5165241526,"right":308297.72989437397,"bottom":1568169.5165241526,"row_index":25,"col_index":13,"A1_hex_zonal_A1_norm":0.91731529006782508,"A2V3_hex_zonal_A2_norm_fix":0.94160017138892915,"B2_HEXZONAL_B2_norm":0.15593435633267128,"C1_HEXZONAL_C1_norm":0.057616479016235907,"C2_hex_zonal_C2_norm":0.86976446532444862,"LAGUNA HEXMAP copy_D1_norm":0.91821401935972125,"D2_hex_zonal_D2_norm":0.93307721183132608,"B1HEX — B2HEX_B1_norm":0.027450980392156862},"geometry":{"type":"Point","coordinates":[307450.630595946626272,1568979.59135018591769]}},
{"type":"Feature","properties":{"fid":383,"id":383,"left":307864.71719248174,"top":1601919.5165241526,"right":309596.76800005062,"bottom":1600419.5165241526,"row_index":4,"col_index":14,"A1_hex_zonal_A1_norm":0.62154551244497203,"A2V3_hex_zonal_A2_norm_fix":0.97812016016988068,"B2_HEXZONAL_B2_norm":0.62339453239580955,"C1_HEXZONAL_C1_norm":0.014915089668784956,"C2_hex_zonal_C2_norm":0.29523475811370248,"LAGUNA HEXMAP copy_D1_norm":0.97659151529651123,"D2_hex_zonal_D2_norm":0.96984266311550194,"B1HEX — B2HEX_B1_norm":0.0},"geometry":{"type":"Point","coordinates":[308679.054183803847991,1600846.516421063570306]}},
{"type":"Feature","properties":{"fid":384,"id":384,"left":307864.71719248174,"top":1600419.5165241526,"right":309596.76800005062,"bottom":1598919.5165241526,"row_index":5,"col_index":14,"A1_hex_zonal_A1_norm":0.51880650156144814,"A2V3_hex_zonal_A2_norm_fix":0.93923489507476288,"B2_HEXZONAL_B2_norm":0.66216671413829253,"C1_HEXZONAL_C1_norm":0.059748214157756191,"C2_hex_zonal_C2_norm":0.30950233773961072,"LAGUNA HEXMAP copy_D1_norm":0.91148631520923529,"D2_hex_zonal_D2_norm":0.89547179273801492,"B1HEX — B2HEX_B1_norm":0.0},"geometry":{"type":"Point","coordinates":[308789.163562334724702,1599672.044123180676252]}},
{"type":"Feature","properties":{"fid":385,"id":385,"left":307864.71719248174,"top":1598919.5165241526,"right":309596.76800005062,"bottom":1597419.5165241526,"row_index":6,"col_index":14,"A1_hex_zonal_A1_norm":0.61867018750830782,"A2V3_hex_zonal_A2_norm_fix":0.91512771596933851,"B2_HEXZONAL_B2_norm":0.74146452272431285,"C1_HEXZONAL_C1_norm":0.067751691834729982,"C2_hex_zonal_C2_norm":0.32798466437792967,"LAGUNA HEXMAP copy_D1_norm":0.78840419209193113,"D2_hex_zonal_D2_norm":0.85428856237664641,"B1HEX — B2HEX_B1_norm":0.019607843137254902},"geometry":{"type":"Point","coordinates":[308843.440440123609733,1598192.268773357151076]}},
{"type":"Feature","properties":{"fid":386,"id":386,"left":307864.71719248174,"top":1597419.5165241526,"right":309596.76800005062,"bottom":1595919.5165241526,"row_index":7,"col_index":14,"A1_hex_zonal_A1_norm":0.80187457046752597,"A2V3_hex_zonal_A2_norm_fix":0.9186843199287843,"B2_HEXZONAL_B2_norm":0.87855724510528832,"C1_HEXZONAL_C1_norm":0.067786249706020207,"C2_hex_zonal_C2_norm":0.34810584652264709,"LAGUNA HEXMAP copy_D1_norm":0.92497981656960171,"D2_hex_zonal_D2_norm":0.92025614512559306,"B1HEX — B2HEX_B1_norm":0.074509803921568626},"geometry":{"type":"Point","coordinates":[308834.865798055368941,1596670.058362580602989]}},
{"type":"Feature","properties":{"fid":387,"id":387,"left":307864.71719248174,"top":1595919.5165241526,"right":309596.76800005062,"bottom":1594419.5165241526,"row_index":8,"col_index":14,"A1_hex_zonal_A1_norm":0.94170363778763899,"A2V3_hex_zonal_A2_norm_fix":0.95030978705406288,"B2_HEXZONAL_B2_norm":1.0,"C1_HEXZONAL_C1_norm":0.039522900836528284,"C2_hex_zonal_C2_norm":0.36926802626747529,"LAGUNA HEXMAP copy_D1_norm":0.96072221440524885,"D2_hex_zonal_D2_norm":0.94706708966980269,"B1HEX — B2HEX_B1_norm":0.0039215686274509803},"geometry":{"type":"Point","coordinates":[308843.320433639339171,1595221.386386765399948]}},
{"type":"Feature","properties":{"fid":388,"id":388,"left":307864.71719248174,"top":1594419.5165241526,"right":309596.76800005062,"bottom":1592919.5165241526,"row_index":9,"col_index":14,"A1_hex_zonal_A1_norm":0.87021109503820493,"A2V3_hex_zonal_A2_norm_fix":0.96943458777754421,"B2_HEXZONAL_B2_norm":0.93670390246339708,"C1_HEXZONAL_C1_norm":0.019981702892421502,"C2_hex_zonal_C2_norm":0.39009473318540977,"LAGUNA HEXMAP copy_D1_norm":0.93161568619032187,"D2_hex_zonal_D2_norm":0.96360069794074477,"B1HEX — B2HEX_B1_norm":0.0039215686274509803},"geometry":{"type":"Point","coordinates":[308646.304428520845249,1593690.926546138944104]}},
{"type":"Feature","properties":{"fid":389,"id":389,"left":307864.71719248174,"top":1592919.5165241526,"right":309596.76800005062,"bottom":1591419.5165241526,"row_index":10,"col_index":14,"A1_hex_zonal_A1_norm":0.72379109969331457,"A2V3_hex_zonal_A2_norm_fix":0.98649702734242395,"B2_HEXZONAL_B2_norm":0.72786198857203255,"C1_HEXZONAL_C1_norm":0.014861911962745656,"C2_hex_zonal_C2_norm":0.40770496630736808,"LAGUNA HEXMAP copy_D1_norm":0.95579156962806999,"D2_hex_zonal_D2_norm":0.98147265038539022,"B1HEX — B2HEX_B1_norm":0.0},"geometry":{"type":"Point","coordinates":[308129.788353510492016,1592178.104584007291123]}},
{"type":"Feature","properties":{"fid":390,"id":390,"left":307864.71719248174,"top":1591419.5165241526,"right":309596.76800005062,"bottom":1589919.5165241526,"row_index":11,"col_index":14,"A1_hex_zonal_A1_norm":0.57455602541722128,"A2V3_hex_zonal_A2_norm_fix":0.98701121723266028,"B2_HEXZONAL_B2_norm":0.59839116635968559,"C1_HEXZONAL_C1_norm":0.0083085813947913964,"C2_hex_zonal_C2_norm":0.43249469667059526,"LAGUNA HEXMAP copy_D1_norm":0.9906325052378866,"D2_hex_zonal_D2_norm":0.99078706451082044,"B1HEX — B2HEX_B1_norm":0.0},"geometry":{"type":"Point","coordinates":[308045.057376174023375,1590706.966300497762859]}},
{"type":"Feature","properties":{"fid":391,"id":391,"left":307864.71719248174,"top":1589919.5165241526,"right":309596.76800005062,"bottom":1588419.5165241526,"row_index":12,"col_index":14,"A1_hex_zonal_A1_norm":0.73927036269392254,"A2V3_hex_zonal_A2_norm_fix":0.9862840733759588,"B2_HEXZONAL_B2_norm":0.50378651410823128,"C1_HEXZONAL_C1_norm":0.0098222690336098577,"C2_hex_zonal_C2_norm":0.46070250615586394,"LAGUNA HEXMAP copy_D1_norm":0.97506151353693382,"D2_hex_zonal_D2_norm":0.98464544001171672,"B1HEX — B2HEX_B1_norm":0.0},"geometry":{"type":"Point","coordinates":[308074.769865630252752,1589193.031128945294768]}},
{"type":"Feature","properties":{"fid":392,"id":392,"left":307864.71719248174,"top":1588419.5165241526,"right":309596.76800005062,"bottom":1586919.5165241526,"row_index":13,"col_index":14,"A1_hex_zonal_A1_norm":0.89149080499347599,"A2V3_hex_zonal_A2_norm_fix":1.0,"B2_HEXZONAL_B2_norm":null,"C1_HEXZONAL_C1_norm":null,"C2_hex_zonal_C2_norm":0.48436321353551226,"LAGUNA HEXMAP copy_D1_norm":0.99903880342217255,"D2_hex_zonal_D2_norm":1.0,"B1HEX — B2HEX_B1_norm":0.0},"geometry":{"type":"Point","coordinates":[307985.250168815487996,1587869.192987699294463]}},
{"type":"Feature","properties":{"fid":394,"id":394,"left":307864.71719248174,"top":1585419.5165241526,"right":309596.76800005062,"bottom":1583919.5165241526,"row_index":15,"col_index":14,"A1_hex_zonal_A1_norm":0.94261024531350046,"A2V3_hex_zonal_A2_norm_fix":0.9786987509166013,"B2_HEXZONAL_B2_norm":0.32311923670072606,"C1_HEXZONAL_C1_norm":0.02135734341461672,"C2_hex_zonal_C2_norm":0.55426565833479147,"LAGUNA HEXMAP copy_D1_norm":0.98502663164859472,"D2_hex_zonal_D2_norm":0.964173406177673,"B1HEX — B2HEX_B1_norm":0.0039215686274509803},"geometry":{"type":"Point","coordinates":[308277.62919781904202,1584452.814225132577121]}},
{"type":"Feature","properties":{"fid":395,"id":395,"left":307864.71719248174,"top":1583919.5165241526,"right":309596.76800005062,"bottom":1582419.5165241526,"row_index":16,"col_index":14,"A1_hex_zonal_A1_norm":0.94350671389943375,"A2V3_hex_zonal_A2_norm_fix":0.96420815121152226,"B2_HEXZONAL_B2_norm":0.24477146432469188,"C1_HEXZONAL_C1_norm":0.031249312831580261,"C2_hex_zonal_C2_norm":0.58454141960760109,"LAGUNA HEXMAP copy_D1_norm":0.98028760242248791,"D2_hex_zonal_D2_norm":0.94789543658307551,"B1HEX — B2HEX_B1_norm":0.023529411764705882},"geometry":{"type":"Point","coordinates":[308433.298899932648055,1583009.408784647937864]}},
{"type":"Feature","properties":{"fid":396,"id":396,"left":307864.71719248174,"top":1582419.5165241526,"right":309596.76800005062,"bottom":1580919.5165241526,"row_index":17,"col_index":14,"A1_hex_zonal_A1_norm":0.92650030786726889,"A2V3_hex_zonal_A2_norm_fix":0.89667130552135932,"B2_HEXZONAL_B2_norm":0.19796854451994317,"C1_HEXZONAL_C1_norm":0.073406367464651373,"C2_hex_zonal_C2_norm":0.61387034004534824,"LAGUNA HEXMAP copy_D1_norm":0.87598969964612616,"D2_hex_zonal_D2_norm":0.91437962798655936,"B1HEX — B2HEX_B1_norm":0.078431372549019607},"geometry":{"type":"Point","coordinates":[308659.160130936827045,1581661.826292693149298]}},
{"type":"Feature","properties":{"fid":397,"id":397,"left":307864.71719248174,"top":1580919.5165241526,"right":309596.76800005062,"bottom":1579419.5165241526,"row_index":18,"col_index":14,"A1_hex_zonal_A1_norm":0.85237056416124524,"A2V3_hex_zonal_A2_norm_fix":0.84542213365522845,"B2_HEXZONAL_B2_norm":0.15835137203544902,"C1_HEXZONAL_C1_norm":0.13480734373414791,"C2_hex_zonal_C2_norm":0.64472721954507617,"LAGUNA HEXMAP copy_D1_norm":0.85497770681722918,"D2_hex_zonal_D2_norm":0.84403342943733572,"B1HEX — B2HEX_B1_norm":0.043137254901960784},"geometry":{"type":"Point","coordinates":[308730.74259626615094,1580169.516524152597412]}},
{"type":"Feature","properties":{"fid":398,"id":398,"left":307864.71719248174,"top":1579419.5165241526,"right":309596.76800005062,"bottom":1577919.5165241526,"row_index":19,"col_index":14,"A1_hex_zonal_A1_norm":0.71107629109455317,"A2V3_hex_zonal_A2_norm_fix":0.69464676609245268,"B2_HEXZONAL_B2_norm":0.11735761982413273,"C1_HEXZONAL_C1_norm":0.25708959212269672,"C2_hex_zonal_C2_norm":0.67534041582864424,"LAGUNA HEXMAP copy_D1_norm":0.69869301273033657,"D2_hex_zonal_D2_norm":0.69069521935266431,"B1HEX — B2HEX_B1_norm":0.0},"geometry":{"type":"Point","coordinates":[308730.74259626615094,1578669.516524152364582]}},
{"type":"Feature","properties":{"fid":399,"id":399,"left":307864.71719248174,"top":1577919.5165241526,"right":309596.76800005062,"bottom":1576419.5165241526,"row_index":20,"col_index":14,"A1_hex_zonal_A1_norm":0.54428068509404604,"A2V3_hex_zonal_A2_norm_fix":0.51446632603604892,"B2_HEXZONAL_B2_norm":0.067238861668116989,"C1_HEXZONAL_C1_norm":0.43342345628795875,"C2_hex_zonal_C2_norm":0.70622858781184039,"LAGUNA HEXMAP copy_D1_norm":0.51726118666288445,"D2_hex_zonal_D2_norm":0.50362682986931528,"B1HEX — B2HEX_B1_norm":0.0},"geometry":{"type":"Point","coordinates":[308730.74259626615094,1577169.516524152131751]}},
{"type":"Feature","properties":{"fid":400,"id":400,"left":307864.71719248174,"top":1576419.5165241526,"right":309596.76800005062,"bottom":1574919.5165241526,"row_index":21,"col_index":14,"A1_hex_zonal_A1_norm":0.44638539587772663,"A2V3_hex_zonal_A2_norm_fix":0.48514775490393902,"B2_HEXZONAL_B2_norm":0.021298729927964333,"C1_HEXZONAL_C1_norm":0.50973836015260687,"C2_hex_zonal_C2_norm":0.73735788727585727,"LAGUNA HEXMAP copy_D1_norm":0.49516535817456619,"D2_hex_zonal_D2_norm":0.37594717671214239,"B1HEX — B2HEX_B1_norm":0.0},"geometry":{"type":"Point","coordinates":[308730.74259626615094,1575669.516524152364582]}},
{"type":"Feature","properties":{"fid":401,"id":401,"left":307864.71719248174,"top":1574919.5165241526,"right":309596.76800005062,"bottom":1573419.5165241526,"row_index":22,"col_index":14,"A1_hex_zonal_A1_norm":0.49307741778395553,"A2V3_hex_zonal_A2_norm_fix":0.61419107632963255,"B2_HEXZONAL_B2_norm":0.020110879000859949,"C1_HEXZONAL_C1_norm":0.37507567310939194,"C2_hex_zonal_C2_norm":0.76869959424106715,"LAGUNA HEXMAP copy_D1_norm":0.62083402166029167,"D2_hex_zonal_D2_norm":0.4704586921131001,"B1HEX — B2HEX_B1_norm":0.0},"geometry":{"type":"Point","coordinates":[308730.74259626615094,1574169.516524152597412]}},
{"type":"Feature","properties":{"fid":402,"id":402,"left":307864.71719248174,"top":1573419.5165241526,"right":309596.76800005062,"bottom":1571919.5165241526,"row_index":23,"col_index":14,"A1_hex_zonal_A1_norm":0.59446935195656903,"A2V3_hex_zonal_A2_norm_fix":0.69544322306474249,"B2_HEXZONAL_B2_norm":0.056242582369084637,"C1_HEXZONAL_C1_norm":0.28317338675989639,"C2_hex_zonal_C2_norm":0.80022922225053794,"LAGUNA HEXMAP copy_D1_norm":0.68719985432394293,"D2_hex_zonal_D2_norm":0.64972250017763589,"B1HEX — B2HEX_B1_norm":0.0},"geometry":{"type":"Point","coordinates":[308730.74259626615094,1572669.516524152364582]}},
{"type":"Feature","properties":{"fid":403,"id":403,"left":307864.71719248174,"top":1571919.5165241526,"right":309596.76800005062,"bottom":1570419.5165241526,"row_index":24,"col_index":14,"A1_hex_zonal_A1_norm":0.77029246094993042,"A2V3_hex_zonal_A2_norm_fix":0.8213475622326305,"B2_HEXZONAL_B2_norm":0.096524026846442568,"C1_HEXZONAL_C1_norm":0.17330287267605962,"C2_hex_zonal_C2_norm":0.83192579121908772,"LAGUNA HEXMAP copy_D1_norm":0.83105175958886957,"D2_hex_zonal_D2_norm":0.82331526063710292,"B1HEX — B2HEX_B1_norm":0.0078431372549019607},"geometry":{"type":"Point","coordinates":[308730.74259626615094,1571169.516524152131751]}},
{"type":"Feature","properties":{"fid":404,"id":404,"left":307864.71719248174,"top":1570419.5165241526,"right":309596.76800005062,"bottom":1568919.5165241526,"row_index":25,"col_index":14,"A1_hex_zonal_A1_norm":0.90457772517891177,"A2V3_hex_zonal_A2_norm_fix":0.93305533250022332,"B2_HEXZONAL_B2_norm":0.12891965158772267,"C1_HEXZONAL_C1_norm":0.074046241739287921,"C2_hex_zonal_C2_norm":0.86212828712037026,"LAGUNA HEXMAP copy_D1_norm":0.89580562845995959,"D2_hex_zonal_D2_norm":0.92140096511178782,"B1HEX — B2HEX_B1_norm":0.043137254901960784},"geometry":{"type":"Point","coordinates":[308659.04982263117563,1569722.403671781066805]}},
{"type":"Feature","properties":{"fid":405,"id":405,"left":307864.71719248174,"top":1568919.5165241526,"right":309596.76800005062,"bottom":1567419.5165241526,"row_index":26,"col_index":14,"A1_hex_zonal_A1_norm":0.88153901180112237,"A2V3_hex_zonal_A2_norm_fix":0.98998402736470759,"B2_HEXZONAL_B2_norm":0.14162864980644729,"C1_HEXZONAL_C1_norm":0.0097226025376187727,"C2_hex_zonal_C2_norm":0.88082738902962954,"LAGUNA HEXMAP copy_D1_norm":0.95185948208300597,"D2_hex_zonal_D2_norm":0.97984101752518793,"B1HEX — B2HEX_B1_norm":0.0},"geometry":{"type":"Point","coordinates":[308440.789877305505797,1568772.216293974313885]}},
{"type":"Feature","properties":{"fid":408,"id":408,"left":309163.75529815839,"top":1604169.5165241526,"right":310895.80610572727,"bottom":1602669.5165241526,"row_index":2,"col_index":15,"A1_hex_zonal_A1_norm":0.94508435323536299,"A2V3_hex_zonal_A2_norm_fix":0.92998206672761685,"B2_HEXZONAL_B2_norm":0.56368783922587995,"C1_HEXZONAL_C1_norm":0.048811720148421715,"C2_hex_zonal_C2_norm":0.31521430593643929,"LAGUNA HEXMAP copy_D1_norm":0.94631824992812008,"D2_hex_zonal_D2_norm":0.94701499231111541,"B1HEX — B2HEX_B1_norm":0.0},"geometry":{"type":"Point","coordinates":[310465.861518788908143,1603241.247612613253295]}},
{"type":"Feature","properties":{"fid":409,"id":409,"left":309163.75529815839,"top":1602669.5165241526,"right":310895.80610572727,"bottom":1601169.5165241526,"row_index":3,"col_index":15,"A1_hex_zonal_A1_norm":0.81106207955441012,"A2V3_hex_zonal_A2_norm_fix":0.94808613541145736,"B2_HEXZONAL_B2_norm":0.58617158122077684,"C1_HEXZONAL_C1_norm":0.048244395382801952,"C2_hex_zonal_C2_norm":0.31879580952716774,"LAGUNA HEXMAP copy_D1_norm":0.93921728313191821,"D2_hex_zonal_D2_norm":0.94554271807763191,"B1HEX — B2HEX_B1_norm":0.015686274509803921},"geometry":{"type":"Point","coordinates":[310251.635613124584779,1601951.965586590580642]}},
{"type":"Feature","properties":{"fid":410,"id":410,"left":309163.75529815839,"top":1601169.5165241526,"right":310895.80610572727,"bottom":1599669.5165241526,"row_index":4,"col_index":15,"A1_hex_zonal_A1_norm":0.61616169714763858,"A2V3_hex_zonal_A2_norm_fix":0.90509640837169536,"B2_HEXZONAL_B2_norm":0.62029945977156786,"C1_HEXZONAL_C1_norm":0.075975944699595704,"C2_hex_zonal_C2_norm":0.32856383895452174,"LAGUNA HEXMAP copy_D1_norm":0.88439871271845294,"D2_hex_zonal_D2_norm":0.90173385468054656,"B1HEX — B2HEX_B1_norm":0.039215686274509803},"geometry":{"type":"Point","coordinates":[310089.735470206534956,1600366.016317137517035]}},
{"type":"Feature","properties":{"fid":411,"id":411,"left":309163.75529815839,"top":1599669.5165241526,"right":310895.80610572727,"bottom":1598169.5165241526,"row_index":5,"col_index":15,"A1_hex_zonal_A1_norm":0.51336017693270386,"A2V3_hex_zonal_A2_norm_fix":0.79700238872457008,"B2_HEXZONAL_B2_norm":0.66318778680630808,"C1_HEXZONAL_C1_norm":0.20278696098846569,"C2_hex_zonal_C2_norm":0.3420694394908787,"LAGUNA HEXMAP copy_D1_norm":0.76123401993516149,"D2_hex_zonal_D2_norm":0.77315421046538291,"B1HEX — B2HEX_B1_norm":0.047058823529411764},"geometry":{"type":"Point","coordinates":[310029.780701942800079,1598919.516524152131751]}},
{"type":"Feature","properties":{"fid":412,"id":412,"left":309163.75529815839,"top":1598169.5165241526,"right":310895.80610572727,"bottom":1596669.5165241526,"row_index":6,"col_index":15,"A1_hex_zonal_A1_norm":0.65955614338088442,"A2V3_hex_zonal_A2_norm_fix":0.77678160094657445,"B2_HEXZONAL_B2_norm":0.74481038498302388,"C1_HEXZONAL_C1_norm":0.22376779881540537,"C2_hex_zonal_C2_norm":0.35976488435676091,"LAGUNA HEXMAP copy_D1_norm":0.75812534186778124,"D2_hex_zonal_D2_norm":0.76101778540985587,"B1HEX — B2HEX_B1_norm":0.070588235294117646},"geometry":{"type":"Point","coordinates":[310029.780701942800079,1597419.516524152597412]}},
{"type":"Feature","properties":{"fid":413,"id":413,"left":309163.75529815839,"top":1596669.5165241526,"right":310895.80610572727,"bottom":1595169.5165241526,"row_index":7,"col_index":15,"A1_hex_zonal_A1_norm":0.79557059594028123,"A2V3_hex_zonal_A2_norm_fix":0.78920141581667957,"B2_HEXZONAL_B2_norm":0.86066866252673713,"C1_HEXZONAL_C1_norm":0.2021301011082933,"C2_hex_zonal_C2_norm":0.37954840031184711,"LAGUNA HEXMAP copy_D1_norm":0.79104587793787151,"D2_hex_zonal_D2_norm":0.78847796772606404,"B1HEX — B2HEX_B1_norm":0.0},"geometry":{"type":"Point","coordinates":[310029.780701942800079,1595919.516524152364582]}},
{"type":"Feature","properties":{"fid":414,"id":414,"left":309163.75529815839,"top":1595169.5165241526,"right":310895.80610572727,"bottom":1593669.5165241526,"row_index":8,"col_index":15,"A1_hex_zonal_A1_norm":0.84275030059226219,"A2V3_hex_zonal_A2_norm_fix":0.85868553360864164,"B2_HEXZONAL_B2_norm":0.84433141705431991,"C1_HEXZONAL_C1_norm":0.12357620811130092,"C2_hex_zonal_C2_norm":0.4011225354895212,"LAGUNA HEXMAP copy_D1_norm":0.86197035418215839,"D2_hex_zonal_D2_norm":0.85354617424724155,"B1HEX — B2HEX_B1_norm":0.031372549019607843},"geometry":{"type":"Point","coordinates":[310029.780701942800079,1594419.516524152364582]}},
{"type":"Feature","properties":{"fid":415,"id":415,"left":309163.75529815839,"top":1593669.5165241526,"right":310895.80610572727,"bottom":1592169.5165241526,"row_index":9,"col_index":15,"A1_hex_zonal_A1_norm":0.72875824078779738,"A2V3_hex_zonal_A2_norm_fix":0.91907999172410682,"B2_HEXZONAL_B2_norm":0.68963228511650043,"C1_HEXZONAL_C1_norm":0.077785342277350081,"C2_hex_zonal_C2_norm":0.42432814639528627,"LAGUNA HEXMAP copy_D1_norm":0.89602476809273546,"D2_hex_zonal_D2_norm":0.88448505011039069,"B1HEX — B2HEX_B1_norm":0.15686274509803921},"geometry":{"type":"Point","coordinates":[310062.24653922021389,1592944.093976967735216]}},
{"type":"Feature","properties":{"fid":416,"id":416,"left":309163.75529815839,"top":1592169.5165241526,"right":310895.80610572727,"bottom":1590669.5165241526,"row_index":10,"col_index":15,"A1_hex_zonal_A1_norm":0.55406032528153926,"A2V3_hex_zonal_A2_norm_fix":0.93368290661581554,"B2_HEXZONAL_B2_norm":0.50905800617007735,"C1_HEXZONAL_C1_norm":0.05994779726671931,"C2_hex_zonal_C2_norm":0.45153931669540343,"LAGUNA HEXMAP copy_D1_norm":0.92158843613883834,"D2_hex_zonal_D2_norm":0.78750876162833228,"B1HEX — B2HEX_B1_norm":0.023529411764705882},"geometry":{"type":"Point","coordinates":[310206.693744985677768,1591406.200911062769592]}},
{"type":"Feature","properties":{"fid":417,"id":417,"left":309163.75529815839,"top":1590669.5165241526,"right":310895.80610572727,"bottom":1589169.5165241526,"row_index":11,"col_index":15,"A1_hex_zonal_A1_norm":0.51668521589488048,"A2V3_hex_zonal_A2_norm_fix":0.92650052673221028,"B2_HEXZONAL_B2_norm":0.40762771008892063,"C1_HEXZONAL_C1_norm":0.054534891540704122,"C2_hex_zonal_C2_norm":0.4770119406263072,"LAGUNA HEXMAP copy_D1_norm":0.92892525235773138,"D2_hex_zonal_D2_norm":0.83107887355167254,"B1HEX — B2HEX_B1_norm":0.031372549019607843},"geometry":{"type":"Point","coordinates":[310241.54176556825405,1589928.436872323742136]}},
{"type":"Feature","properties":{"fid":418,"id":418,"left":309163.75529815839,"top":1589169.5165241526,"right":310895.80610572727,"bottom":1587669.5165241526,"row_index":12,"col_index":15,"A1_hex_zonal_A1_norm":0.60288748617781107,"A2V3_hex_zonal_A2_norm_fix":0.95612123726318632,"B2_HEXZONAL_B2_norm":0.33881095033266639,"C1_HEXZONAL_C1_norm":0.037836459019314171,"C2_hex_zonal_C2_norm":0.50460664430167812,"LAGUNA HEXMAP copy_D1_norm":0.95597636283411203,"D2_hex_zonal_D2_norm":0.9543058086507219,"B1HEX — B2HEX_B1_norm":0.0078431372549019607},"geometry":{"type":"Point","coordinates":[310392.282569670991506,1588469.090998701285571]}},
{"type":"Feature","properties":{"fid":419,"id":419,"left":309163.75529815839,"top":1587669.5165241526,"right":310895.80610572727,"bottom":1586169.5165241526,"row_index":13,"col_index":15,"A1_hex_zonal_A1_norm":0.65546732008919995,"A2V3_hex_zonal_A2_norm_fix":0.97692856505489123,"B2_HEXZONAL_B2_norm":0.29233081251483928,"C1_HEXZONAL_C1_norm":0.015969996973060542,"C2_hex_zonal_C2_norm":0.52808916020003527,"LAGUNA HEXMAP copy_D1_norm":0.96687394312422048,"D2_hex_zonal_D2_norm":0.9672493036551425,"B1HEX — B2HEX_B1_norm":0.0},"geometry":{"type":"Point","coordinates":[310498.53439901425736,1587234.147960962960497]}},
{"type":"Feature","properties":{"fid":420,"id":420,"left":309163.75529815839,"top":1586169.5165241526,"right":310895.80610572727,"bottom":1584669.5165241526,"row_index":14,"col_index":15,"A1_hex_zonal_A1_norm":0.75505665634419095,"A2V3_hex_zonal_A2_norm_fix":0.9924785712523797,"B2_HEXZONAL_B2_norm":0.21835350090155037,"C1_HEXZONAL_C1_norm":0.0048028758548976621,"C2_hex_zonal_C2_norm":0.57177995171060692,"LAGUNA HEXMAP copy_D1_norm":0.97126574482510264,"D2_hex_zonal_D2_norm":0.99484623423194396,"B1HEX — B2HEX_B1_norm":0.0},"geometry":{"type":"Point","coordinates":[310499.580006515723653,1584875.364115564152598]}},
{"type":"Feature","properties":{"fid":421,"id":421,"left":309163.75529815839,"top":1584669.5165241526,"right":310895.80610572727,"bottom":1583169.5165241526,"row_index":15,"col_index":15,"A1_hex_zonal_A1_norm":0.74697826215538399,"A2V3_hex_zonal_A2_norm_fix":0.96121645423159796,"B2_HEXZONAL_B2_norm":0.18855543056547097,"C1_HEXZONAL_C1_norm":0.027364165564038125,"C2_hex_zonal_C2_norm":0.58882409564793059,"LAGUNA HEXMAP copy_D1_norm":0.92504089780033594,"D2_hex_zonal_D2_norm":0.94716148638106734,"B1HEX — B2HEX_B1_norm":0.0},"geometry":{"type":"Point","coordinates":[310517.809533920604736,1583978.713380948174745]}},
{"type":"Feature","properties":{"fid":422,"id":422,"left":309163.75529815839,"top":1583169.5165241526,"right":310895.80610572727,"bottom":1581669.5165241526,"row_index":16,"col_index":15,"A1_hex_zonal_A1_norm":0.84354508282009666,"A2V3_hex_zonal_A2_norm_fix":0.96269865292417833,"B2_HEXZONAL_B2_norm":0.13374579029608891,"C1_HEXZONAL_C1_norm":0.013810998711370743,"C2_hex_zonal_C2_norm":0.6233395975866054,"LAGUNA HEXMAP copy_D1_norm":0.95681364313687067,"D2_hex_zonal_D2_norm":0.88702046096039355,"B1HEX — B2HEX_B1_norm":0.0},"geometry":{"type":"Point","coordinates":[310445.929904799326323,1582146.15002602734603]}},
{"type":"Feature","properties":{"fid":423,"id":423,"left":309163.75529815839,"top":1581669.5165241526,"right":310895.80610572727,"bottom":1580169.5165241526,"row_index":17,"col_index":15,"A1_hex_zonal_A1_norm":0.93467219366289833,"A2V3_hex_zonal_A2_norm_fix":0.9640132351008952,"B2_HEXZONAL_B2_norm":0.12072938988866144,"C1_HEXZONAL_C1_norm":0.028082904613526995,"C2_hex_zonal_C2_norm":0.64528062215566062,"LAGUNA HEXMAP copy_D1_norm":0.98750777067068263,"D2_hex_zonal_D2_norm":0.95763457589192025,"B1HEX — B2HEX_B1_norm":0.0039215686274509803},"geometry":{"type":"Point","coordinates":[310113.092566956242081,1580843.1941597557161]}},
{"type":"Feature","properties":{"fid":424,"id":424,"left":309163.75529815839,"top":1580169.5165241526,"right":310895.80610572727,"bottom":1578669.5165241526,"row_index":18,"col_index":15,"A1_hex_zonal_A1_norm":0.83888276890763858,"A2V3_hex_zonal_A2_norm_fix":0.83088579385536576,"B2_HEXZONAL_B2_norm":0.099693681638322262,"C1_HEXZONAL_C1_norm":0.11752345338554679,"C2_hex_zonal_C2_norm":0.67269418859728525,"LAGUNA HEXMAP copy_D1_norm":0.8137339606303956,"D2_hex_zonal_D2_norm":0.81566437422425986,"B1HEX — B2HEX_B1_norm":0.023529411764705882},"geometry":{"type":"Point","coordinates":[310029.780701942800079,1579419.516524152364582]}},
{"type":"Feature","properties":{"fid":425,"id":425,"left":309163.75529815839,"top":1578669.5165241526,"right":310895.80610572727,"bottom":1577169.5165241526,"row_index":19,"col_index":15,"A1_hex_zonal_A1_norm":0.65927031199899822,"A2V3_hex_zonal_A2_norm_fix":0.63873307810142799,"B2_HEXZONAL_B2_norm":0.071747892435748528,"C1_HEXZONAL_C1_norm":0.30668809730320096,"C2_hex_zonal_C2_norm":0.70290575620272466,"LAGUNA HEXMAP copy_D1_norm":0.62371704425929764,"D2_hex_zonal_D2_norm":0.61976052509753932,"B1HEX — B2HEX_B1_norm":0.0},"geometry":{"type":"Point","coordinates":[310029.780701942800079,1577919.516524152364582]}},
{"type":"Feature","properties":{"fid":426,"id":426,"left":309163.75529815839,"top":1577169.5165241526,"right":310895.80610572727,"bottom":1575669.5165241526,"row_index":20,"col_index":15,"A1_hex_zonal_A1_norm":0.4762934161747332,"A2V3_hex_zonal_A2_norm_fix":0.44382445750953481,"B2_HEXZONAL_B2_norm":0.031608491945475437,"C1_HEXZONAL_C1_norm":0.50502250547239524,"C2_hex_zonal_C2_norm":0.73341495208675966,"LAGUNA HEXMAP copy_D1_norm":0.43414021880609976,"D2_hex_zonal_D2_norm":0.42069780908407639,"B1HEX — B2HEX_B1_norm":0.0},"geometry":{"type":"Point","coordinates":[310029.780701942800079,1576419.516524152364582]}},
{"type":"Feature","properties":{"fid":427,"id":427,"left":309163.75529815839,"top":1575669.5165241526,"right":310895.80610572727,"bottom":1574169.5165241526,"row_index":21,"col_index":15,"A1_hex_zonal_A1_norm":0.35592763312578901,"A2V3_hex_zonal_A2_norm_fix":0.42106033376423113,"B2_HEXZONAL_B2_norm":0.0029884256919811003,"C1_HEXZONAL_C1_norm":0.56649598557807146,"C2_hex_zonal_C2_norm":0.76418682928866366,"LAGUNA HEXMAP copy_D1_norm":0.43076974060928608,"D2_hex_zonal_D2_norm":0.37543101493160913,"B1HEX — B2HEX_B1_norm":0.0},"geometry":{"type":"Point","coordinates":[310029.780701942800079,1574919.516524152364582]}},
{"type":"Feature","properties":{"fid":428,"id":428,"left":309163.75529815839,"top":1574169.5165241526,"right":310895.80610572727,"bottom":1572669.5165241526,"row_index":22,"col_index":15,"A1_hex_zonal_A1_norm":0.49543940549715149,"A2V3_hex_zonal_A2_norm_fix":0.56902993865830753,"B2_HEXZONAL_B2_norm":0.022923184558758636,"C1_HEXZONAL_C1_norm":0.40576243381954569,"C2_hex_zonal_C2_norm":0.79519147381287025,"LAGUNA HEXMAP copy_D1_norm":0.57578521386979409,"D2_hex_zonal_D2_norm":0.57390392669940793,"B1HEX — B2HEX_B1_norm":0.0},"geometry":{"type":"Point","coordinates":[310029.780701942800079,1573419.516524152364582]}},
{"type":"Feature","properties":{"fid":429,"id":429,"left":309163.75529815839,"top":1572669.5165241526,"right":310895.80610572727,"bottom":1571169.5165241526,"row_index":23,"col_index":15,"A1_hex_zonal_A1_norm":0.67262085021007978,"A2V3_hex_zonal_A2_norm_fix":0.76296346981313601,"B2_HEXZONAL_B2_norm":0.063172681624876881,"C1_HEXZONAL_C1_norm":0.21097243401627602,"C2_hex_zonal_C2_norm":0.82640316295058713,"LAGUNA HEXMAP copy_D1_norm":0.76265876189963322,"D2_hex_zonal_D2_norm":0.77360459729972586,"B1HEX — B2HEX_B1_norm":0.0},"geometry":{"type":"Point","coordinates":[310029.780701942800079,1571919.516524152364582]}},
{"type":"Feature","properties":{"fid":430,"id":430,"left":309163.75529815839,"top":1571169.5165241526,"right":310895.80610572727,"bottom":1569669.5165241526,"row_index":24,"col_index":15,"A1_hex_zonal_A1_norm":0.81567981130527245,"A2V3_hex_zonal_A2_norm_fix":0.93403973938263618,"B2_HEXZONAL_B2_norm":0.096703441062650941,"C1_HEXZONAL_C1_norm":0.051994506050407542,"C2_hex_zonal_C2_norm":0.85440471396972795,"LAGUNA HEXMAP copy_D1_norm":0.92104239045288749,"D2_hex_zonal_D2_norm":0.94065954823291931,"B1HEX — B2HEX_B1_norm":0.023529411764705882},"geometry":{"type":"Point","coordinates":[310052.865230681083631,1570587.885742058046162]}},
{"type":"Feature","properties":{"fid":435,"id":435,"left":310462.79340383509,"top":1604919.5165241526,"right":312194.84421140398,"bottom":1603419.5165241526,"row_index":2,"col_index":16,"A1_hex_zonal_A1_norm":0.88142100752392083,"A2V3_hex_zonal_A2_norm_fix":0.8969499436273729,"B2_HEXZONAL_B2_norm":0.55014428013903083,"C1_HEXZONAL_C1_norm":0.057336525341777682,"C2_hex_zonal_C2_norm":0.3339215896819045,"LAGUNA HEXMAP copy_D1_norm":0.80281679303804232,"D2_hex_zonal_D2_norm":0.89759688082882505,"B1HEX — B2HEX_B1_norm":0.0},"geometry":{"type":"Point","coordinates":[311419.457356275757775,1603696.352983325719833]}},
{"type":"Feature","properties":{"fid":436,"id":436,"left":310462.79340383509,"top":1603419.5165241526,"right":312194.84421140398,"bottom":1601919.5165241526,"row_index":3,"col_index":16,"A1_hex_zonal_A1_norm":0.83053087988201257,"A2V3_hex_zonal_A2_norm_fix":0.83278197239455243,"B2_HEXZONAL_B2_norm":0.56199063641517644,"C1_HEXZONAL_C1_norm":0.1134017752306654,"C2_hex_zonal_C2_norm":0.33730512185069284,"LAGUNA HEXMAP copy_D1_norm":0.85633537349204036,"D2_hex_zonal_D2_norm":0.83652799149547619,"B1HEX — B2HEX_B1_norm":0.074509803921568626},"geometry":{"type":"Point","coordinates":[311334.026617041497957,1602673.75186261581257]}},
{"type":"Feature","properties":{"fid":437,"id":437,"left":310462.79340383509,"top":1601919.5165241526,"right":312194.84421140398,"bottom":1600419.5165241526,"row_index":4,"col_index":16,"A1_hex_zonal_A1_norm":0.68634094695718817,"A2V3_hex_zonal_A2_norm_fix":0.80328990112473542,"B2_HEXZONAL_B2_norm":0.58038306891414049,"C1_HEXZONAL_C1_norm":0.18345359465725858,"C2_hex_zonal_C2_norm":0.34738403200015855,"LAGUNA HEXMAP copy_D1_norm":0.78839836235789162,"D2_hex_zonal_D2_norm":0.79187794814127477,"B1HEX — B2HEX_B1_norm":0.031372549019607843},"geometry":{"type":"Point","coordinates":[311328.818807619449217,1601169.516524152131751]}},
{"type":"Feature","properties":{"fid":438,"id":438,"left":310462.79340383509,"top":1600419.5165241526,"right":312194.84421140398,"bottom":1598919.5165241526,"row_index":5,"col_index":16,"A1_hex_zonal_A1_norm":0.51512855497621668,"A2V3_hex_zonal_A2_norm_fix":0.71944996862029409,"B2_HEXZONAL_B2_norm":0.5967083106821518,"C1_HEXZONAL_C1_norm":0.25895482855922952,"C2_hex_zonal_C2_norm":0.36032537257428104,"LAGUNA HEXMAP copy_D1_norm":0.69827249628961119,"D2_hex_zonal_D2_norm":0.71614441213985214,"B1HEX — B2HEX_B1_norm":0.074509803921568626},"geometry":{"type":"Point","coordinates":[311328.818807619449217,1599669.516524152364582]}},
{"type":"Feature","properties":{"fid":439,"id":439,"left":310462.79340383509,"top":1598919.5165241526,"right":312194.84421140398,"bottom":1597419.5165241526,"row_index":6,"col_index":16,"A1_hex_zonal_A1_norm":0.48979746554083381,"A2V3_hex_zonal_A2_norm_fix":0.62111609905910403,"B2_HEXZONAL_B2_norm":0.61242988392680187,"C1_HEXZONAL_C1_norm":0.37880622363367139,"C2_hex_zonal_C2_norm":0.37574976945279848,"LAGUNA HEXMAP copy_D1_norm":0.58650489374563985,"D2_hex_zonal_D2_norm":0.60707092309839372,"B1HEX — B2HEX_B1_norm":0.35686274509803922},"geometry":{"type":"Point","coordinates":[311328.818807619449217,1598169.516524152597412]}},
{"type":"Feature","properties":{"fid":440,"id":440,"left":310462.79340383509,"top":1597419.5165241526,"right":312194.84421140398,"bottom":1595919.5165241526,"row_index":7,"col_index":16,"A1_hex_zonal_A1_norm":0.61423246256578545,"A2V3_hex_zonal_A2_norm_fix":0.61047581854251831,"B2_HEXZONAL_B2_norm":0.64950572254032912,"C1_HEXZONAL_C1_norm":0.39550516600581248,"C2_hex_zonal_C2_norm":0.39337621325930483,"LAGUNA HEXMAP copy_D1_norm":0.61691969350525855,"D2_hex_zonal_D2_norm":0.60284464548704264,"B1HEX — B2HEX_B1_norm":0.13725490196078433},"geometry":{"type":"Point","coordinates":[311328.818807619449217,1596669.516524152364582]}},
{"type":"Feature","properties":{"fid":441,"id":441,"left":310462.79340383509,"top":1595919.5165241526,"right":312194.84421140398,"bottom":1594419.5165241526,"row_index":8,"col_index":16,"A1_hex_zonal_A1_norm":0.68924680650220815,"A2V3_hex_zonal_A2_norm_fix":0.6695871929924051,"B2_HEXZONAL_B2_norm":0.68618163720474246,"C1_HEXZONAL_C1_norm":0.32166026310485291,"C2_hex_zonal_C2_norm":0.41293291515037844,"LAGUNA HEXMAP copy_D1_norm":0.67521355922028037,"D2_hex_zonal_D2_norm":0.66046696893647461,"B1HEX — B2HEX_B1_norm":0.18823529411764706},"geometry":{"type":"Point","coordinates":[311328.818807619449217,1595169.516524152131751]}},
{"type":"Feature","properties":{"fid":442,"id":442,"left":310462.79340383509,"top":1594419.5165241526,"right":312194.84421140398,"bottom":1592919.5165241526,"row_index":9,"col_index":16,"A1_hex_zonal_A1_norm":0.66527265320173323,"A2V3_hex_zonal_A2_norm_fix":0.73433679189993051,"B2_HEXZONAL_B2_norm":0.6069366976816426,"C1_HEXZONAL_C1_norm":0.26184028710525858,"C2_hex_zonal_C2_norm":0.43416801933648919,"LAGUNA HEXMAP copy_D1_norm":0.71937755747960019,"D2_hex_zonal_D2_norm":0.70705199851774903,"B1HEX — B2HEX_B1_norm":0.015686274509803921},"geometry":{"type":"Point","coordinates":[311328.818807619449217,1593669.516524152364582]}},
{"type":"Feature","properties":{"fid":443,"id":443,"left":310462.79340383509,"top":1592919.5165241526,"right":312194.84421140398,"bottom":1591419.5165241526,"row_index":10,"col_index":16,"A1_hex_zonal_A1_norm":0.55787875766178241,"A2V3_hex_zonal_A2_norm_fix":0.79866352949994279,"B2_HEXZONAL_B2_norm":0.4692791507465679,"C1_HEXZONAL_C1_norm":0.20891462436488117,"C2_hex_zonal_C2_norm":0.45685515350810824,"LAGUNA HEXMAP copy_D1_norm":0.76095613325486822,"D2_hex_zonal_D2_norm":0.7080556819535202,"B1HEX — B2HEX_B1_norm":0.074509803921568626},"geometry":{"type":"Point","coordinates":[311328.818807619449217,1592169.516524152597412]}},
{"type":"Feature","properties":{"fid":444,"id":444,"left":310462.79340383509,"top":1591419.5165241526,"right":312194.84421140398,"bottom":1589919.5165241526,"row_index":11,"col_index":16,"A1_hex_zonal_A1_norm":0.43166129068620407,"A2V3_hex_zonal_A2_norm_fix":0.79767237256144141,"B2_HEXZONAL_B2_norm":0.35920942972169612,"C1_HEXZONAL_C1_norm":0.20425868670511144,"C2_hex_zonal_C2_norm":0.48079517220234141,"LAGUNA HEXMAP copy_D1_norm":0.79739077995229568,"D2_hex_zonal_D2_norm":0.68735960850234712,"B1HEX — B2HEX_B1_norm":0.12549019607843137},"geometry":{"type":"Point","coordinates":[311328.818807619449217,1590669.516524152364582]}},
{"type":"Feature","properties":{"fid":445,"id":445,"left":310462.79340383509,"top":1589919.5165241526,"right":312194.84421140398,"bottom":1588419.5165241526,"row_index":12,"col_index":16,"A1_hex_zonal_A1_norm":0.53078509330837065,"A2V3_hex_zonal_A2_norm_fix":0.82119863116766567,"B2_HEXZONAL_B2_norm":0.30230452397170871,"C1_HEXZONAL_C1_norm":0.17413436532264318,"C2_hex_zonal_C2_norm":0.50581545354648905,"LAGUNA HEXMAP copy_D1_norm":0.83020673258627919,"D2_hex_zonal_D2_norm":0.81569294230245704,"B1HEX — B2HEX_B1_norm":0.023529411764705882},"geometry":{"type":"Point","coordinates":[311328.818807619449217,1589169.516524152131751]}},
{"type":"Feature","properties":{"fid":446,"id":446,"left":310462.79340383509,"top":1588419.5165241526,"right":312194.84421140398,"bottom":1586919.5165241526,"row_index":13,"col_index":16,"A1_hex_zonal_A1_norm":0.67858920377662613,"A2V3_hex_zonal_A2_norm_fix":0.87389854237862385,"B2_HEXZONAL_B2_norm":0.26652482070658978,"C1_HEXZONAL_C1_norm":0.085206967258011052,"C2_hex_zonal_C2_norm":0.53169597941422397,"LAGUNA HEXMAP copy_D1_norm":0.86580865314603339,"D2_hex_zonal_D2_norm":0.86261489789501322,"B1HEX — B2HEX_B1_norm":0.011764705882352941},"geometry":{"type":"Point","coordinates":[311328.460791873629205,1587672.249152268981561]}},
{"type":"Feature","properties":{"fid":447,"id":447,"left":310462.79340383509,"top":1586919.5165241526,"right":312194.84421140398,"bottom":1585419.5165241526,"row_index":14,"col_index":16,"A1_hex_zonal_A1_norm":0.7580319565889263,"A2V3_hex_zonal_A2_norm_fix":0.8919480869860642,"B2_HEXZONAL_B2_norm":0.20199168316367277,"C1_HEXZONAL_C1_norm":0.0020219913107356741,"C2_hex_zonal_C2_norm":0.54709004353685931,"LAGUNA HEXMAP copy_D1_norm":0.91128610254608822,"D2_hex_zonal_D2_norm":0.89185305913191548,"B1HEX — B2HEX_B1_norm":0.0},"geometry":{"type":"Point","coordinates":[311369.921705544111319,1586844.769015881698579]}},
{"type":"Feature","properties":{"fid":448,"id":448,"left":310462.79340383509,"top":1585419.5165241526,"right":312194.84421140398,"bottom":1583919.5165241526,"row_index":15,"col_index":16,"A1_hex_zonal_A1_norm":0.83594822897201249,"A2V3_hex_zonal_A2_norm_fix":0.89581901765603567,"B2_HEXZONAL_B2_norm":0.17258932289449769,"C1_HEXZONAL_C1_norm":0.070726714002188149,"C2_hex_zonal_C2_norm":0.58675962660976644,"LAGUNA HEXMAP copy_D1_norm":0.89935322521619043,"D2_hex_zonal_D2_norm":0.89366289481798078,"B1HEX — B2HEX_B1_norm":0.047058823529411764},"geometry":{"type":"Point","coordinates":[311330.487638860009611,1584630.296365160262212]}},
{"type":"Feature","properties":{"fid":449,"id":449,"left":310462.79340383509,"top":1583919.5165241526,"right":312194.84421140398,"bottom":1582419.5165241526,"row_index":16,"col_index":16,"A1_hex_zonal_A1_norm":0.74211790722452742,"A2V3_hex_zonal_A2_norm_fix":0.88227929883232392,"B2_HEXZONAL_B2_norm":0.12434562069250588,"C1_HEXZONAL_C1_norm":0.062908529393528076,"C2_hex_zonal_C2_norm":0.61424920244611214,"LAGUNA HEXMAP copy_D1_norm":0.86908550758807901,"D2_hex_zonal_D2_norm":0.79827036535076601,"B1HEX — B2HEX_B1_norm":0.098039215686274508},"geometry":{"type":"Point","coordinates":[311353.042687491513789,1583174.375278255203739]}},
{"type":"Feature","properties":{"fid":450,"id":450,"left":310462.79340383509,"top":1582419.5165241526,"right":312194.84421140398,"bottom":1580919.5165241526,"row_index":17,"col_index":16,"A1_hex_zonal_A1_norm":0.77635333573102805,"A2V3_hex_zonal_A2_norm_fix":0.92545437980563627,"B2_HEXZONAL_B2_norm":0.076198999757611463,"C1_HEXZONAL_C1_norm":0.048917873033002851,"C2_hex_zonal_C2_norm":0.64348517089080748,"LAGUNA HEXMAP copy_D1_norm":0.85475560193129319,"D2_hex_zonal_D2_norm":0.82540681349204237,"B1HEX — B2HEX_B1_norm":0.023529411764705882},"geometry":{"type":"Point","coordinates":[311390.382634467619937,1581664.040172541048378]}},
{"type":"Feature","properties":{"fid":451,"id":451,"left":310462.79340383509,"top":1580919.5165241526,"right":312194.84421140398,"bottom":1579419.5165241526,"row_index":18,"col_index":16,"A1_hex_zonal_A1_norm":0.80957625097857233,"A2V3_hex_zonal_A2_norm_fix":0.81552793176877569,"B2_HEXZONAL_B2_norm":0.062522025353410227,"C1_HEXZONAL_C1_norm":0.15537720704862704,"C2_hex_zonal_C2_norm":0.67169187485052695,"LAGUNA HEXMAP copy_D1_norm":0.82803980419770817,"D2_hex_zonal_D2_norm":0.80895185911867884,"B1HEX — B2HEX_B1_norm":0.035294117647058823},"geometry":{"type":"Point","coordinates":[311328.818807619449217,1580169.516524152597412]}},
{"type":"Feature","properties":{"fid":452,"id":452,"left":310462.79340383509,"top":1579419.5165241526,"right":312194.84421140398,"bottom":1577919.5165241526,"row_index":19,"col_index":16,"A1_hex_zonal_A1_norm":0.69590425578111093,"A2V3_hex_zonal_A2_norm_fix":0.67339569947200129,"B2_HEXZONAL_B2_norm":0.057943524113104439,"C1_HEXZONAL_C1_norm":0.28760703885424221,"C2_hex_zonal_C2_norm":0.70115368524209976,"LAGUNA HEXMAP copy_D1_norm":0.68110795978909677,"D2_hex_zonal_D2_norm":0.66129464634069279,"B1HEX — B2HEX_B1_norm":0.0},"geometry":{"type":"Point","coordinates":[311328.818807619449217,1578669.516524152364582]}},
{"type":"Feature","properties":{"fid":453,"id":453,"left":310462.79340383509,"top":1577919.5165241526,"right":312194.84421140398,"bottom":1576419.5165241526,"row_index":20,"col_index":16,"A1_hex_zonal_A1_norm":0.53452286463464072,"A2V3_hex_zonal_A2_norm_fix":0.49816378638276737,"B2_HEXZONAL_B2_norm":0.039611383960725055,"C1_HEXZONAL_C1_norm":0.45169710978183347,"C2_hex_zonal_C2_norm":0.73097407117554469,"LAGUNA HEXMAP copy_D1_norm":0.50496270210845418,"D2_hex_zonal_D2_norm":0.47926145454484848,"B1HEX — B2HEX_B1_norm":0.0},"geometry":{"type":"Point","coordinates":[311328.818807619449217,1577169.516524152131751]}},
{"type":"Feature","properties":{"fid":454,"id":454,"left":310462.79340383509,"top":1576419.5165241526,"right":312194.84421140398,"bottom":1574919.5165241526,"row_index":21,"col_index":16,"A1_hex_zonal_A1_norm":0.36698900199803763,"A2V3_hex_zonal_A2_norm_fix":0.33319614419437749,"B2_HEXZONAL_B2_norm":0.026279152854016719,"C1_HEXZONAL_C1_norm":0.62804424851526885,"C2_hex_zonal_C2_norm":0.76111171696334501,"LAGUNA HEXMAP copy_D1_norm":0.32104768829674524,"D2_hex_zonal_D2_norm":0.31741830847295871,"B1HEX — B2HEX_B1_norm":0.0},"geometry":{"type":"Point","coordinates":[311328.818807619449217,1575669.516524152364582]}},
{"type":"Feature","properties":{"fid":455,"id":455,"left":310462.79340383509,"top":1574919.5165241526,"right":312194.84421140398,"bottom":1573419.5165241526,"row_index":22,"col_index":16,"A1_hex_zonal_A1_norm":0.42833916597433264,"A2V3_hex_zonal_A2_norm_fix":0.45148601522096754,"B2_HEXZONAL_B2_norm":0.031133890308529089,"C1_HEXZONAL_C1_norm":0.54413571116400028,"C2_hex_zonal_C2_norm":0.79153107820106949,"LAGUNA HEXMAP copy_D1_norm":0.43750069724684837,"D2_hex_zonal_D2_norm":0.44925848643049437,"B1HEX — B2HEX_B1_norm":0.0},"geometry":{"type":"Point","coordinates":[311328.818807619449217,1574169.516524152597412]}},
{"type":"Feature","properties":{"fid":456,"id":456,"left":310462.79340383509,"top":1573419.5165241526,"right":312194.84421140398,"bottom":1571919.5165241526,"row_index":23,"col_index":16,"A1_hex_zonal_A1_norm":0.59165821124132101,"A2V3_hex_zonal_A2_norm_fix":0.63781627543907993,"B2_HEXZONAL_B2_norm":0.056793327246557279,"C1_HEXZONAL_C1_norm":0.36190405714280599,"C2_hex_zonal_C2_norm":0.82220145845449577,"LAGUNA HEXMAP copy_D1_norm":0.60447397137194547,"D2_hex_zonal_D2_norm":0.63553813242595125,"B1HEX — B2HEX_B1_norm":0.0},"geometry":{"type":"Point","coordinates":[311328.818807619449217,1572669.516524152364582]}},
{"type":"Feature","properties":{"fid":457,"id":457,"left":310462.79340383509,"top":1571919.5165241526,"right":312194.84421140398,"bottom":1570419.5165241526,"row_index":24,"col_index":16,"A1_hex_zonal_A1_norm":0.73401649499233823,"A2V3_hex_zonal_A2_norm_fix":0.81433380223488239,"B2_HEXZONAL_B2_norm":0.087856207842711531,"C1_HEXZONAL_C1_norm":0.18696901234374885,"C2_hex_zonal_C2_norm":0.85309626178110931,"LAGUNA HEXMAP copy_D1_norm":0.73771222953638005,"D2_hex_zonal_D2_norm":0.80761323374516425,"B1HEX — B2HEX_B1_norm":0.031372549019607843},"geometry":{"type":"Point","coordinates":[311328.818807619449217,1571169.516524152131751]}},
{"type":"Feature","properties":{"fid":458,"id":458,"left":310462.79340383509,"top":1570419.5165241526,"right":312194.84421140398,"bottom":1568919.5165241526,"row_index":25,"col_index":16,"A1_hex_zonal_A1_norm":0.80460261504792763,"A2V3_hex_zonal_A2_norm_fix":0.94857660666575161,"B2_HEXZONAL_B2_norm":0.10742554465452347,"C1_HEXZONAL_C1_norm":0.046007250090387239,"C2_hex_zonal_C2_norm":0.87903448311177845,"LAGUNA HEXMAP copy_D1_norm":0.76780478128679819,"D2_hex_zonal_D2_norm":0.94300821884100772,"B1HEX — B2HEX_B1_norm":0.031372549019607843},"geometry":{"type":"Point","coordinates":[311395.334046250733081,1569942.657352404901758]}},
{"type":"Feature","properties":{"fid":461,"id":461,"left":311761.83150951174,"top":1605669.5165241526,"right":313493.88231708063,"bottom":1604169.5165241526,"row_index":1,"col_index":17,"A1_hex_zonal_A1_norm":0.94159861602130135,"A2V3_hex_zonal_A2_norm_fix":0.93988825327740289,"B2_HEXZONAL_B2_norm":0.5322809522023022,"C1_HEXZONAL_C1_norm":0.019145839765533124,"C2_hex_zonal_C2_norm":0.3556963873650692,"LAGUNA HEXMAP copy_D1_norm":0.60327568188583958,"D2_hex_zonal_D2_norm":0.94545676727582406,"B1HEX — B2HEX_B1_norm":0.0},"geometry":{"type":"Point","coordinates":[312552.352209343574941,1604584.515172986546531]}},
{"type":"Feature","properties":{"fid":462,"id":462,"left":311761.83150951174,"top":1604169.5165241526,"right":313493.88231708063,"bottom":1602669.5165241526,"row_index":2,"col_index":17,"A1_hex_zonal_A1_norm":0.83241656831292177,"A2V3_hex_zonal_A2_norm_fix":0.85091116429965219,"B2_HEXZONAL_B2_norm":0.54134994510511758,"C1_HEXZONAL_C1_norm":0.063731082659102933,"C2_hex_zonal_C2_norm":0.362904222140635,"LAGUNA HEXMAP copy_D1_norm":0.68675525356832079,"D2_hex_zonal_D2_norm":0.8784396678008477,"B1HEX — B2HEX_B1_norm":0.011764705882352941},"geometry":{"type":"Point","coordinates":[312678.368464559258427,1603420.75179850962013]}},
{"type":"Feature","properties":{"fid":463,"id":463,"left":311761.83150951174,"top":1602669.5165241526,"right":313493.88231708063,"bottom":1601169.5165241526,"row_index":3,"col_index":17,"A1_hex_zonal_A1_norm":0.7528173073865817,"A2V3_hex_zonal_A2_norm_fix":0.73978656668579612,"B2_HEXZONAL_B2_norm":0.55710586741160473,"C1_HEXZONAL_C1_norm":0.19890724099009752,"C2_hex_zonal_C2_norm":0.36984298645266767,"LAGUNA HEXMAP copy_D1_norm":0.67034278301976657,"D2_hex_zonal_D2_norm":0.74070880946605522,"B1HEX — B2HEX_B1_norm":0.0},"geometry":{"type":"Point","coordinates":[312627.856913296098355,1601919.516524152364582]}},
{"type":"Feature","properties":{"fid":464,"id":464,"left":311761.83150951174,"top":1601169.5165241526,"right":313493.88231708063,"bottom":1599669.5165241526,"row_index":4,"col_index":17,"A1_hex_zonal_A1_norm":0.61963719275256413,"A2V3_hex_zonal_A2_norm_fix":0.64927324796698449,"B2_HEXZONAL_B2_norm":0.56952505918994789,"C1_HEXZONAL_C1_norm":0.32985639338030343,"C2_hex_zonal_C2_norm":0.38062264983547434,"LAGUNA HEXMAP copy_D1_norm":0.59857663091220936,"D2_hex_zonal_D2_norm":0.65810790216183412,"B1HEX — B2HEX_B1_norm":0.0},"geometry":{"type":"Point","coordinates":[312627.856913296098355,1600419.516524152364582]}},
{"type":"Feature","properties":{"fid":465,"id":465,"left":311761.83150951174,"top":1599669.5165241526,"right":313493.88231708063,"bottom":1598169.5165241526,"row_index":5,"col_index":17,"A1_hex_zonal_A1_norm":0.45851459942647399,"A2V3_hex_zonal_A2_norm_fix":0.53565899229650404,"B2_HEXZONAL_B2_norm":0.57539972307014531,"C1_HEXZONAL_C1_norm":0.44182009187801419,"C2_hex_zonal_C2_norm":0.39390063304501316,"LAGUNA HEXMAP copy_D1_norm":0.50882550890308309,"D2_hex_zonal_D2_norm":0.54243324274492977,"B1HEX — B2HEX_B1_norm":0.19607843137254902},"geometry":{"type":"Point","coordinates":[312627.856913296098355,1598919.516524152131751]}},
{"type":"Feature","properties":{"fid":466,"id":466,"left":311761.83150951174,"top":1598169.5165241526,"right":313493.88231708063,"bottom":1596669.5165241526,"row_index":6,"col_index":17,"A1_hex_zonal_A1_norm":0.43352294484321097,"A2V3_hex_zonal_A2_norm_fix":0.44199415445174295,"B2_HEXZONAL_B2_norm":0.5766195541582706,"C1_HEXZONAL_C1_norm":0.562643640587418,"C2_hex_zonal_C2_norm":0.40944273317344237,"LAGUNA HEXMAP copy_D1_norm":0.44211859402854192,"D2_hex_zonal_D2_norm":0.432555271383956,"B1HEX — B2HEX_B1_norm":0.078431372549019607},"geometry":{"type":"Point","coordinates":[312627.856913296098355,1597419.516524152597412]}},
{"type":"Feature","properties":{"fid":467,"id":467,"left":311761.83150951174,"top":1596669.5165241526,"right":313493.88231708063,"bottom":1595169.5165241526,"row_index":7,"col_index":17,"A1_hex_zonal_A1_norm":0.51373016571096031,"A2V3_hex_zonal_A2_norm_fix":0.4736599105951339,"B2_HEXZONAL_B2_norm":0.57167116870535595,"C1_HEXZONAL_C1_norm":0.52249428026371048,"C2_hex_zonal_C2_norm":0.42701037673628645,"LAGUNA HEXMAP copy_D1_norm":0.48574668857265502,"D2_hex_zonal_D2_norm":0.46327393973588393,"B1HEX — B2HEX_B1_norm":0.16862745098039217},"geometry":{"type":"Point","coordinates":[312627.856913296098355,1595919.516524152364582]}},
{"type":"Feature","properties":{"fid":468,"id":468,"left":311761.83150951174,"top":1595169.5165241526,"right":313493.88231708063,"bottom":1593669.5165241526,"row_index":8,"col_index":17,"A1_hex_zonal_A1_norm":0.53313332406525171,"A2V3_hex_zonal_A2_norm_fix":0.53904283543607423,"B2_HEXZONAL_B2_norm":0.5078878837910179,"C1_HEXZONAL_C1_norm":0.46064888943715521,"C2_hex_zonal_C2_norm":0.4463724230413596,"LAGUNA HEXMAP copy_D1_norm":0.53442744628824168,"D2_hex_zonal_D2_norm":0.51843465015515133,"B1HEX — B2HEX_B1_norm":0.062745098039215685},"geometry":{"type":"Point","coordinates":[312627.856913296098355,1594419.516524152364582]}},
{"type":"Feature","properties":{"fid":469,"id":469,"left":311761.83150951174,"top":1593669.5165241526,"right":313493.88231708063,"bottom":1592169.5165241526,"row_index":9,"col_index":17,"A1_hex_zonal_A1_norm":0.48286951579747728,"A2V3_hex_zonal_A2_norm_fix":0.61605703507950993,"B2_HEXZONAL_B2_norm":0.36849306741749199,"C1_HEXZONAL_C1_norm":0.40030755933470141,"C2_hex_zonal_C2_norm":0.46731297880674227,"LAGUNA HEXMAP copy_D1_norm":0.57054095592249643,"D2_hex_zonal_D2_norm":0.54972892192847778,"B1HEX — B2HEX_B1_norm":0.0},"geometry":{"type":"Point","coordinates":[312627.856913296098355,1592919.516524152131751]}},
{"type":"Feature","properties":{"fid":470,"id":470,"left":311761.83150951174,"top":1592169.5165241526,"right":313493.88231708063,"bottom":1590669.5165241526,"row_index":10,"col_index":17,"A1_hex_zonal_A1_norm":0.3875660334176807,"A2V3_hex_zonal_A2_norm_fix":0.62582283181706555,"B2_HEXZONAL_B2_norm":0.24848189659823583,"C1_HEXZONAL_C1_norm":0.38203242318400926,"C2_hex_zonal_C2_norm":0.48963571536491213,"LAGUNA HEXMAP copy_D1_norm":0.62457672406100784,"D2_hex_zonal_D2_norm":0.53015513420092097,"B1HEX — B2HEX_B1_norm":0.0},"geometry":{"type":"Point","coordinates":[312627.856913296098355,1591419.516524152364582]}},
{"type":"Feature","properties":{"fid":471,"id":471,"left":311761.83150951174,"top":1590669.5165241526,"right":313493.88231708063,"bottom":1589169.5165241526,"row_index":11,"col_index":17,"A1_hex_zonal_A1_norm":0.47730920620967332,"A2V3_hex_zonal_A2_norm_fix":0.63898713794819728,"B2_HEXZONAL_B2_norm":0.21903378488518321,"C1_HEXZONAL_C1_norm":0.3599259574488366,"C2_hex_zonal_C2_norm":0.51316553013141497,"LAGUNA HEXMAP copy_D1_norm":0.6402442541617962,"D2_hex_zonal_D2_norm":0.61925349477942238,"B1HEX — B2HEX_B1_norm":0.0},"geometry":{"type":"Point","coordinates":[312627.856913296098355,1589919.516524152364582]}},
{"type":"Feature","properties":{"fid":472,"id":472,"left":311761.83150951174,"top":1589169.5165241526,"right":313493.88231708063,"bottom":1587669.5165241526,"row_index":12,"col_index":17,"A1_hex_zonal_A1_norm":0.65926904111631868,"A2V3_hex_zonal_A2_norm_fix":0.68445896522188421,"B2_HEXZONAL_B2_norm":0.20989367401377323,"C1_HEXZONAL_C1_norm":0.230376665765466,"C2_hex_zonal_C2_norm":0.53774839442179234,"LAGUNA HEXMAP copy_D1_norm":0.68325232665161773,"D2_hex_zonal_D2_norm":0.67334795092692912,"B1HEX — B2HEX_B1_norm":0.0},"geometry":{"type":"Point","coordinates":[312627.856913296098355,1588419.516524152364582]}},
{"type":"Feature","properties":{"fid":473,"id":473,"left":311761.83150951174,"top":1587669.5165241526,"right":313493.88231708063,"bottom":1586169.5165241526,"row_index":13,"col_index":17,"A1_hex_zonal_A1_norm":0.83503374098909622,"A2V3_hex_zonal_A2_norm_fix":0.73207154775088568,"B2_HEXZONAL_B2_norm":0.17647237435054908,"C1_HEXZONAL_C1_norm":0.081744731259660378,"C2_hex_zonal_C2_norm":0.56329432614676955,"LAGUNA HEXMAP copy_D1_norm":0.86652533855824221,"D2_hex_zonal_D2_norm":0.71799200371439076,"B1HEX — B2HEX_B1_norm":0.0078431372549019607},"geometry":{"type":"Point","coordinates":[312654.846575893170666,1586939.03949790331535]}},
{"type":"Feature","properties":{"fid":474,"id":474,"left":311761.83150951174,"top":1586169.5165241526,"right":313493.88231708063,"bottom":1584669.5165241526,"row_index":14,"col_index":17,"A1_hex_zonal_A1_norm":0.95392053396097054,"A2V3_hex_zonal_A2_norm_fix":0.7379249306614335,"B2_HEXZONAL_B2_norm":0.14355496536302081,"C1_HEXZONAL_C1_norm":0.028880840244338141,"C2_hex_zonal_C2_norm":0.59308108171297103,"LAGUNA HEXMAP copy_D1_norm":0.94598496521051678,"D2_hex_zonal_D2_norm":0.72924624327080634,"B1HEX — B2HEX_B1_norm":0.0078431372549019607},"geometry":{"type":"Point","coordinates":[312788.70826545835007,1585351.830811096122488]}},
{"type":"Feature","properties":{"fid":475,"id":475,"left":311761.83150951174,"top":1584669.5165241526,"right":313493.88231708063,"bottom":1583169.5165241526,"row_index":15,"col_index":17,"A1_hex_zonal_A1_norm":0.83866137722110534,"A2V3_hex_zonal_A2_norm_fix":0.73557322696917748,"B2_HEXZONAL_B2_norm":0.12181128708720068,"C1_HEXZONAL_C1_norm":0.10850919803073274,"C2_hex_zonal_C2_norm":0.61656124213457808,"LAGUNA HEXMAP copy_D1_norm":0.75576402029595224,"D2_hex_zonal_D2_norm":0.69958740509195172,"B1HEX — B2HEX_B1_norm":0.17647058823529413},"geometry":{"type":"Point","coordinates":[312627.856913296098355,1583919.516524152364582]}},
{"type":"Feature","properties":{"fid":476,"id":476,"left":311761.83150951174,"top":1583169.5165241526,"right":313493.88231708063,"bottom":1581669.5165241526,"row_index":16,"col_index":17,"A1_hex_zonal_A1_norm":0.67076969467710457,"A2V3_hex_zonal_A2_norm_fix":0.82765755849696243,"B2_HEXZONAL_B2_norm":0.065252652957814683,"C1_HEXZONAL_C1_norm":0.080935984364932309,"C2_hex_zonal_C2_norm":0.6444641851978089,"LAGUNA HEXMAP copy_D1_norm":0.73638664245869601,"D2_hex_zonal_D2_norm":0.64596538027766881,"B1HEX — B2HEX_B1_norm":0.11372549019607843},"geometry":{"type":"Point","coordinates":[312637.226791619847063,1582411.818397714057937]}},
{"type":"Feature","properties":{"fid":477,"id":477,"left":311761.83150951174,"top":1581669.5165241526,"right":313493.88231708063,"bottom":1580169.5165241526,"row_index":17,"col_index":17,"A1_hex_zonal_A1_norm":0.66156993899898309,"A2V3_hex_zonal_A2_norm_fix":0.77988596200532423,"B2_HEXZONAL_B2_norm":0.021717968060347204,"C1_HEXZONAL_C1_norm":0.20637505660513264,"C2_hex_zonal_C2_norm":0.67234899059395492,"LAGUNA HEXMAP copy_D1_norm":0.69304143215544689,"D2_hex_zonal_D2_norm":0.6725794366333564,"B1HEX — B2HEX_B1_norm":0.0},"geometry":{"type":"Point","coordinates":[312627.856913296098355,1580919.516524152364582]}},
{"type":"Feature","properties":{"fid":478,"id":478,"left":311761.83150951174,"top":1580169.5165241526,"right":313493.88231708063,"bottom":1578669.5165241526,"row_index":18,"col_index":17,"A1_hex_zonal_A1_norm":0.63012360140200196,"A2V3_hex_zonal_A2_norm_fix":0.63338563762777156,"B2_HEXZONAL_B2_norm":0.031950702593248281,"C1_HEXZONAL_C1_norm":0.33833997499495733,"C2_hex_zonal_C2_norm":0.70099180122375204,"LAGUNA HEXMAP copy_D1_norm":0.63776137147077172,"D2_hex_zonal_D2_norm":0.61158000847245031,"B1HEX — B2HEX_B1_norm":0.0},"geometry":{"type":"Point","coordinates":[312627.856913296098355,1579419.516524152364582]}},
{"type":"Feature","properties":{"fid":479,"id":479,"left":311761.83150951174,"top":1578669.5165241526,"right":313493.88231708063,"bottom":1577169.5165241526,"row_index":19,"col_index":17,"A1_hex_zonal_A1_norm":0.52351421356207273,"A2V3_hex_zonal_A2_norm_fix":0.49509433834333538,"B2_HEXZONAL_B2_norm":0.02794888405686613,"C1_HEXZONAL_C1_norm":0.48237458113568832,"C2_hex_zonal_C2_norm":0.73005750043996165,"LAGUNA HEXMAP copy_D1_norm":0.50989929652719546,"D2_hex_zonal_D2_norm":0.48055583902495058,"B1HEX — B2HEX_B1_norm":0.0},"geometry":{"type":"Point","coordinates":[312627.856913296098355,1577919.516524152364582]}},
{"type":"Feature","properties":{"fid":480,"id":480,"left":311761.83150951174,"top":1577169.5165241526,"right":313493.88231708063,"bottom":1575669.5165241526,"row_index":20,"col_index":17,"A1_hex_zonal_A1_norm":0.37937607741964818,"A2V3_hex_zonal_A2_norm_fix":0.33642018223376879,"B2_HEXZONAL_B2_norm":0.015181406546398546,"C1_HEXZONAL_C1_norm":0.63054363637052824,"C2_hex_zonal_C2_norm":0.75949850429058585,"LAGUNA HEXMAP copy_D1_norm":0.35126841450791535,"D2_hex_zonal_D2_norm":0.31498397971326875,"B1HEX — B2HEX_B1_norm":0.0},"geometry":{"type":"Point","coordinates":[312627.856913296098355,1576419.516524152364582]}},
{"type":"Feature","properties":{"fid":481,"id":481,"left":311761.83150951174,"top":1575669.5165241526,"right":313493.88231708063,"bottom":1574169.5165241526,"row_index":21,"col_index":17,"A1_hex_zonal_A1_norm":0.3805577813993779,"A2V3_hex_zonal_A2_norm_fix":0.32303066010615045,"B2_HEXZONAL_B2_norm":0.031656347562774134,"C1_HEXZONAL_C1_norm":0.6557987240805293,"C2_hex_zonal_C2_norm":0.78927360926460322,"LAGUNA HEXMAP copy_D1_norm":0.33701623762493216,"D2_hex_zonal_D2_norm":0.31162738392038014,"B1HEX — B2HEX_B1_norm":0.0},"geometry":{"type":"Point","coordinates":[312627.856913296098355,1574919.516524152364582]}},
{"type":"Feature","properties":{"fid":482,"id":482,"left":311761.83150951174,"top":1574169.5165241526,"right":313493.88231708063,"bottom":1572669.5165241526,"row_index":22,"col_index":17,"A1_hex_zonal_A1_norm":0.56199320313260259,"A2V3_hex_zonal_A2_norm_fix":0.50412341145523465,"B2_HEXZONAL_B2_norm":0.05335133346439469,"C1_HEXZONAL_C1_norm":0.46179731022333914,"C2_hex_zonal_C2_norm":0.8193470706004311,"LAGUNA HEXMAP copy_D1_norm":0.5103398878503419,"D2_hex_zonal_D2_norm":0.49760329159257299,"B1HEX — B2HEX_B1_norm":0.0},"geometry":{"type":"Point","coordinates":[312627.856913296098355,1573419.516524152364582]}},
{"type":"Feature","properties":{"fid":483,"id":483,"left":311761.83150951174,"top":1572669.5165241526,"right":313493.88231708063,"bottom":1571169.5165241526,"row_index":23,"col_index":17,"A1_hex_zonal_A1_norm":0.7404384225520142,"A2V3_hex_zonal_A2_norm_fix":0.68360240132547623,"B2_HEXZONAL_B2_norm":0.077338173593747173,"C1_HEXZONAL_C1_norm":0.26867615079685964,"C2_hex_zonal_C2_norm":0.84968777035585252,"LAGUNA HEXMAP copy_D1_norm":0.6645862279018202,"D2_hex_zonal_D2_norm":0.6764507323614446,"B1HEX — B2HEX_B1_norm":0.0},"geometry":{"type":"Point","coordinates":[312627.856913296098355,1571919.516524152364582]}},
{"type":"Feature","properties":{"fid":484,"id":484,"left":311761.83150951174,"top":1571169.5165241526,"right":313493.88231708063,"bottom":1569669.5165241526,"row_index":24,"col_index":17,"A1_hex_zonal_A1_norm":0.89830678675028719,"A2V3_hex_zonal_A2_norm_fix":0.86498400225514815,"B2_HEXZONAL_B2_norm":0.10247532521387992,"C1_HEXZONAL_C1_norm":0.088714255202133219,"C2_hex_zonal_C2_norm":0.88008047232020403,"LAGUNA HEXMAP copy_D1_norm":0.75990478905937908,"D2_hex_zonal_D2_norm":0.85125246462695836,"B1HEX — B2HEX_B1_norm":0.039215686274509803},"geometry":{"type":"Point","coordinates":[312622.507330872118473,1570426.561657152837142]}},
{"type":"Feature","properties":{"fid":485,"id":485,"left":311761.83150951174,"top":1569669.5165241526,"right":313493.88231708063,"bottom":1568169.5165241526,"row_index":25,"col_index":17,"A1_hex_zonal_A1_norm":0.92789664762647517,"A2V3_hex_zonal_A2_norm_fix":0.9652976318060863,"B2_HEXZONAL_B2_norm":0.1173682798778064,"C1_HEXZONAL_C1_norm":0.0082375714967211425,"C2_hex_zonal_C2_norm":0.89757277009713343,"LAGUNA HEXMAP copy_D1_norm":0.75059015213481406,"D2_hex_zonal_D2_norm":0.95090432881013143,"B1HEX — B2HEX_B1_norm":0.0},"geometry":{"type":"Point","coordinates":[312573.932625763176475,1569546.604188406607136]}},
{"type":"Feature","properties":{"fid":488,"id":488,"left":313060.86961518839,"top":1606419.5165241526,"right":314792.92042275728,"bottom":1604919.5165241526,"row_index":1,"col_index":18,"A1_hex_zonal_A1_norm":0.88268227709615843,"A2V3_hex_zonal_A2_norm_fix":0.97594113004401895,"B2_HEXZONAL_B2_norm":0.51534367464610209,"C1_HEXZONAL_C1_norm":0.013478401369765977,"C2_hex_zonal_C2_norm":0.38420631209534134,"LAGUNA HEXMAP copy_D1_norm":0.44919224431103311,"D2_hex_zonal_D2_norm":0.96345992395319813,"B1HEX — B2HEX_B1_norm":0.0},"geometry":{"type":"Point","coordinates":[313888.214356551121455,1605139.169787863269448]}},
{"type":"Feature","properties":{"fid":489,"id":489,"left":313060.86961518839,"top":1604919.5165241526,"right":314792.92042275728,"bottom":1603419.5165241526,"row_index":2,"col_index":18,"A1_hex_zonal_A1_norm":0.9170677454209395,"A2V3_hex_zonal_A2_norm_fix":0.92336326766118337,"B2_HEXZONAL_B2_norm":0.52227379816004471,"C1_HEXZONAL_C1_norm":0.037285848868804053,"C2_hex_zonal_C2_norm":0.38422931200141286,"LAGUNA HEXMAP copy_D1_norm":0.5226303055806254,"D2_hex_zonal_D2_norm":0.9372763053444001,"B1HEX — B2HEX_B1_norm":0.0039215686274509803},"geometry":{"type":"Point","coordinates":[313777.541027839411981,1604211.975390048697591]}},
{"type":"Feature","properties":{"fid":490,"id":490,"left":313060.86961518839,"top":1603419.5165241526,"right":314792.92042275728,"bottom":1601919.5165241526,"row_index":3,"col_index":18,"A1_hex_zonal_A1_norm":0.90927180488236992,"A2V3_hex_zonal_A2_norm_fix":0.90545535706168423,"B2_HEXZONAL_B2_norm":0.53352439588243605,"C1_HEXZONAL_C1_norm":0.076330935681133361,"C2_hex_zonal_C2_norm":0.39231973908587858,"LAGUNA HEXMAP copy_D1_norm":0.56319773632548209,"D2_hex_zonal_D2_norm":0.91056775499935971,"B1HEX — B2HEX_B1_norm":0.019607843137254902},"geometry":{"type":"Point","coordinates":[313848.724853918596637,1602629.938648104202002]}},
{"type":"Feature","properties":{"fid":491,"id":491,"left":313060.86961518839,"top":1601919.5165241526,"right":314792.92042275728,"bottom":1600419.5165241526,"row_index":4,"col_index":18,"A1_hex_zonal_A1_norm":0.76764912066987534,"A2V3_hex_zonal_A2_norm_fix":0.79761500184476553,"B2_HEXZONAL_B2_norm":0.54519961907616354,"C1_HEXZONAL_C1_norm":0.16531066053706878,"C2_hex_zonal_C2_norm":0.40264844615115392,"LAGUNA HEXMAP copy_D1_norm":0.58874705199047106,"D2_hex_zonal_D2_norm":0.83053068149384701,"B1HEX — B2HEX_B1_norm":0.0039215686274509803},"geometry":{"type":"Point","coordinates":[313926.895018972747494,1601169.516524152131751]}},
{"type":"Feature","properties":{"fid":492,"id":492,"left":313060.86961518839,"top":1600419.5165241526,"right":314792.92042275728,"bottom":1598919.5165241526,"row_index":5,"col_index":18,"A1_hex_zonal_A1_norm":0.60945607169755833,"A2V3_hex_zonal_A2_norm_fix":0.6362861359318005,"B2_HEXZONAL_B2_norm":0.55802475257585571,"C1_HEXZONAL_C1_norm":0.31433905442326571,"C2_hex_zonal_C2_norm":0.41392769730441054,"LAGUNA HEXMAP copy_D1_norm":0.53731442384884587,"D2_hex_zonal_D2_norm":0.67301891620887155,"B1HEX — B2HEX_B1_norm":0.18823529411764706},"geometry":{"type":"Point","coordinates":[313926.895018972747494,1599669.516524152364582]}},
{"type":"Feature","properties":{"fid":493,"id":493,"left":313060.86961518839,"top":1598919.5165241526,"right":314792.92042275728,"bottom":1597419.5165241526,"row_index":6,"col_index":18,"A1_hex_zonal_A1_norm":0.46023387825031026,"A2V3_hex_zonal_A2_norm_fix":0.45160098538967652,"B2_HEXZONAL_B2_norm":0.56737367695981944,"C1_HEXZONAL_C1_norm":0.49237950275370501,"C2_hex_zonal_C2_norm":0.4274897296403124,"LAGUNA HEXMAP copy_D1_norm":0.43445749355153573,"D2_hex_zonal_D2_norm":0.48452595249282449,"B1HEX — B2HEX_B1_norm":0.086274509803921567},"geometry":{"type":"Point","coordinates":[313926.895018972747494,1598169.516524152597412]}},
{"type":"Feature","properties":{"fid":494,"id":494,"left":313060.86961518839,"top":1597419.5165241526,"right":314792.92042275728,"bottom":1595919.5165241526,"row_index":7,"col_index":18,"A1_hex_zonal_A1_norm":0.36129514372557103,"A2V3_hex_zonal_A2_norm_fix":0.3173503744628341,"B2_HEXZONAL_B2_norm":0.55592265876593905,"C1_HEXZONAL_C1_norm":0.63709895071958778,"C2_hex_zonal_C2_norm":0.44313201539729541,"LAGUNA HEXMAP copy_D1_norm":0.29573216625972731,"D2_hex_zonal_D2_norm":0.32334229066602338,"B1HEX — B2HEX_B1_norm":0.0},"geometry":{"type":"Point","coordinates":[313926.895018972747494,1596669.516524152364582]}},
{"type":"Feature","properties":{"fid":495,"id":495,"left":313060.86961518839,"top":1595919.5165241526,"right":314792.92042275728,"bottom":1594419.5165241526,"row_index":8,"col_index":18,"A1_hex_zonal_A1_norm":0.37518827567294311,"A2V3_hex_zonal_A2_norm_fix":0.34860616680877976,"B2_HEXZONAL_B2_norm":0.48740871712936618,"C1_HEXZONAL_C1_norm":0.65825817147624921,"C2_hex_zonal_C2_norm":0.46064952360594136,"LAGUNA HEXMAP copy_D1_norm":0.35805425075031283,"D2_hex_zonal_D2_norm":0.32951710144393753,"B1HEX — B2HEX_B1_norm":0.0},"geometry":{"type":"Point","coordinates":[313926.895018972747494,1595169.516524152131751]}},
{"type":"Feature","properties":{"fid":496,"id":496,"left":313060.86961518839,"top":1594419.5165241526,"right":314792.92042275728,"bottom":1592919.5165241526,"row_index":9,"col_index":18,"A1_hex_zonal_A1_norm":0.36252828132598414,"A2V3_hex_zonal_A2_norm_fix":0.42537822997193386,"B2_HEXZONAL_B2_norm":0.34359570969290132,"C1_HEXZONAL_C1_norm":0.59641296227142371,"C2_hex_zonal_C2_norm":0.47984328966388773,"LAGUNA HEXMAP copy_D1_norm":0.39720337977660025,"D2_hex_zonal_D2_norm":0.36692890427359515,"B1HEX — B2HEX_B1_norm":0.0},"geometry":{"type":"Point","coordinates":[313926.895018972747494,1593669.516524152364582]}},
{"type":"Feature","properties":{"fid":497,"id":497,"left":313060.86961518839,"top":1592919.5165241526,"right":314792.92042275728,"bottom":1591419.5165241526,"row_index":10,"col_index":18,"A1_hex_zonal_A1_norm":0.31929687319853395,"A2V3_hex_zonal_A2_norm_fix":0.46059453431861475,"B2_HEXZONAL_B2_norm":0.17224910179591291,"C1_HEXZONAL_C1_norm":0.56147399253395391,"C2_hex_zonal_C2_norm":0.50052625019572794,"LAGUNA HEXMAP copy_D1_norm":0.4477247741451289,"D2_hex_zonal_D2_norm":0.37105909376549884,"B1HEX — B2HEX_B1_norm":0.0},"geometry":{"type":"Point","coordinates":[313926.895018972747494,1592169.516524152597412]}},
{"type":"Feature","properties":{"fid":498,"id":498,"left":313060.86961518839,"top":1591419.5165241526,"right":314792.92042275728,"bottom":1589919.5165241526,"row_index":11,"col_index":18,"A1_hex_zonal_A1_norm":0.38036678915849764,"A2V3_hex_zonal_A2_norm_fix":0.45917376557805734,"B2_HEXZONAL_B2_norm":0.108006632203974,"C1_HEXZONAL_C1_norm":0.5410864144072175,"C2_hex_zonal_C2_norm":0.52252664549683647,"LAGUNA HEXMAP copy_D1_norm":0.47288714567147638,"D2_hex_zonal_D2_norm":0.41996599661086997,"B1HEX — B2HEX_B1_norm":0.0},"geometry":{"type":"Point","coordinates":[313926.895018972747494,1590669.516524152364582]}},
{"type":"Feature","properties":{"fid":499,"id":499,"left":313060.86961518839,"top":1589919.5165241526,"right":314792.92042275728,"bottom":1588419.5165241526,"row_index":12,"col_index":18,"A1_hex_zonal_A1_norm":0.55636214311157595,"A2V3_hex_zonal_A2_norm_fix":0.49771217544689539,"B2_HEXZONAL_B2_norm":0.14785471520594873,"C1_HEXZONAL_C1_norm":0.40641832897337826,"C2_hex_zonal_C2_norm":0.54568951497677287,"LAGUNA HEXMAP copy_D1_norm":0.54812292879819768,"D2_hex_zonal_D2_norm":0.48551034616918809,"B1HEX — B2HEX_B1_norm":0.0},"geometry":{"type":"Point","coordinates":[313926.895018972747494,1589169.516524152131751]}},
{"type":"Feature","properties":{"fid":500,"id":500,"left":313060.86961518839,"top":1588419.5165241526,"right":314792.92042275728,"bottom":1586919.5165241526,"row_index":13,"col_index":18,"A1_hex_zonal_A1_norm":0.72851080264449686,"A2V3_hex_zonal_A2_norm_fix":0.55678482490197845,"B2_HEXZONAL_B2_norm":0.13257290929382115,"C1_HEXZONAL_C1_norm":0.26579327145811454,"C2_hex_zonal_C2_norm":0.5698768504772922,"LAGUNA HEXMAP copy_D1_norm":0.71624553828944171,"D2_hex_zonal_D2_norm":0.53817375684363866,"B1HEX — B2HEX_B1_norm":0.0},"geometry":{"type":"Point","coordinates":[313926.895018972747494,1587669.516524152364582]}},
{"type":"Feature","properties":{"fid":501,"id":501,"left":313060.86961518839,"top":1586919.5165241526,"right":314792.92042275728,"bottom":1585419.5165241526,"row_index":14,"col_index":18,"A1_hex_zonal_A1_norm":0.86334927592978228,"A2V3_hex_zonal_A2_norm_fix":0.60060386173777847,"B2_HEXZONAL_B2_norm":0.10174293367680254,"C1_HEXZONAL_C1_norm":0.13986438328395798,"C2_hex_zonal_C2_norm":0.59496686204830229,"LAGUNA HEXMAP copy_D1_norm":0.82899367570526405,"D2_hex_zonal_D2_norm":0.58662353058088679,"B1HEX — B2HEX_B1_norm":0.0},"geometry":{"type":"Point","coordinates":[313926.895018972747494,1586169.516524152597412]}},
{"type":"Feature","properties":{"fid":502,"id":502,"left":313060.86961518839,"top":1585419.5165241526,"right":314792.92042275728,"bottom":1583919.5165241526,"row_index":15,"col_index":18,"A1_hex_zonal_A1_norm":0.82858237007303503,"A2V3_hex_zonal_A2_norm_fix":0.62377420149563845,"B2_HEXZONAL_B2_norm":0.10704585188254312,"C1_HEXZONAL_C1_norm":0.17556646937882717,"C2_hex_zonal_C2_norm":0.62085276798198796,"LAGUNA HEXMAP copy_D1_norm":0.77619461626511799,"D2_hex_zonal_D2_norm":0.61147334120755037,"B1HEX — B2HEX_B1_norm":0.0078431372549019607},"geometry":{"type":"Point","coordinates":[313926.895018972747494,1584669.516524152364582]}},
{"type":"Feature","properties":{"fid":503,"id":503,"left":313060.86961518839,"top":1583919.5165241526,"right":314792.92042275728,"bottom":1582419.5165241526,"row_index":16,"col_index":18,"A1_hex_zonal_A1_norm":0.69547093356597223,"A2V3_hex_zonal_A2_norm_fix":0.65919215665881037,"B2_HEXZONAL_B2_norm":0.076430636228568383,"C1_HEXZONAL_C1_norm":0.2274177231889821,"C2_hex_zonal_C2_norm":0.64744131933216087,"LAGUNA HEXMAP copy_D1_norm":0.6215477657567815,"D2_hex_zonal_D2_norm":0.58674915242578485,"B1HEX — B2HEX_B1_norm":0.0},"geometry":{"type":"Point","coordinates":[313926.895018972747494,1583169.516524152131751]}},
{"type":"Feature","properties":{"fid":504,"id":504,"left":313060.86961518839,"top":1582419.5165241526,"right":314792.92042275728,"bottom":1580919.5165241526,"row_index":17,"col_index":18,"A1_hex_zonal_A1_norm":0.59310547980696326,"A2V3_hex_zonal_A2_norm_fix":0.67954938589545011,"B2_HEXZONAL_B2_norm":0.017894504830591851,"C1_HEXZONAL_C1_norm":0.26562846329425377,"C2_hex_zonal_C2_norm":0.67465129877589824,"LAGUNA HEXMAP copy_D1_norm":0.5584722836867273,"D2_hex_zonal_D2_norm":0.5985146448723091,"B1HEX — B2HEX_B1_norm":0.0},"geometry":{"type":"Point","coordinates":[313926.895018972747494,1581669.516524152364582]}},
{"type":"Feature","properties":{"fid":505,"id":505,"left":313060.86961518839,"top":1580919.5165241526,"right":314792.92042275728,"bottom":1579419.5165241526,"row_index":18,"col_index":18,"A1_hex_zonal_A1_norm":0.58903549752690754,"A2V3_hex_zonal_A2_norm_fix":0.61754055706860755,"B2_HEXZONAL_B2_norm":0.012042536548538485,"C1_HEXZONAL_C1_norm":0.3788119258174934,"C2_hex_zonal_C2_norm":0.70241203443204581,"LAGUNA HEXMAP copy_D1_norm":0.51773889728292177,"D2_hex_zonal_D2_norm":0.57089780901295717,"B1HEX — B2HEX_B1_norm":0.0},"geometry":{"type":"Point","coordinates":[313926.895018972747494,1580169.516524152597412]}},
{"type":"Feature","properties":{"fid":506,"id":506,"left":313060.86961518839,"top":1579419.5165241526,"right":314792.92042275728,"bottom":1577919.5165241526,"row_index":19,"col_index":18,"A1_hex_zonal_A1_norm":0.52254240270145158,"A2V3_hex_zonal_A2_norm_fix":0.50404841559166158,"B2_HEXZONAL_B2_norm":0.027701926146758371,"C1_HEXZONAL_C1_norm":0.46776229773772221,"C2_hex_zonal_C2_norm":0.73066204567710458,"LAGUNA HEXMAP copy_D1_norm":0.44734220102124322,"D2_hex_zonal_D2_norm":0.48640288617744698,"B1HEX — B2HEX_B1_norm":0.0},"geometry":{"type":"Point","coordinates":[313926.895018972747494,1578669.516524152364582]}},
{"type":"Feature","properties":{"fid":507,"id":507,"left":313060.86961518839,"top":1577919.5165241526,"right":314792.92042275728,"bottom":1576419.5165241526,"row_index":20,"col_index":18,"A1_hex_zonal_A1_norm":0.40429537111471781,"A2V3_hex_zonal_A2_norm_fix":0.37955971059417837,"B2_HEXZONAL_B2_norm":0.003716174947619888,"C1_HEXZONAL_C1_norm":0.56735001271484065,"C2_hex_zonal_C2_norm":0.7593478124059293,"LAGUNA HEXMAP copy_D1_norm":0.32864226620238013,"D2_hex_zonal_D2_norm":0.36337740753368986,"B1HEX — B2HEX_B1_norm":0.0},"geometry":{"type":"Point","coordinates":[313926.895018972747494,1577169.516524152131751]}},
{"type":"Feature","properties":{"fid":508,"id":508,"left":313060.86961518839,"top":1576419.5165241526,"right":314792.92042275728,"bottom":1574919.5165241526,"row_index":21,"col_index":18,"A1_hex_zonal_A1_norm":0.37241235302970932,"A2V3_hex_zonal_A2_norm_fix":0.3159983909594839,"B2_HEXZONAL_B2_norm":0.016838070586680187,"C1_HEXZONAL_C1_norm":0.64317722031985003,"C2_hex_zonal_C2_norm":0.78842267716128078,"LAGUNA HEXMAP copy_D1_norm":0.2816838133536147,"D2_hex_zonal_D2_norm":0.30312256737181131,"B1HEX — B2HEX_B1_norm":0.0},"geometry":{"type":"Point","coordinates":[313926.895018972747494,1575669.516524152364582]}},
{"type":"Feature","properties":{"fid":509,"id":509,"left":313060.86961518839,"top":1574919.5165241526,"right":314792.92042275728,"bottom":1573419.5165241526,"row_index":22,"col_index":18,"A1_hex_zonal_A1_norm":0.49896069851423563,"A2V3_hex_zonal_A2_norm_fix":0.45391017214420926,"B2_HEXZONAL_B2_norm":0.049899310061840119,"C1_HEXZONAL_C1_norm":0.53168932295441551,"C2_hex_zonal_C2_norm":0.81784591395744566,"LAGUNA HEXMAP copy_D1_norm":0.47089173745601298,"D2_hex_zonal_D2_norm":0.4370183017982453,"B1HEX — B2HEX_B1_norm":0.0},"geometry":{"type":"Point","coordinates":[313926.895018972747494,1574169.516524152597412]}},
{"type":"Feature","properties":{"fid":510,"id":510,"left":313060.86961518839,"top":1573419.5165241526,"right":314792.92042275728,"bottom":1571919.5165241526,"row_index":23,"col_index":18,"A1_hex_zonal_A1_norm":0.65246855551835725,"A2V3_hex_zonal_A2_norm_fix":0.64640824410043241,"B2_HEXZONAL_B2_norm":0.076317616734780325,"C1_HEXZONAL_C1_norm":0.35281404779488706,"C2_hex_zonal_C2_norm":0.84758136265300377,"LAGUNA HEXMAP copy_D1_norm":0.6586833961295393,"D2_hex_zonal_D2_norm":0.63294084524392047,"B1HEX — B2HEX_B1_norm":0.0},"geometry":{"type":"Point","coordinates":[313925.914773160766345,1572669.020732928533107]}},
{"type":"Feature","properties":{"fid":511,"id":511,"left":313060.86961518839,"top":1571919.5165241526,"right":314792.92042275728,"bottom":1570419.5165241526,"row_index":24,"col_index":18,"A1_hex_zonal_A1_norm":0.81804677126029568,"A2V3_hex_zonal_A2_norm_fix":0.83463223948100917,"B2_HEXZONAL_B2_norm":0.099100558544401474,"C1_HEXZONAL_C1_norm":0.15734870744952009,"C2_hex_zonal_C2_norm":0.8775993471815825,"LAGUNA HEXMAP copy_D1_norm":0.84003452066425743,"D2_hex_zonal_D2_norm":0.82724320135285923,"B1HEX — B2HEX_B1_norm":0.039215686274509803},"geometry":{"type":"Point","coordinates":[313926.895018972747494,1571169.516524152131751]}},
{"type":"Feature","properties":{"fid":512,"id":512,"left":313060.86961518839,"top":1570419.5165241526,"right":314792.92042275728,"bottom":1568919.5165241526,"row_index":25,"col_index":18,"A1_hex_zonal_A1_norm":0.90745634949817444,"A2V3_hex_zonal_A2_norm_fix":0.96150130223446206,"B2_HEXZONAL_B2_norm":0.11347128520254901,"C1_HEXZONAL_C1_norm":0.028488184753788094,"C2_hex_zonal_C2_norm":0.89850942728954675,"LAGUNA HEXMAP copy_D1_norm":0.92809996929531813,"D2_hex_zonal_D2_norm":0.94852894416053535,"B1HEX — B2HEX_B1_norm":0.011764705882352941},"geometry":{"type":"Point","coordinates":[313890.699325039226096,1570110.154033720493317]}},
{"type":"Feature","properties":{"fid":515,"id":515,"left":314359.90772086504,"top":1605669.5165241526,"right":316091.95852843393,"bottom":1604169.5165241526,"row_index":1,"col_index":19,"A1_hex_zonal_A1_norm":0.92931314788491404,"A2V3_hex_zonal_A2_norm_fix":0.95254193190982628,"B2_HEXZONAL_B2_norm":null,"C1_HEXZONAL_C1_norm":0.014370971988715618,"C2_hex_zonal_C2_norm":0.39619399700079205,"LAGUNA HEXMAP copy_D1_norm":0.4626449623880633,"D2_hex_zonal_D2_norm":0.95599096775997416,"B1HEX — B2HEX_B1_norm":0.0},"geometry":{"type":"Point","coordinates":[314388.62242828757735,1604887.735688320826739]}},
{"type":"Feature","properties":{"fid":517,"id":517,"left":314359.90772086504,"top":1602669.5165241526,"right":316091.95852843393,"bottom":1601169.5165241526,"row_index":3,"col_index":19,"A1_hex_zonal_A1_norm":0.87269326508815881,"A2V3_hex_zonal_A2_norm_fix":0.91294778381130126,"B2_HEXZONAL_B2_norm":0.52462680441610932,"C1_HEXZONAL_C1_norm":0.03748141382976105,"C2_hex_zonal_C2_norm":0.42658520019469509,"LAGUNA HEXMAP copy_D1_norm":0.75564123880155964,"D2_hex_zonal_D2_norm":0.93272963498333916,"B1HEX — B2HEX_B1_norm":0.0039215686274509803},"geometry":{"type":"Point","coordinates":[315174.878204264503438,1601632.650628856616095]}},
{"type":"Feature","properties":{"fid":518,"id":518,"left":314359.90772086504,"top":1601169.5165241526,"right":316091.95852843393,"bottom":1599669.5165241526,"row_index":4,"col_index":19,"A1_hex_zonal_A1_norm":0.77521355317544727,"A2V3_hex_zonal_A2_norm_fix":0.77413241006237909,"B2_HEXZONAL_B2_norm":0.5337668752600091,"C1_HEXZONAL_C1_norm":0.1712292919037865,"C2_hex_zonal_C2_norm":0.43558927739410858,"LAGUNA HEXMAP copy_D1_norm":0.72556662648631631,"D2_hex_zonal_D2_norm":0.7971480569058067,"B1HEX — B2HEX_B1_norm":0.23921568627450981},"geometry":{"type":"Point","coordinates":[315225.93312464945484,1600419.516524152364582]}},
{"type":"Feature","properties":{"fid":519,"id":519,"left":314359.90772086504,"top":1599669.5165241526,"right":316091.95852843393,"bottom":1598169.5165241526,"row_index":5,"col_index":19,"A1_hex_zonal_A1_norm":0.62315054251212643,"A2V3_hex_zonal_A2_norm_fix":0.60391109764899165,"B2_HEXZONAL_B2_norm":0.54280483228715204,"C1_HEXZONAL_C1_norm":0.31762187035800438,"C2_hex_zonal_C2_norm":0.44729286154548953,"LAGUNA HEXMAP copy_D1_norm":0.61952200264497981,"D2_hex_zonal_D2_norm":0.6243789592171145,"B1HEX — B2HEX_B1_norm":0.16470588235294117},"geometry":{"type":"Point","coordinates":[315225.93312464945484,1598919.516524152131751]}},
{"type":"Feature","properties":{"fid":520,"id":520,"left":314359.90772086504,"top":1598169.5165241526,"right":316091.95852843393,"bottom":1596669.5165241526,"row_index":6,"col_index":19,"A1_hex_zonal_A1_norm":0.47618288655449004,"A2V3_hex_zonal_A2_norm_fix":0.44976687686282513,"B2_HEXZONAL_B2_norm":0.53049264223036174,"C1_HEXZONAL_C1_norm":0.46730203885293298,"C2_hex_zonal_C2_norm":0.46109690201356773,"LAGUNA HEXMAP copy_D1_norm":0.46466260442924123,"D2_hex_zonal_D2_norm":0.46786972016500472,"B1HEX — B2HEX_B1_norm":0.0},"geometry":{"type":"Point","coordinates":[315225.93312464945484,1597419.516524152597412]}},
{"type":"Feature","properties":{"fid":521,"id":521,"left":314359.90772086504,"top":1596669.5165241526,"right":316091.95852843393,"bottom":1595169.5165241526,"row_index":7,"col_index":19,"A1_hex_zonal_A1_norm":0.40657591367939006,"A2V3_hex_zonal_A2_norm_fix":0.36548390148148946,"B2_HEXZONAL_B2_norm":0.47301489368825889,"C1_HEXZONAL_C1_norm":0.61465766930473609,"C2_hex_zonal_C2_norm":0.47682469955830481,"LAGUNA HEXMAP copy_D1_norm":0.39058573277745767,"D2_hex_zonal_D2_norm":0.36371691703905462,"B1HEX — B2HEX_B1_norm":0.0},"geometry":{"type":"Point","coordinates":[315225.93312464945484,1595919.516524152364582]}},
{"type":"Feature","properties":{"fid":522,"id":522,"left":314359.90772086504,"top":1595169.5165241526,"right":316091.95852843393,"bottom":1593669.5165241526,"row_index":8,"col_index":19,"A1_hex_zonal_A1_norm":0.34974981577802366,"A2V3_hex_zonal_A2_norm_fix":0.33786117378363756,"B2_HEXZONAL_B2_norm":0.35277590720581442,"C1_HEXZONAL_C1_norm":0.67025208055738439,"C2_hex_zonal_C2_norm":0.4942981885549616,"LAGUNA HEXMAP copy_D1_norm":0.34262784796595214,"D2_hex_zonal_D2_norm":0.30813575807346982,"B1HEX — B2HEX_B1_norm":0.0},"geometry":{"type":"Point","coordinates":[315225.93312464945484,1594419.516524152364582]}},
{"type":"Feature","properties":{"fid":523,"id":523,"left":314359.90772086504,"top":1593669.5165241526,"right":316091.95852843393,"bottom":1592169.5165241526,"row_index":9,"col_index":19,"A1_hex_zonal_A1_norm":0.37689713445194228,"A2V3_hex_zonal_A2_norm_fix":0.37167392535085764,"B2_HEXZONAL_B2_norm":0.19707751304432364,"C1_HEXZONAL_C1_norm":0.62731553543187857,"C2_hex_zonal_C2_norm":0.51334431563133309,"LAGUNA HEXMAP copy_D1_norm":0.37405917279008427,"D2_hex_zonal_D2_norm":0.32900079861478193,"B1HEX — B2HEX_B1_norm":0.0},"geometry":{"type":"Point","coordinates":[315225.93312464945484,1592919.516524152131751]}},
{"type":"Feature","properties":{"fid":524,"id":524,"left":314359.90772086504,"top":1592169.5165241526,"right":316091.95852843393,"bottom":1590669.5165241526,"row_index":10,"col_index":19,"A1_hex_zonal_A1_norm":0.4281877752944192,"A2V3_hex_zonal_A2_norm_fix":0.39581538380822412,"B2_HEXZONAL_B2_norm":0.096973018154747681,"C1_HEXZONAL_C1_norm":0.61424571529188821,"C2_hex_zonal_C2_norm":0.53379947672947592,"LAGUNA HEXMAP copy_D1_norm":0.38844096466116429,"D2_hex_zonal_D2_norm":0.37559652501553886,"B1HEX — B2HEX_B1_norm":0.0},"geometry":{"type":"Point","coordinates":[315225.93312464945484,1591419.516524152364582]}},
{"type":"Feature","properties":{"fid":525,"id":525,"left":314359.90772086504,"top":1590669.5165241526,"right":316091.95852843393,"bottom":1589169.5165241526,"row_index":11,"col_index":19,"A1_hex_zonal_A1_norm":0.47881308370525899,"A2V3_hex_zonal_A2_norm_fix":0.46359340283368822,"B2_HEXZONAL_B2_norm":0.11748720251959655,"C1_HEXZONAL_C1_norm":0.5325456448105883,"C2_hex_zonal_C2_norm":0.55551223041902364,"LAGUNA HEXMAP copy_D1_norm":0.38715904376745292,"D2_hex_zonal_D2_norm":0.45251294997700353,"B1HEX — B2HEX_B1_norm":0.0},"geometry":{"type":"Point","coordinates":[315225.93312464945484,1589919.516524152364582]}},
{"type":"Feature","properties":{"fid":526,"id":526,"left":314359.90772086504,"top":1589169.5165241526,"right":316091.95852843393,"bottom":1587669.5165241526,"row_index":12,"col_index":19,"A1_hex_zonal_A1_norm":0.59056116393849645,"A2V3_hex_zonal_A2_norm_fix":0.52220207019782439,"B2_HEXZONAL_B2_norm":0.1260140419041208,"C1_HEXZONAL_C1_norm":0.43655640543042279,"C2_hex_zonal_C2_norm":0.5783446154998052,"LAGUNA HEXMAP copy_D1_norm":0.53573097816419524,"D2_hex_zonal_D2_norm":0.51136214204067132,"B1HEX — B2HEX_B1_norm":0.0},"geometry":{"type":"Point","coordinates":[315225.93312464945484,1588419.516524152364582]}},
{"type":"Feature","properties":{"fid":527,"id":527,"left":314359.90772086504,"top":1587669.5165241526,"right":316091.95852843393,"bottom":1586169.5165241526,"row_index":13,"col_index":19,"A1_hex_zonal_A1_norm":0.69465993333084364,"A2V3_hex_zonal_A2_norm_fix":0.60514852544287145,"B2_HEXZONAL_B2_norm":0.077588169046030719,"C1_HEXZONAL_C1_norm":0.32727897316177651,"C2_hex_zonal_C2_norm":0.60217245571252398,"LAGUNA HEXMAP copy_D1_norm":0.6422692020850419,"D2_hex_zonal_D2_norm":0.59634127577322449,"B1HEX — B2HEX_B1_norm":0.066666666666666666},"geometry":{"type":"Point","coordinates":[315225.93312464945484,1586919.516524152131751]}},
{"type":"Feature","properties":{"fid":528,"id":528,"left":314359.90772086504,"top":1586169.5165241526,"right":316091.95852843393,"bottom":1584669.5165241526,"row_index":14,"col_index":19,"A1_hex_zonal_A1_norm":0.76253282180432946,"A2V3_hex_zonal_A2_norm_fix":0.72202682221459313,"B2_HEXZONAL_B2_norm":0.079200015011189562,"C1_HEXZONAL_C1_norm":0.25206960661663158,"C2_hex_zonal_C2_norm":0.626884964253278,"LAGUNA HEXMAP copy_D1_norm":0.71919798731309159,"D2_hex_zonal_D2_norm":0.71186636749250742,"B1HEX — B2HEX_B1_norm":0.14901960784313725},"geometry":{"type":"Point","coordinates":[315225.93312464945484,1585419.516524152364582]}},
{"type":"Feature","properties":{"fid":529,"id":529,"left":314359.90772086504,"top":1584669.5165241526,"right":316091.95852843393,"bottom":1583169.5165241526,"row_index":15,"col_index":19,"A1_hex_zonal_A1_norm":0.74544523765419901,"A2V3_hex_zonal_A2_norm_fix":0.74698209734141408,"B2_HEXZONAL_B2_norm":0.09826855854880312,"C1_HEXZONAL_C1_norm":0.25601419179065371,"C2_hex_zonal_C2_norm":0.65238392732728767,"LAGUNA HEXMAP copy_D1_norm":0.7397036327703097,"D2_hex_zonal_D2_norm":0.73538974412583302,"B1HEX — B2HEX_B1_norm":0.0},"geometry":{"type":"Point","coordinates":[315225.93312464945484,1583919.516524152364582]}},
{"type":"Feature","properties":{"fid":530,"id":530,"left":314359.90772086504,"top":1583169.5165241526,"right":316091.95852843393,"bottom":1581669.5165241526,"row_index":16,"col_index":19,"A1_hex_zonal_A1_norm":0.69602731539648865,"A2V3_hex_zonal_A2_norm_fix":0.75778210435099924,"B2_HEXZONAL_B2_norm":0.073824138481112245,"C1_HEXZONAL_C1_norm":0.24334917838815343,"C2_hex_zonal_C2_norm":0.67858265449306077,"LAGUNA HEXMAP copy_D1_norm":0.6409664908770305,"D2_hex_zonal_D2_norm":0.75194794577938728,"B1HEX — B2HEX_B1_norm":0.0},"geometry":{"type":"Point","coordinates":[315225.93312464945484,1582419.516524152364582]}},
{"type":"Feature","properties":{"fid":531,"id":531,"left":314359.90772086504,"top":1581669.5165241526,"right":316091.95852843393,"bottom":1580169.5165241526,"row_index":17,"col_index":19,"A1_hex_zonal_A1_norm":0.74025153243642672,"A2V3_hex_zonal_A2_norm_fix":0.75600248926261937,"B2_HEXZONAL_B2_norm":0.043268298179857667,"C1_HEXZONAL_C1_norm":0.24399707460285017,"C2_hex_zonal_C2_norm":0.70540484532512082,"LAGUNA HEXMAP copy_D1_norm":0.48767444881013555,"D2_hex_zonal_D2_norm":0.74930618310454178,"B1HEX — B2HEX_B1_norm":0.0},"geometry":{"type":"Point","coordinates":[315225.93312464945484,1580919.516524152364582]}},
{"type":"Feature","properties":{"fid":532,"id":532,"left":314359.90772086504,"top":1580169.5165241526,"right":316091.95852843393,"bottom":1578669.5165241526,"row_index":18,"col_index":19,"A1_hex_zonal_A1_norm":0.69368916564566896,"A2V3_hex_zonal_A2_norm_fix":0.68742131724135147,"B2_HEXZONAL_B2_norm":0.046133789381891943,"C1_HEXZONAL_C1_norm":0.29582231202122755,"C2_hex_zonal_C2_norm":0.73278344586229016,"LAGUNA HEXMAP copy_D1_norm":0.33434715165422546,"D2_hex_zonal_D2_norm":0.67109720930529493,"B1HEX — B2HEX_B1_norm":0.0},"geometry":{"type":"Point","coordinates":[315225.93312464945484,1579419.516524152364582]}},
{"type":"Feature","properties":{"fid":533,"id":533,"left":314359.90772086504,"top":1578669.5165241526,"right":316091.95852843393,"bottom":1577169.5165241526,"row_index":19,"col_index":19,"A1_hex_zonal_A1_norm":0.5678077390187618,"A2V3_hex_zonal_A2_norm_fix":0.56533491480563602,"B2_HEXZONAL_B2_norm":0.041063099872312048,"C1_HEXZONAL_C1_norm":0.36923694331591406,"C2_hex_zonal_C2_norm":0.7606595658359756,"LAGUNA HEXMAP copy_D1_norm":0.25688940649811021,"D2_hex_zonal_D2_norm":0.54802346499284493,"B1HEX — B2HEX_B1_norm":0.0},"geometry":{"type":"Point","coordinates":[315225.93312464945484,1577919.516524152364582]}},
{"type":"Feature","properties":{"fid":534,"id":534,"left":314359.90772086504,"top":1577169.5165241526,"right":316091.95852843393,"bottom":1575669.5165241526,"row_index":20,"col_index":19,"A1_hex_zonal_A1_norm":0.4659478867005532,"A2V3_hex_zonal_A2_norm_fix":0.44171238792292578,"B2_HEXZONAL_B2_norm":0.027069667064696379,"C1_HEXZONAL_C1_norm":0.50245743249659325,"C2_hex_zonal_C2_norm":0.78898148099856258,"LAGUNA HEXMAP copy_D1_norm":0.1848397546807905,"D2_hex_zonal_D2_norm":0.43032603513531409,"B1HEX — B2HEX_B1_norm":0.0},"geometry":{"type":"Point","coordinates":[315225.93312464945484,1576419.516524152364582]}},
{"type":"Feature","properties":{"fid":535,"id":535,"left":314359.90772086504,"top":1575669.5165241526,"right":316091.95852843393,"bottom":1574169.5165241526,"row_index":21,"col_index":19,"A1_hex_zonal_A1_norm":0.55268528226451918,"A2V3_hex_zonal_A2_norm_fix":0.50152525086580757,"B2_HEXZONAL_B2_norm":0.045699248914396695,"C1_HEXZONAL_C1_norm":0.45172524064752662,"C2_hex_zonal_C2_norm":0.81770372531460622,"LAGUNA HEXMAP copy_D1_norm":0.37374652700830713,"D2_hex_zonal_D2_norm":0.49457829361394867,"B1HEX — B2HEX_B1_norm":0.0},"geometry":{"type":"Point","coordinates":[315225.93312464945484,1574919.516524152364582]}},
{"type":"Feature","properties":{"fid":536,"id":536,"left":314359.90772086504,"top":1574169.5165241526,"right":316091.95852843393,"bottom":1572669.5165241526,"row_index":22,"col_index":19,"A1_hex_zonal_A1_norm":0.66605810912528074,"A2V3_hex_zonal_A2_norm_fix":0.57716154426969002,"B2_HEXZONAL_B2_norm":0.071833770548639375,"C1_HEXZONAL_C1_norm":0.35113258696961408,"C2_hex_zonal_C2_norm":0.84678628669487921,"LAGUNA HEXMAP copy_D1_norm":0.56129138996121819,"D2_hex_zonal_D2_norm":0.57032964372989614,"B1HEX — B2HEX_B1_norm":0.0},"geometry":{"type":"Point","coordinates":[315225.93312464945484,1573419.516524152364582]}},
{"type":"Feature","properties":{"fid":537,"id":537,"left":314359.90772086504,"top":1572669.5165241526,"right":316091.95852843393,"bottom":1571169.5165241526,"row_index":23,"col_index":19,"A1_hex_zonal_A1_norm":0.7774752524746481,"A2V3_hex_zonal_A2_norm_fix":0.74234870689474086,"B2_HEXZONAL_B2_norm":0.093987621817496869,"C1_HEXZONAL_C1_norm":0.20879528008894402,"C2_hex_zonal_C2_norm":0.87619390917142448,"LAGUNA HEXMAP copy_D1_norm":0.74447387762789075,"D2_hex_zonal_D2_norm":0.73685423413620299,"B1HEX — B2HEX_B1_norm":0.0},"geometry":{"type":"Point","coordinates":[315225.93312464945484,1571919.516524152364582]}},
{"type":"Feature","properties":{"fid":538,"id":538,"left":314359.90772086504,"top":1571169.5165241526,"right":316091.95852843393,"bottom":1569669.5165241526,"row_index":24,"col_index":19,"A1_hex_zonal_A1_norm":0.89454795802997422,"A2V3_hex_zonal_A2_norm_fix":0.91867929386859248,"B2_HEXZONAL_B2_norm":0.11210702758077973,"C1_HEXZONAL_C1_norm":0.057213673008587936,"C2_hex_zonal_C2_norm":0.90304654399381201,"LAGUNA HEXMAP copy_D1_norm":0.89402066515877554,"D2_hex_zonal_D2_norm":0.9166191271188785,"B1HEX — B2HEX_B1_norm":0.027450980392156862},"geometry":{"type":"Point","coordinates":[315183.019942749175243,1570536.385213128523901]}},
{"type":"Feature","properties":{"fid":544,"id":544,"left":315658.94582654169,"top":1603419.5165241526,"right":317390.99663411058,"bottom":1601919.5165241526,"row_index":3,"col_index":20,"A1_hex_zonal_A1_norm":0.93812175421752453,"A2V3_hex_zonal_A2_norm_fix":0.96985037880270841,"B2_HEXZONAL_B2_norm":0.49302388839937583,"C1_HEXZONAL_C1_norm":0.0,"C2_hex_zonal_C2_norm":0.46023738026387695,"LAGUNA HEXMAP copy_D1_norm":0.94090980590543238,"D2_hex_zonal_D2_norm":0.9703066608683657,"B1HEX — B2HEX_B1_norm":0.0},"geometry":{"type":"Point","coordinates":[316814.779182202822994,1601951.613647129852325]}},
{"type":"Feature","properties":{"fid":545,"id":545,"left":315658.94582654169,"top":1601919.5165241526,"right":317390.99663411058,"bottom":1600419.5165241526,"row_index":4,"col_index":20,"A1_hex_zonal_A1_norm":0.92068619352708359,"A2V3_hex_zonal_A2_norm_fix":0.90515090165676126,"B2_HEXZONAL_B2_norm":0.50065403759537008,"C1_HEXZONAL_C1_norm":0.060694527421904926,"C2_hex_zonal_C2_norm":0.45874757365663671,"LAGUNA HEXMAP copy_D1_norm":0.9138528327943688,"D2_hex_zonal_D2_norm":0.90432633449582234,"B1HEX — B2HEX_B1_norm":0.074509803921568626},"geometry":{"type":"Point","coordinates":[316527.293698975350708,1601157.818173256935552]}},
{"type":"Feature","properties":{"fid":546,"id":546,"left":315658.94582654169,"top":1600419.5165241526,"right":317390.99663411058,"bottom":1598919.5165241526,"row_index":5,"col_index":20,"A1_hex_zonal_A1_norm":0.7838472159269525,"A2V3_hex_zonal_A2_norm_fix":0.77985472049484217,"B2_HEXZONAL_B2_norm":0.50588121465511615,"C1_HEXZONAL_C1_norm":0.12804837465714666,"C2_hex_zonal_C2_norm":0.46862773883033221,"LAGUNA HEXMAP copy_D1_norm":0.79450306291121942,"D2_hex_zonal_D2_norm":0.80033270690862413,"B1HEX — B2HEX_B1_norm":0.0078431372549019607},"geometry":{"type":"Point","coordinates":[316524.971230326103978,1599669.516524152364582]}},
{"type":"Feature","properties":{"fid":547,"id":547,"left":315658.94582654169,"top":1598919.5165241526,"right":317390.99663411058,"bottom":1597419.5165241526,"row_index":6,"col_index":20,"A1_hex_zonal_A1_norm":0.63500879345233552,"A2V3_hex_zonal_A2_norm_fix":0.62658247382641874,"B2_HEXZONAL_B2_norm":0.50006707236996939,"C1_HEXZONAL_C1_norm":0.30042115417065007,"C2_hex_zonal_C2_norm":0.48069593596998011,"LAGUNA HEXMAP copy_D1_norm":0.6157439384165051,"D2_hex_zonal_D2_norm":0.64954950129908307,"B1HEX — B2HEX_B1_norm":0.031372549019607843},"geometry":{"type":"Point","coordinates":[316524.971230326103978,1598169.516524152597412]}},
{"type":"Feature","properties":{"fid":548,"id":548,"left":315658.94582654169,"top":1597419.5165241526,"right":317390.99663411058,"bottom":1595919.5165241526,"row_index":7,"col_index":20,"A1_hex_zonal_A1_norm":0.58486546936073758,"A2V3_hex_zonal_A2_norm_fix":0.54896642529510908,"B2_HEXZONAL_B2_norm":0.46328580984793688,"C1_HEXZONAL_C1_norm":0.427912059837734,"C2_hex_zonal_C2_norm":0.49470856661466084,"LAGUNA HEXMAP copy_D1_norm":0.57606139909442522,"D2_hex_zonal_D2_norm":0.56115832573704927,"B1HEX — B2HEX_B1_norm":0.19215686274509805},"geometry":{"type":"Point","coordinates":[316524.971230326103978,1596669.516524152364582]}},
{"type":"Feature","properties":{"fid":549,"id":549,"left":315658.94582654169,"top":1595919.5165241526,"right":317390.99663411058,"bottom":1594419.5165241526,"row_index":8,"col_index":20,"A1_hex_zonal_A1_norm":0.51034971600579926,"A2V3_hex_zonal_A2_norm_fix":0.51159433881800775,"B2_HEXZONAL_B2_norm":0.38835994417596764,"C1_HEXZONAL_C1_norm":0.49244294446146497,"C2_hex_zonal_C2_norm":0.51051021676606489,"LAGUNA HEXMAP copy_D1_norm":0.52980434077443472,"D2_hex_zonal_D2_norm":0.49325556718763597,"B1HEX — B2HEX_B1_norm":0.14117647058823529},"geometry":{"type":"Point","coordinates":[316524.971230326103978,1595169.516524152131751]}},
{"type":"Feature","properties":{"fid":550,"id":550,"left":315658.94582654169,"top":1594419.5165241526,"right":317390.99663411058,"bottom":1592919.5165241526,"row_index":9,"col_index":20,"A1_hex_zonal_A1_norm":0.51185162574338983,"A2V3_hex_zonal_A2_norm_fix":0.49836900959477726,"B2_HEXZONAL_B2_norm":0.28137852748728931,"C1_HEXZONAL_C1_norm":0.49214745964852596,"C2_hex_zonal_C2_norm":0.52794481322937192,"LAGUNA HEXMAP copy_D1_norm":0.50409347243303371,"D2_hex_zonal_D2_norm":0.47165021541927166,"B1HEX — B2HEX_B1_norm":0.14901960784313725},"geometry":{"type":"Point","coordinates":[316524.971230326103978,1593669.516524152364582]}},
{"type":"Feature","properties":{"fid":551,"id":551,"left":315658.94582654169,"top":1592919.5165241526,"right":317390.99663411058,"bottom":1591419.5165241526,"row_index":10,"col_index":20,"A1_hex_zonal_A1_norm":0.54865340085609926,"A2V3_hex_zonal_A2_norm_fix":0.53469184507655743,"B2_HEXZONAL_B2_norm":0.18205492656026234,"C1_HEXZONAL_C1_norm":0.44875826110717543,"C2_hex_zonal_C2_norm":0.54686046294982105,"LAGUNA HEXMAP copy_D1_norm":0.55049886631922562,"D2_hex_zonal_D2_norm":0.50810019230679238,"B1HEX — B2HEX_B1_norm":0.062745098039215685},"geometry":{"type":"Point","coordinates":[316524.971230326103978,1592169.516524152597412]}},
{"type":"Feature","properties":{"fid":552,"id":552,"left":315658.94582654169,"top":1591419.5165241526,"right":317390.99663411058,"bottom":1589919.5165241526,"row_index":11,"col_index":20,"A1_hex_zonal_A1_norm":0.60439338451977209,"A2V3_hex_zonal_A2_norm_fix":0.58163865202362541,"B2_HEXZONAL_B2_norm":0.14335038403187228,"C1_HEXZONAL_C1_norm":0.43197246521578486,"C2_hex_zonal_C2_norm":0.56711289278790122,"LAGUNA HEXMAP copy_D1_norm":0.53565602330114204,"D2_hex_zonal_D2_norm":0.57296246147051311,"B1HEX — B2HEX_B1_norm":0.0039215686274509803},"geometry":{"type":"Point","coordinates":[316524.971230326103978,1590669.516524152364582]}},
{"type":"Feature","properties":{"fid":553,"id":553,"left":315658.94582654169,"top":1589919.5165241526,"right":317390.99663411058,"bottom":1588419.5165241526,"row_index":12,"col_index":20,"A1_hex_zonal_A1_norm":0.64594203626484514,"A2V3_hex_zonal_A2_norm_fix":0.65852032421171192,"B2_HEXZONAL_B2_norm":0.1441281913275736,"C1_HEXZONAL_C1_norm":0.34806398345371459,"C2_hex_zonal_C2_norm":0.58856763411353108,"LAGUNA HEXMAP copy_D1_norm":0.53306931198994423,"D2_hex_zonal_D2_norm":0.65028317818508241,"B1HEX — B2HEX_B1_norm":0.18823529411764706},"geometry":{"type":"Point","coordinates":[316524.971230326103978,1589169.516524152131751]}},
{"type":"Feature","properties":{"fid":554,"id":554,"left":315658.94582654169,"top":1588419.5165241526,"right":317390.99663411058,"bottom":1586919.5165241526,"row_index":13,"col_index":20,"A1_hex_zonal_A1_norm":0.72082247874499927,"A2V3_hex_zonal_A2_norm_fix":0.70462914781464669,"B2_HEXZONAL_B2_norm":0.11037562854054905,"C1_HEXZONAL_C1_norm":0.30612460048459594,"C2_hex_zonal_C2_norm":0.61110117276207121,"LAGUNA HEXMAP copy_D1_norm":0.66322310874440138,"D2_hex_zonal_D2_norm":0.6966904041583809,"B1HEX — B2HEX_B1_norm":0.16470588235294117},"geometry":{"type":"Point","coordinates":[316524.971230326103978,1587669.516524152364582]}},
{"type":"Feature","properties":{"fid":555,"id":555,"left":315658.94582654169,"top":1586919.5165241526,"right":317390.99663411058,"bottom":1585419.5165241526,"row_index":14,"col_index":20,"A1_hex_zonal_A1_norm":0.79100543837197657,"A2V3_hex_zonal_A2_norm_fix":0.79496641115303368,"B2_HEXZONAL_B2_norm":0.085240220846248049,"C1_HEXZONAL_C1_norm":0.21382064815358706,"C2_hex_zonal_C2_norm":0.63460131438313727,"LAGUNA HEXMAP copy_D1_norm":0.76454662682383756,"D2_hex_zonal_D2_norm":0.78597480678902776,"B1HEX — B2HEX_B1_norm":0.27843137254901962},"geometry":{"type":"Point","coordinates":[316524.971230326103978,1586169.516524152597412]}},
{"type":"Feature","properties":{"fid":556,"id":556,"left":315658.94582654169,"top":1585419.5165241526,"right":317390.99663411058,"bottom":1583919.5165241526,"row_index":15,"col_index":20,"A1_hex_zonal_A1_norm":0.89308701643777255,"A2V3_hex_zonal_A2_norm_fix":0.90348533766828487,"B2_HEXZONAL_B2_norm":0.10106740394676383,"C1_HEXZONAL_C1_norm":0.10140863403700791,"C2_hex_zonal_C2_norm":0.65872406703743835,"LAGUNA HEXMAP copy_D1_norm":0.90695220269954135,"D2_hex_zonal_D2_norm":0.89671675338187662,"B1HEX — B2HEX_B1_norm":0.078431372549019607},"geometry":{"type":"Point","coordinates":[316510.523223229276482,1584671.100998928770423]}},
{"type":"Feature","properties":{"fid":557,"id":557,"left":315658.94582654169,"top":1583919.5165241526,"right":317390.99663411058,"bottom":1582419.5165241526,"row_index":16,"col_index":20,"A1_hex_zonal_A1_norm":0.84541188997115813,"A2V3_hex_zonal_A2_norm_fix":0.9161479469260021,"B2_HEXZONAL_B2_norm":0.1031654859085237,"C1_HEXZONAL_C1_norm":0.084081847255600473,"C2_hex_zonal_C2_norm":0.68332904960148921,"LAGUNA HEXMAP copy_D1_norm":0.81048170015900523,"D2_hex_zonal_D2_norm":0.9092825923601956,"B1HEX — B2HEX_B1_norm":0.023529411764705882},"geometry":{"type":"Point","coordinates":[316478.285960555833299,1583174.887093347962946]}},
{"type":"Feature","properties":{"fid":558,"id":558,"left":315658.94582654169,"top":1582419.5165241526,"right":317390.99663411058,"bottom":1580919.5165241526,"row_index":17,"col_index":20,"A1_hex_zonal_A1_norm":0.83868955544074641,"A2V3_hex_zonal_A2_norm_fix":0.91762701147405934,"B2_HEXZONAL_B2_norm":0.085925782925826866,"C1_HEXZONAL_C1_norm":0.075137707404830681,"C2_hex_zonal_C2_norm":0.70869047747930569,"LAGUNA HEXMAP copy_D1_norm":0.63346730815206553,"D2_hex_zonal_D2_norm":0.91833617713628379,"B1HEX — B2HEX_B1_norm":0.043137254901960784},"geometry":{"type":"Point","coordinates":[316441.056840101780836,1581674.284213420236483]}},
{"type":"Feature","properties":{"fid":559,"id":559,"left":315658.94582654169,"top":1580919.5165241526,"right":317390.99663411058,"bottom":1579419.5165241526,"row_index":18,"col_index":20,"A1_hex_zonal_A1_norm":0.87166487633277456,"A2V3_hex_zonal_A2_norm_fix":0.88073832370782146,"B2_HEXZONAL_B2_norm":0.079427986235837023,"C1_HEXZONAL_C1_norm":0.11030458134025764,"C2_hex_zonal_C2_norm":0.73640134593709694,"LAGUNA HEXMAP copy_D1_norm":0.45203435398179337,"D2_hex_zonal_D2_norm":0.87021840293812447,"B1HEX — B2HEX_B1_norm":0.031372549019607843},"geometry":{"type":"Point","coordinates":[316524.971230326103978,1580169.516524152597412]}},
{"type":"Feature","properties":{"fid":560,"id":560,"left":315658.94582654169,"top":1579419.5165241526,"right":317390.99663411058,"bottom":1577919.5165241526,"row_index":19,"col_index":20,"A1_hex_zonal_A1_norm":0.73646239316039441,"A2V3_hex_zonal_A2_norm_fix":0.74092276843075622,"B2_HEXZONAL_B2_norm":0.077304490444120577,"C1_HEXZONAL_C1_norm":0.17290160933476351,"C2_hex_zonal_C2_norm":0.76341899396616397,"LAGUNA HEXMAP copy_D1_norm":0.26338725829203502,"D2_hex_zonal_D2_norm":0.72975768372330085,"B1HEX — B2HEX_B1_norm":0.0},"geometry":{"type":"Point","coordinates":[316524.971230326103978,1578669.516524152364582]}},
{"type":"Feature","properties":{"fid":561,"id":561,"left":315658.94582654169,"top":1577919.5165241526,"right":317390.99663411058,"bottom":1576419.5165241526,"row_index":20,"col_index":20,"A1_hex_zonal_A1_norm":0.5800674168858031,"A2V3_hex_zonal_A2_norm_fix":0.56775741741972552,"B2_HEXZONAL_B2_norm":0.0681397508277789,"C1_HEXZONAL_C1_norm":0.33816386103016549,"C2_hex_zonal_C2_norm":0.79093983292132597,"LAGUNA HEXMAP copy_D1_norm":0.098426226895202973,"D2_hex_zonal_D2_norm":0.55608464481016839,"B1HEX — B2HEX_B1_norm":0.0},"geometry":{"type":"Point","coordinates":[316524.971230326103978,1577169.516524152131751]}},
{"type":"Feature","properties":{"fid":562,"id":562,"left":315658.94582654169,"top":1576419.5165241526,"right":317390.99663411058,"bottom":1574919.5165241526,"row_index":21,"col_index":20,"A1_hex_zonal_A1_norm":0.62582960420499223,"A2V3_hex_zonal_A2_norm_fix":0.60911891587580702,"B2_HEXZONAL_B2_norm":0.070404897609210093,"C1_HEXZONAL_C1_norm":0.39363436619406289,"C2_hex_zonal_C2_norm":0.81891406414000478,"LAGUNA HEXMAP copy_D1_norm":0.2405879007325411,"D2_hex_zonal_D2_norm":0.60700603225288785,"B1HEX — B2HEX_B1_norm":0.0},"geometry":{"type":"Point","coordinates":[316524.971230326103978,1575669.516524152364582]}},
{"type":"Feature","properties":{"fid":563,"id":563,"left":315658.94582654169,"top":1574919.5165241526,"right":317390.99663411058,"bottom":1573419.5165241526,"row_index":22,"col_index":20,"A1_hex_zonal_A1_norm":0.73131201075416785,"A2V3_hex_zonal_A2_norm_fix":0.69306116693373032,"B2_HEXZONAL_B2_norm":0.08367517431795457,"C1_HEXZONAL_C1_norm":0.25130119048695621,"C2_hex_zonal_C2_norm":0.84729758590424686,"LAGUNA HEXMAP copy_D1_norm":0.4163382222029296,"D2_hex_zonal_D2_norm":0.68947284688998245,"B1HEX — B2HEX_B1_norm":0.0},"geometry":{"type":"Point","coordinates":[316524.971230326103978,1574169.516524152597412]}},
{"type":"Feature","properties":{"fid":564,"id":564,"left":315658.94582654169,"top":1573419.5165241526,"right":317390.99663411058,"bottom":1571919.5165241526,"row_index":23,"col_index":20,"A1_hex_zonal_A1_norm":0.8444949610106155,"A2V3_hex_zonal_A2_norm_fix":0.74542882540943678,"B2_HEXZONAL_B2_norm":0.10093727815076714,"C1_HEXZONAL_C1_norm":0.15303678219603264,"C2_hex_zonal_C2_norm":0.87605130234433837,"LAGUNA HEXMAP copy_D1_norm":0.57910924012375964,"D2_hex_zonal_D2_norm":0.74326842775543378,"B1HEX — B2HEX_B1_norm":0.031372549019607843},"geometry":{"type":"Point","coordinates":[316524.971230326103978,1572669.516524152364582]}},
{"type":"Feature","properties":{"fid":565,"id":565,"left":315658.94582654169,"top":1571919.5165241526,"right":317390.99663411058,"bottom":1570419.5165241526,"row_index":24,"col_index":20,"A1_hex_zonal_A1_norm":0.91065425229545405,"A2V3_hex_zonal_A2_norm_fix":0.85903652293321686,"B2_HEXZONAL_B2_norm":0.11457668855630931,"C1_HEXZONAL_C1_norm":0.06278899342486792,"C2_hex_zonal_C2_norm":0.90290564494371683,"LAGUNA HEXMAP copy_D1_norm":0.7085079012347888,"D2_hex_zonal_D2_norm":0.84870966370599299,"B1HEX — B2HEX_B1_norm":0.054901960784313725},"geometry":{"type":"Point","coordinates":[316478.68715030135354,1571254.74225273123011]}},
{"type":"Feature","properties":{"fid":571,"id":571,"left":316957.98393221834,"top":1602669.5165241526,"right":318690.03473978722,"bottom":1601169.5165241526,"row_index":3,"col_index":21,"A1_hex_zonal_A1_norm":0.92250451104860365,"A2V3_hex_zonal_A2_norm_fix":0.99341874984583234,"B2_HEXZONAL_B2_norm":0.48950683886465141,"C1_HEXZONAL_C1_norm":0.0,"C2_hex_zonal_C2_norm":0.46786267006982518,"LAGUNA HEXMAP copy_D1_norm":0.99382647156867654,"D2_hex_zonal_D2_norm":0.99282685477939836,"B1HEX — B2HEX_B1_norm":0.0},"geometry":{"type":"Point","coordinates":[317106.327373816573527,1601735.514431349001825]}},
{"type":"Feature","properties":{"fid":572,"id":572,"left":316957.98393221834,"top":1601169.5165241526,"right":318690.03473978722,"bottom":1599669.5165241526,"row_index":4,"col_index":21,"A1_hex_zonal_A1_norm":0.87673101484531446,"A2V3_hex_zonal_A2_norm_fix":0.92015202292006604,"B2_HEXZONAL_B2_norm":0.47826817960108847,"C1_HEXZONAL_C1_norm":0.030980662176424555,"C2_hex_zonal_C2_norm":0.49079144104474426,"LAGUNA HEXMAP copy_D1_norm":0.89514540972346968,"D2_hex_zonal_D2_norm":0.93491085989104117,"B1HEX — B2HEX_B1_norm":0.0},"geometry":{"type":"Point","coordinates":[317713.551455385109875,1600126.033917056629434]}},
{"type":"Feature","properties":{"fid":573,"id":573,"left":316957.98393221834,"top":1599669.5165241526,"right":318690.03473978722,"bottom":1598169.5165241526,"row_index":5,"col_index":21,"A1_hex_zonal_A1_norm":0.79800242294640356,"A2V3_hex_zonal_A2_norm_fix":0.81356328015872725,"B2_HEXZONAL_B2_norm":0.46396450811927559,"C1_HEXZONAL_C1_norm":0.1610373709991369,"C2_hex_zonal_C2_norm":0.50175863629104411,"LAGUNA HEXMAP copy_D1_norm":0.79946985492051836,"D2_hex_zonal_D2_norm":0.81370787750184737,"B1HEX — B2HEX_B1_norm":0.031372549019607843},"geometry":{"type":"Point","coordinates":[317824.009336002753116,1598919.516524152131751]}},
{"type":"Feature","properties":{"fid":574,"id":574,"left":316957.98393221834,"top":1598169.5165241526,"right":318690.03473978722,"bottom":1596669.5165241526,"row_index":6,"col_index":21,"A1_hex_zonal_A1_norm":0.754098292795645,"A2V3_hex_zonal_A2_norm_fix":0.73677531177211697,"B2_HEXZONAL_B2_norm":0.43858183139194828,"C1_HEXZONAL_C1_norm":0.23612470555311968,"C2_hex_zonal_C2_norm":0.51414359895669814,"LAGUNA HEXMAP copy_D1_norm":0.75386743143187152,"D2_hex_zonal_D2_norm":0.75465561274205917,"B1HEX — B2HEX_B1_norm":0.0},"geometry":{"type":"Point","coordinates":[317824.009336002753116,1597419.516524152597412]}},
{"type":"Feature","properties":{"fid":575,"id":575,"left":316957.98393221834,"top":1596669.5165241526,"right":318690.03473978722,"bottom":1595169.5165241526,"row_index":7,"col_index":21,"A1_hex_zonal_A1_norm":0.69218120601437738,"A2V3_hex_zonal_A2_norm_fix":0.69948973505640633,"B2_HEXZONAL_B2_norm":0.38938923703898221,"C1_HEXZONAL_C1_norm":0.2900590632997771,"C2_hex_zonal_C2_norm":0.52833801353164211,"LAGUNA HEXMAP copy_D1_norm":0.71262133063274047,"D2_hex_zonal_D2_norm":0.68846565681563021,"B1HEX — B2HEX_B1_norm":0.0},"geometry":{"type":"Point","coordinates":[317824.009336002753116,1595919.516524152364582]}},
{"type":"Feature","properties":{"fid":576,"id":576,"left":316957.98393221834,"top":1595169.5165241526,"right":318690.03473978722,"bottom":1593669.5165241526,"row_index":8,"col_index":21,"A1_hex_zonal_A1_norm":0.63276186904298171,"A2V3_hex_zonal_A2_norm_fix":0.63469536128516113,"B2_HEXZONAL_B2_norm":0.31913942601708967,"C1_HEXZONAL_C1_norm":0.37084573733798015,"C2_hex_zonal_C2_norm":0.54420419798766051,"LAGUNA HEXMAP copy_D1_norm":0.63153498150818199,"D2_hex_zonal_D2_norm":0.61881989196037845,"B1HEX — B2HEX_B1_norm":0.0},"geometry":{"type":"Point","coordinates":[317824.009336002753116,1594419.516524152364582]}},
{"type":"Feature","properties":{"fid":577,"id":577,"left":316957.98393221834,"top":1593669.5165241526,"right":318690.03473978722,"bottom":1592169.5165241526,"row_index":9,"col_index":21,"A1_hex_zonal_A1_norm":0.68923535365254662,"A2V3_hex_zonal_A2_norm_fix":0.68877197249760025,"B2_HEXZONAL_B2_norm":0.24602206055696796,"C1_HEXZONAL_C1_norm":0.29147435514971121,"C2_hex_zonal_C2_norm":0.56160425026066574,"LAGUNA HEXMAP copy_D1_norm":0.69213433640325295,"D2_hex_zonal_D2_norm":0.66465296402618734,"B1HEX — B2HEX_B1_norm":0.0},"geometry":{"type":"Point","coordinates":[317824.009336002753116,1592919.516524152131751]}},
{"type":"Feature","properties":{"fid":578,"id":578,"left":316957.98393221834,"top":1592169.5165241526,"right":318690.03473978722,"bottom":1590669.5165241526,"row_index":10,"col_index":21,"A1_hex_zonal_A1_norm":0.72073839294068054,"A2V3_hex_zonal_A2_norm_fix":0.70580940688413385,"B2_HEXZONAL_B2_norm":0.19528989081778159,"C1_HEXZONAL_C1_norm":0.27900104380057572,"C2_hex_zonal_C2_norm":0.58040379029880185,"LAGUNA HEXMAP copy_D1_norm":0.71716021404895713,"D2_hex_zonal_D2_norm":0.69410412068013083,"B1HEX — B2HEX_B1_norm":0.098039215686274508},"geometry":{"type":"Point","coordinates":[317824.009336002753116,1591419.516524152364582]}},
{"type":"Feature","properties":{"fid":579,"id":579,"left":316957.98393221834,"top":1590669.5165241526,"right":318690.03473978722,"bottom":1589169.5165241526,"row_index":11,"col_index":21,"A1_hex_zonal_A1_norm":0.76781902712103778,"A2V3_hex_zonal_A2_norm_fix":0.77449544347847599,"B2_HEXZONAL_B2_norm":0.17137726987932944,"C1_HEXZONAL_C1_norm":0.22894386148822463,"C2_hex_zonal_C2_norm":0.60047466620791501,"LAGUNA HEXMAP copy_D1_norm":0.63989030378972456,"D2_hex_zonal_D2_norm":0.77005797811066734,"B1HEX — B2HEX_B1_norm":0.047058823529411764},"geometry":{"type":"Point","coordinates":[317824.009336002753116,1589919.516524152364582]}},
{"type":"Feature","properties":{"fid":580,"id":580,"left":316957.98393221834,"top":1589169.5165241526,"right":318690.03473978722,"bottom":1587669.5165241526,"row_index":12,"col_index":21,"A1_hex_zonal_A1_norm":0.81799722527653729,"A2V3_hex_zonal_A2_norm_fix":0.8491237558238951,"B2_HEXZONAL_B2_norm":0.14852520965717875,"C1_HEXZONAL_C1_norm":0.15103748573061715,"C2_hex_zonal_C2_norm":0.62169672768558459,"LAGUNA HEXMAP copy_D1_norm":0.70040774822032192,"D2_hex_zonal_D2_norm":0.84648876720857058,"B1HEX — B2HEX_B1_norm":0.023529411764705882},"geometry":{"type":"Point","coordinates":[317824.009336002753116,1588419.516524152364582]}},
{"type":"Feature","properties":{"fid":581,"id":581,"left":316957.98393221834,"top":1587669.5165241526,"right":318690.03473978722,"bottom":1586169.5165241526,"row_index":13,"col_index":21,"A1_hex_zonal_A1_norm":0.86805159560788314,"A2V3_hex_zonal_A2_norm_fix":0.87751825519662519,"B2_HEXZONAL_B2_norm":0.12276696663026088,"C1_HEXZONAL_C1_norm":0.12293414467675248,"C2_hex_zonal_C2_norm":0.64395882013274031,"LAGUNA HEXMAP copy_D1_norm":0.85338353321507865,"D2_hex_zonal_D2_norm":0.87328779626234265,"B1HEX — B2HEX_B1_norm":0.047058823529411764},"geometry":{"type":"Point","coordinates":[317824.009336002753116,1586919.516524152131751]}},
{"type":"Feature","properties":{"fid":582,"id":582,"left":316957.98393221834,"top":1586169.5165241526,"right":318690.03473978722,"bottom":1584669.5165241526,"row_index":14,"col_index":21,"A1_hex_zonal_A1_norm":0.88278076626134361,"A2V3_hex_zonal_A2_norm_fix":0.94792689907529581,"B2_HEXZONAL_B2_norm":0.11108806399865223,"C1_HEXZONAL_C1_norm":0.052356467407418929,"C2_hex_zonal_C2_norm":0.66169876242447423,"LAGUNA HEXMAP copy_D1_norm":0.88935054964476412,"D2_hex_zonal_D2_norm":0.94294549389884119,"B1HEX — B2HEX_B1_norm":0.031372549019607843},"geometry":{"type":"Point","coordinates":[317641.749374224164058,1585577.614984624786302]}},
{"type":"Feature","properties":{"fid":583,"id":583,"left":316957.98393221834,"top":1584669.5165241526,"right":318690.03473978722,"bottom":1583169.5165241526,"row_index":15,"col_index":21,"A1_hex_zonal_A1_norm":0.97220833826076591,"A2V3_hex_zonal_A2_norm_fix":0.98877051032642627,"B2_HEXZONAL_B2_norm":0.1104944565989775,"C1_HEXZONAL_C1_norm":0.011917365343263099,"C2_hex_zonal_C2_norm":0.68009682379960945,"LAGUNA HEXMAP copy_D1_norm":0.94323472789174934,"D2_hex_zonal_D2_norm":0.98252190746543966,"B1HEX — B2HEX_B1_norm":0.0},"geometry":{"type":"Point","coordinates":[317166.896069840644486,1583974.672215623082593]}},
{"type":"Feature","properties":{"fid":584,"id":584,"left":316957.98393221834,"top":1583169.5165241526,"right":318690.03473978722,"bottom":1581669.5165241526,"row_index":16,"col_index":21,"A1_hex_zonal_A1_norm":0.80686819748141803,"A2V3_hex_zonal_A2_norm_fix":0.9788152754970888,"B2_HEXZONAL_B2_norm":0.10505163971637133,"C1_HEXZONAL_C1_norm":0.0047487216835981269,"C2_hex_zonal_C2_norm":0.70432121178618712,"LAGUNA HEXMAP copy_D1_norm":0.74437696514331253,"D2_hex_zonal_D2_norm":0.99243356560797924,"B1HEX — B2HEX_B1_norm":0.0},"geometry":{"type":"Point","coordinates":[317051.8037431416451,1582426.057908091461286]}},
{"type":"Feature","properties":{"fid":585,"id":585,"left":316957.98393221834,"top":1581669.5165241526,"right":318690.03473978722,"bottom":1580169.5165241526,"row_index":17,"col_index":21,"A1_hex_zonal_A1_norm":0.96390343660274713,"A2V3_hex_zonal_A2_norm_fix":0.97278851107266329,"B2_HEXZONAL_B2_norm":0.10525456168054348,"C1_HEXZONAL_C1_norm":0.019094255115114825,"C2_hex_zonal_C2_norm":0.74768511123877246,"LAGUNA HEXMAP copy_D1_norm":0.51364710646570044,"D2_hex_zonal_D2_norm":0.97318062852510079,"B1HEX — B2HEX_B1_norm":0.0},"geometry":{"type":"Point","coordinates":[317729.645345036871731,1580480.178068186854944]}},
{"type":"Feature","properties":{"fid":586,"id":586,"left":316957.98393221834,"top":1580169.5165241526,"right":318690.03473978722,"bottom":1578669.5165241526,"row_index":18,"col_index":21,"A1_hex_zonal_A1_norm":0.87098121439317411,"A2V3_hex_zonal_A2_norm_fix":0.86437492953495454,"B2_HEXZONAL_B2_norm":0.11308278546866235,"C1_HEXZONAL_C1_norm":0.068006346198547132,"C2_hex_zonal_C2_norm":0.76831843955324952,"LAGUNA HEXMAP copy_D1_norm":0.35931969940513631,"D2_hex_zonal_D2_norm":0.85449411378576057,"B1HEX — B2HEX_B1_norm":0.0},"geometry":{"type":"Point","coordinates":[317846.869183238537516,1579399.937208581482992]}},
{"type":"Feature","properties":{"fid":587,"id":587,"left":316957.98393221834,"top":1578669.5165241526,"right":318690.03473978722,"bottom":1577169.5165241526,"row_index":19,"col_index":21,"A1_hex_zonal_A1_norm":0.69602289325964972,"A2V3_hex_zonal_A2_norm_fix":0.67823342689245547,"B2_HEXZONAL_B2_norm":0.10959836161623238,"C1_HEXZONAL_C1_norm":0.22243164336378232,"C2_hex_zonal_C2_norm":0.79430323318147134,"LAGUNA HEXMAP copy_D1_norm":0.26791134345834922,"D2_hex_zonal_D2_norm":0.66462028530564798,"B1HEX — B2HEX_B1_norm":0.0},"geometry":{"type":"Point","coordinates":[317824.009336002753116,1577919.516524152364582]}},
{"type":"Feature","properties":{"fid":588,"id":588,"left":316957.98393221834,"top":1577169.5165241526,"right":318690.03473978722,"bottom":1575669.5165241526,"row_index":20,"col_index":21,"A1_hex_zonal_A1_norm":0.63166615331085607,"A2V3_hex_zonal_A2_norm_fix":0.65265140238571828,"B2_HEXZONAL_B2_norm":0.10351359151685302,"C1_HEXZONAL_C1_norm":0.33368625422038301,"C2_hex_zonal_C2_norm":0.82148662220054769,"LAGUNA HEXMAP copy_D1_norm":0.24480016371316149,"D2_hex_zonal_D2_norm":0.65266993424623543,"B1HEX — B2HEX_B1_norm":0.0},"geometry":{"type":"Point","coordinates":[317824.009336002753116,1576419.516524152364582]}},
{"type":"Feature","properties":{"fid":589,"id":589,"left":316957.98393221834,"top":1575669.5165241526,"right":318690.03473978722,"bottom":1574169.5165241526,"row_index":21,"col_index":21,"A1_hex_zonal_A1_norm":0.79339973001162134,"A2V3_hex_zonal_A2_norm_fix":0.80006527184234932,"B2_HEXZONAL_B2_norm":0.10214343074708165,"C1_HEXZONAL_C1_norm":0.20330105271742549,"C2_hex_zonal_C2_norm":0.84912891691661119,"LAGUNA HEXMAP copy_D1_norm":0.2507523886115397,"D2_hex_zonal_D2_norm":0.80293634186167795,"B1HEX — B2HEX_B1_norm":0.039215686274509803},"geometry":{"type":"Point","coordinates":[317824.009336002753116,1574919.516524152364582]}},
{"type":"Feature","properties":{"fid":590,"id":590,"left":316957.98393221834,"top":1574169.5165241526,"right":318690.03473978722,"bottom":1572669.5165241526,"row_index":22,"col_index":21,"A1_hex_zonal_A1_norm":0.89185737767103479,"A2V3_hex_zonal_A2_norm_fix":0.86898459410668738,"B2_HEXZONAL_B2_norm":0.10704456645364369,"C1_HEXZONAL_C1_norm":0.07122171874413874,"C2_hex_zonal_C2_norm":0.87563352680260464,"LAGUNA HEXMAP copy_D1_norm":0.40157660594233913,"D2_hex_zonal_D2_norm":0.87127440480951335,"B1HEX — B2HEX_B1_norm":0.035294117647058823},"geometry":{"type":"Point","coordinates":[317784.593336262798402,1573474.409003339009359]}},
{"type":"Feature","properties":{"fid":591,"id":591,"left":316957.98393221834,"top":1572669.5165241526,"right":318690.03473978722,"bottom":1571169.5165241526,"row_index":23,"col_index":21,"A1_hex_zonal_A1_norm":0.95194975609180743,"A2V3_hex_zonal_A2_norm_fix":0.85958004200426774,"B2_HEXZONAL_B2_norm":0.1135700912914388,"C1_HEXZONAL_C1_norm":0.02326463223076947,"C2_hex_zonal_C2_norm":0.89676264091131641,"LAGUNA HEXMAP copy_D1_norm":0.55781328768184091,"D2_hex_zonal_D2_norm":0.87225795507480586,"B1HEX — B2HEX_B1_norm":0.011764705882352941},"geometry":{"type":"Point","coordinates":[317377.380582713230979,1572101.583598500583321]}},
{"type":"Feature","properties":{"fid":600,"id":600,"left":318257.02203789505,"top":1600419.5165241526,"right":319989.07284546393,"bottom":1598919.5165241526,"row_index":5,"col_index":22,"A1_hex_zonal_A1_norm":0.92855731963748445,"A2V3_hex_zonal_A2_norm_fix":0.95115699402605725,"B2_HEXZONAL_B2_norm":0.44028849452268692,"C1_HEXZONAL_C1_norm":0.042547724238990441,"C2_hex_zonal_C2_norm":0.5211729179528134,"LAGUNA HEXMAP copy_D1_norm":0.95777665899560738,"D2_hex_zonal_D2_norm":0.94679682942987087,"B1HEX — B2HEX_B1_norm":0.023529411764705882},"geometry":{"type":"Point","coordinates":[318918.229197235545143,1599448.327786726877093]}},
{"type":"Feature","properties":{"fid":601,"id":601,"left":318257.02203789505,"top":1598919.5165241526,"right":319989.07284546393,"bottom":1597419.5165241526,"row_index":6,"col_index":22,"A1_hex_zonal_A1_norm":0.87466337014220996,"A2V3_hex_zonal_A2_norm_fix":0.90683340684208646,"B2_HEXZONAL_B2_norm":0.42142307495097286,"C1_HEXZONAL_C1_norm":0.068657269403926593,"C2_hex_zonal_C2_norm":0.53279399923274795,"LAGUNA HEXMAP copy_D1_norm":0.87000926480680019,"D2_hex_zonal_D2_norm":0.91883248829624298,"B1HEX — B2HEX_B1_norm":0.0078431372549019607},"geometry":{"type":"Point","coordinates":[319021.893183269072324,1598172.004591890610754]}},
{"type":"Feature","properties":{"fid":602,"id":602,"left":318257.02203789505,"top":1597419.5165241526,"right":319989.07284546393,"bottom":1595919.5165241526,"row_index":7,"col_index":22,"A1_hex_zonal_A1_norm":0.86617998738680746,"A2V3_hex_zonal_A2_norm_fix":0.87147904365154472,"B2_HEXZONAL_B2_norm":0.3882625381402105,"C1_HEXZONAL_C1_norm":0.097311707093105979,"C2_hex_zonal_C2_norm":0.54743220918319002,"LAGUNA HEXMAP copy_D1_norm":0.89240602489257559,"D2_hex_zonal_D2_norm":0.87804101142153124,"B1HEX — B2HEX_B1_norm":0.043137254901960784},"geometry":{"type":"Point","coordinates":[319112.191065299499314,1596664.608960555866361]}},
{"type":"Feature","properties":{"fid":603,"id":603,"left":318257.02203789505,"top":1595919.5165241526,"right":319989.07284546393,"bottom":1594419.5165241526,"row_index":8,"col_index":22,"A1_hex_zonal_A1_norm":0.7966722538829516,"A2V3_hex_zonal_A2_norm_fix":0.80749212039736795,"B2_HEXZONAL_B2_norm":0.34270198454780509,"C1_HEXZONAL_C1_norm":0.19512236657509541,"C2_hex_zonal_C2_norm":0.56198126534243864,"LAGUNA HEXMAP copy_D1_norm":0.81894021182598886,"D2_hex_zonal_D2_norm":0.79971553882773538,"B1HEX — B2HEX_B1_norm":0.0078431372549019607},"geometry":{"type":"Point","coordinates":[319123.04744167951867,1595169.516524152131751]}},
{"type":"Feature","properties":{"fid":604,"id":604,"left":318257.02203789505,"top":1594419.5165241526,"right":319989.07284546393,"bottom":1592919.5165241526,"row_index":9,"col_index":22,"A1_hex_zonal_A1_norm":0.79986975948719463,"A2V3_hex_zonal_A2_norm_fix":0.79534403807849374,"B2_HEXZONAL_B2_norm":0.28999959617882687,"C1_HEXZONAL_C1_norm":0.20244365971140857,"C2_hex_zonal_C2_norm":0.57790557819931909,"LAGUNA HEXMAP copy_D1_norm":0.78554628870123966,"D2_hex_zonal_D2_norm":0.78818116089346246,"B1HEX — B2HEX_B1_norm":0.0},"geometry":{"type":"Point","coordinates":[319123.04744167951867,1593669.516524152364582]}},
{"type":"Feature","properties":{"fid":605,"id":605,"left":318257.02203789505,"top":1592919.5165241526,"right":319989.07284546393,"bottom":1591419.5165241526,"row_index":10,"col_index":22,"A1_hex_zonal_A1_norm":0.84888489701005387,"A2V3_hex_zonal_A2_norm_fix":0.87186144999781345,"B2_HEXZONAL_B2_norm":0.24176881376538917,"C1_HEXZONAL_C1_norm":0.10543294649761434,"C2_hex_zonal_C2_norm":0.59527593795958489,"LAGUNA HEXMAP copy_D1_norm":0.87802256663669098,"D2_hex_zonal_D2_norm":0.8427796437997167,"B1HEX — B2HEX_B1_norm":0.0},"geometry":{"type":"Point","coordinates":[319123.04744167951867,1592169.516524152597412]}},
{"type":"Feature","properties":{"fid":606,"id":606,"left":318257.02203789505,"top":1591419.5165241526,"right":319989.07284546393,"bottom":1589919.5165241526,"row_index":11,"col_index":22,"A1_hex_zonal_A1_norm":0.88913929830706484,"A2V3_hex_zonal_A2_norm_fix":0.88472239319421109,"B2_HEXZONAL_B2_norm":0.20588552567252127,"C1_HEXZONAL_C1_norm":0.10812951232469617,"C2_hex_zonal_C2_norm":0.61397261982290252,"LAGUNA HEXMAP copy_D1_norm":0.82576380123662996,"D2_hex_zonal_D2_norm":0.88805898614916656,"B1HEX — B2HEX_B1_norm":0.039215686274509803},"geometry":{"type":"Point","coordinates":[319123.04744167951867,1590669.516524152364582]}},
{"type":"Feature","properties":{"fid":607,"id":607,"left":318257.02203789505,"top":1589919.5165241526,"right":319989.07284546393,"bottom":1588419.5165241526,"row_index":12,"col_index":22,"A1_hex_zonal_A1_norm":0.86743443866287062,"A2V3_hex_zonal_A2_norm_fix":0.93905535051136435,"B2_HEXZONAL_B2_norm":0.17897773531637651,"C1_HEXZONAL_C1_norm":0.056167296796973971,"C2_hex_zonal_C2_norm":0.62935861348105382,"LAGUNA HEXMAP copy_D1_norm":0.65153659761585314,"D2_hex_zonal_D2_norm":0.93497890720424759,"B1HEX — B2HEX_B1_norm":0.039215686274509803},"geometry":{"type":"Point","coordinates":[318939.072050386690535,1589259.917853686725721]}},
{"type":"Feature","properties":{"fid":608,"id":608,"left":318257.02203789505,"top":1588419.5165241526,"right":319989.07284546393,"bottom":1586919.5165241526,"row_index":13,"col_index":22,"A1_hex_zonal_A1_norm":0.93947957412511862,"A2V3_hex_zonal_A2_norm_fix":0.97313942635550443,"B2_HEXZONAL_B2_norm":0.14696448609996049,"C1_HEXZONAL_C1_norm":0.025277690774796763,"C2_hex_zonal_C2_norm":0.6465290856002387,"LAGUNA HEXMAP copy_D1_norm":0.82044021958343993,"D2_hex_zonal_D2_norm":0.9711546698843736,"B1HEX — B2HEX_B1_norm":0.0039215686274509803},"geometry":{"type":"Point","coordinates":[318655.403929683205206,1587689.671902208589017]}},
{"type":"Feature","properties":{"fid":609,"id":609,"left":318257.02203789505,"top":1586919.5165241526,"right":319989.07284546393,"bottom":1585419.5165241526,"row_index":14,"col_index":22,"A1_hex_zonal_A1_norm":0.87922649285996557,"A2V3_hex_zonal_A2_norm_fix":0.97505309839174681,"B2_HEXZONAL_B2_norm":0.13068578177056767,"C1_HEXZONAL_C1_norm":0.020677192226271061,"C2_hex_zonal_C2_norm":0.66541834436146652,"LAGUNA HEXMAP copy_D1_norm":0.97530780851511001,"D2_hex_zonal_D2_norm":0.97462153505034532,"B1HEX — B2HEX_B1_norm":0.0},"geometry":{"type":"Point","coordinates":[318605.444999929866754,1586351.168506436282769]}},
{"type":"Feature","properties":{"fid":612,"id":612,"left":318257.02203789505,"top":1582419.5165241526,"right":319989.07284546393,"bottom":1580919.5165241526,"row_index":17,"col_index":22,"A1_hex_zonal_A1_norm":0.95706923946442857,"A2V3_hex_zonal_A2_norm_fix":0.97858636164395374,"B2_HEXZONAL_B2_norm":0.13086620031338947,"C1_HEXZONAL_C1_norm":0.021689629412603384,"C2_hex_zonal_C2_norm":0.76050161897954771,"LAGUNA HEXMAP copy_D1_norm":0.52606308344348118,"D2_hex_zonal_D2_norm":0.96878420455188696,"B1HEX — B2HEX_B1_norm":0.0},"geometry":{"type":"Point","coordinates":[319581.722037773171905,1581341.899065484758466]}},
{"type":"Feature","properties":{"fid":613,"id":613,"left":318257.02203789505,"top":1580919.5165241526,"right":319989.07284546393,"bottom":1579419.5165241526,"row_index":18,"col_index":22,"A1_hex_zonal_A1_norm":0.89424114623174167,"A2V3_hex_zonal_A2_norm_fix":0.88264221687192801,"B2_HEXZONAL_B2_norm":0.13480583520334166,"C1_HEXZONAL_C1_norm":0.10779055435056809,"C2_hex_zonal_C2_norm":0.77338204293627377,"LAGUNA HEXMAP copy_D1_norm":0.40783792759230264,"D2_hex_zonal_D2_norm":0.87775220197480697,"B1HEX — B2HEX_B1_norm":0.0},"geometry":{"type":"Point","coordinates":[319125.267825014248956,1580165.345565046882257]}},
{"type":"Feature","properties":{"fid":614,"id":614,"left":318257.02203789505,"top":1579419.5165241526,"right":319989.07284546393,"bottom":1577919.5165241526,"row_index":19,"col_index":22,"A1_hex_zonal_A1_norm":0.73893328576502448,"A2V3_hex_zonal_A2_norm_fix":0.70954742422938855,"B2_HEXZONAL_B2_norm":0.14131557464675648,"C1_HEXZONAL_C1_norm":0.24493267101717534,"C2_hex_zonal_C2_norm":0.79906336319781379,"LAGUNA HEXMAP copy_D1_norm":0.42414775094926238,"D2_hex_zonal_D2_norm":0.7016459354330753,"B1HEX — B2HEX_B1_norm":0.0},"geometry":{"type":"Point","coordinates":[319123.04744167951867,1578669.516524152364582]}},
{"type":"Feature","properties":{"fid":615,"id":615,"left":318257.02203789505,"top":1577919.5165241526,"right":319989.07284546393,"bottom":1576419.5165241526,"row_index":20,"col_index":22,"A1_hex_zonal_A1_norm":0.68395518946758593,"A2V3_hex_zonal_A2_norm_fix":0.66514986409512444,"B2_HEXZONAL_B2_norm":0.13431656166456485,"C1_HEXZONAL_C1_norm":0.31410314484904989,"C2_hex_zonal_C2_norm":0.82541856181417661,"LAGUNA HEXMAP copy_D1_norm":0.42575299188026816,"D2_hex_zonal_D2_norm":0.65538881939064875,"B1HEX — B2HEX_B1_norm":0.0},"geometry":{"type":"Point","coordinates":[319123.04744167951867,1577169.516524152131751]}},
{"type":"Feature","properties":{"fid":616,"id":616,"left":318257.02203789505,"top":1576419.5165241526,"right":319989.07284546393,"bottom":1574919.5165241526,"row_index":21,"col_index":22,"A1_hex_zonal_A1_norm":0.77362878287465986,"A2V3_hex_zonal_A2_norm_fix":0.81912428587523811,"B2_HEXZONAL_B2_norm":0.1246118436612117,"C1_HEXZONAL_C1_norm":0.17898815186821435,"C2_hex_zonal_C2_norm":0.85228213040685674,"LAGUNA HEXMAP copy_D1_norm":0.36728884906789072,"D2_hex_zonal_D2_norm":0.81959317711311885,"B1HEX — B2HEX_B1_norm":0.043137254901960784},"geometry":{"type":"Point","coordinates":[319123.04744167951867,1575669.516524152364582]}},
{"type":"Feature","properties":{"fid":617,"id":617,"left":318257.02203789505,"top":1574919.5165241526,"right":319989.07284546393,"bottom":1573419.5165241526,"row_index":22,"col_index":22,"A1_hex_zonal_A1_norm":0.87808613391546009,"A2V3_hex_zonal_A2_norm_fix":0.94748693350087265,"B2_HEXZONAL_B2_norm":0.11966420326581173,"C1_HEXZONAL_C1_norm":0.05236425833959913,"C2_hex_zonal_C2_norm":0.8726155489093268,"LAGUNA HEXMAP copy_D1_norm":0.25705253040687392,"D2_hex_zonal_D2_norm":0.94928824022761726,"B1HEX — B2HEX_B1_norm":0.027450980392156862},"geometry":{"type":"Point","coordinates":[318927.05439423158532,1574408.144745539641008]}},
{"type":"Feature","properties":{"fid":627,"id":627,"left":319556.0601435717,"top":1599669.5165241526,"right":321288.11095114058,"bottom":1598169.5165241526,"row_index":5,"col_index":23,"A1_hex_zonal_A1_norm":0.87522443355009472,"A2V3_hex_zonal_A2_norm_fix":0.9716035029625808,"B2_HEXZONAL_B2_norm":0.41806887640779178,"C1_HEXZONAL_C1_norm":0.0031532087290597451,"C2_hex_zonal_C2_norm":0.54106891469350116,"LAGUNA HEXMAP copy_D1_norm":0.91680884290765041,"D2_hex_zonal_D2_norm":0.96681778168211552,"B1HEX — B2HEX_B1_norm":0.0},"geometry":{"type":"Point","coordinates":[319666.34289115993306,1598870.455765211954713]}},
{"type":"Feature","properties":{"fid":628,"id":628,"left":319556.0601435717,"top":1598169.5165241526,"right":321288.11095114058,"bottom":1596669.5165241526,"row_index":6,"col_index":23,"A1_hex_zonal_A1_norm":0.96845499027011295,"A2V3_hex_zonal_A2_norm_fix":0.95035798627246215,"B2_HEXZONAL_B2_norm":0.38656718812073454,"C1_HEXZONAL_C1_norm":0.010720409919429469,"C2_hex_zonal_C2_norm":0.5565798602815708,"LAGUNA HEXMAP copy_D1_norm":0.98089185795124589,"D2_hex_zonal_D2_norm":0.97894943202037488,"B1HEX — B2HEX_B1_norm":0.0},"geometry":{"type":"Point","coordinates":[319806.389655498438515,1597252.010398734826595]}},
{"type":"Feature","properties":{"fid":629,"id":629,"left":319556.0601435717,"top":1596669.5165241526,"right":321288.11095114058,"bottom":1595169.5165241526,"row_index":7,"col_index":23,"A1_hex_zonal_A1_norm":0.93196419322390422,"A2V3_hex_zonal_A2_norm_fix":0.94800108534573579,"B2_HEXZONAL_B2_norm":0.33954250511284279,"C1_HEXZONAL_C1_norm":0.042553429048492922,"C2_hex_zonal_C2_norm":0.57802046300757803,"LAGUNA HEXMAP copy_D1_norm":0.98214704808633446,"D2_hex_zonal_D2_norm":0.94559412509131724,"B1HEX — B2HEX_B1_norm":0.0},"geometry":{"type":"Point","coordinates":[320189.040225961711258,1595734.41181603888981]}},
{"type":"Feature","properties":{"fid":630,"id":630,"left":319556.0601435717,"top":1595169.5165241526,"right":321288.11095114058,"bottom":1593669.5165241526,"row_index":8,"col_index":23,"A1_hex_zonal_A1_norm":0.9148803493297174,"A2V3_hex_zonal_A2_norm_fix":0.90407913954869423,"B2_HEXZONAL_B2_norm":0.30064173026410712,"C1_HEXZONAL_C1_norm":0.076298554585035996,"C2_hex_zonal_C2_norm":0.59405970991839541,"LAGUNA HEXMAP copy_D1_norm":0.79629255570716351,"D2_hex_zonal_D2_norm":0.90726536484222031,"B1HEX — B2HEX_B1_norm":0.027450980392156862},"geometry":{"type":"Point","coordinates":[320343.115349671454169,1594417.307456367416307]}},
{"type":"Feature","properties":{"fid":631,"id":631,"left":319556.0601435717,"top":1593669.5165241526,"right":321288.11095114058,"bottom":1592169.5165241526,"row_index":9,"col_index":23,"A1_hex_zonal_A1_norm":0.9412552245756598,"A2V3_hex_zonal_A2_norm_fix":0.94551624504120491,"B2_HEXZONAL_B2_norm":0.26248347591384358,"C1_HEXZONAL_C1_norm":0.047643334035948191,"C2_hex_zonal_C2_norm":0.60556816538743563,"LAGUNA HEXMAP copy_D1_norm":0.94167597321626539,"D2_hex_zonal_D2_norm":0.94442394021742904,"B1HEX — B2HEX_B1_norm":0.070588235294117646},"geometry":{"type":"Point","coordinates":[320185.05674852442462,1593037.709179775090888]}},
{"type":"Feature","properties":{"fid":632,"id":632,"left":319556.0601435717,"top":1592169.5165241526,"right":321288.11095114058,"bottom":1590669.5165241526,"row_index":10,"col_index":23,"A1_hex_zonal_A1_norm":0.88720233024201023,"A2V3_hex_zonal_A2_norm_fix":0.95729431161515033,"B2_HEXZONAL_B2_norm":0.22386275099129771,"C1_HEXZONAL_C1_norm":0.025903793134657627,"C2_hex_zonal_C2_norm":0.62072397464993456,"LAGUNA HEXMAP copy_D1_norm":0.96429655457594732,"D2_hex_zonal_D2_norm":0.93126970226896444,"B1HEX — B2HEX_B1_norm":0.0},"geometry":{"type":"Point","coordinates":[319969.716645302658435,1591384.781641126144677]}},
{"type":"Feature","properties":{"fid":633,"id":633,"left":319556.0601435717,"top":1590669.5165241526,"right":321288.11095114058,"bottom":1589169.5165241526,"row_index":11,"col_index":23,"A1_hex_zonal_A1_norm":0.96274609625795204,"A2V3_hex_zonal_A2_norm_fix":0.98388562381952227,"B2_HEXZONAL_B2_norm":0.19459115949462336,"C1_HEXZONAL_C1_norm":0.0067395548109731255,"C2_hex_zonal_C2_norm":0.63206374745657845,"LAGUNA HEXMAP copy_D1_norm":0.80900732412259135,"D2_hex_zonal_D2_norm":0.98335015985127827,"B1HEX — B2HEX_B1_norm":0.0},"geometry":{"type":"Point","coordinates":[319815.955780709453393,1590248.500598064390942]}},
{"type":"Feature","properties":{"fid":638,"id":638,"left":319556.0601435717,"top":1583169.5165241526,"right":321288.11095114058,"bottom":1581669.5165241526,"row_index":16,"col_index":23,"A1_hex_zonal_A1_norm":0.84029415992329703,"A2V3_hex_zonal_A2_norm_fix":0.93086673097090855,"B2_HEXZONAL_B2_norm":0.12445045274107625,"C1_HEXZONAL_C1_norm":0.062254715595022804,"C2_hex_zonal_C2_norm":0.76015062230653785,"LAGUNA HEXMAP copy_D1_norm":0.50421593933462971,"D2_hex_zonal_D2_norm":0.93019654253907125,"B1HEX — B2HEX_B1_norm":0.0},"geometry":{"type":"Point","coordinates":[320576.129179011972155,1582318.243896409170702]}},
{"type":"Feature","properties":{"fid":639,"id":639,"left":319556.0601435717,"top":1581669.5165241526,"right":321288.11095114058,"bottom":1580169.5165241526,"row_index":17,"col_index":23,"A1_hex_zonal_A1_norm":0.85558597885566912,"A2V3_hex_zonal_A2_norm_fix":0.85956667639246764,"B2_HEXZONAL_B2_norm":0.13610957123006018,"C1_HEXZONAL_C1_norm":0.1467433990042869,"C2_hex_zonal_C2_norm":0.78027331601097483,"LAGUNA HEXMAP copy_D1_norm":0.44307382623663116,"D2_hex_zonal_D2_norm":0.84771227977486374,"B1HEX — B2HEX_B1_norm":0.0},"geometry":{"type":"Point","coordinates":[320422.085547356109601,1580919.516524152364582]}},
{"type":"Feature","properties":{"fid":640,"id":640,"left":319556.0601435717,"top":1580169.5165241526,"right":321288.11095114058,"bottom":1578669.5165241526,"row_index":18,"col_index":23,"A1_hex_zonal_A1_norm":0.7323497661324867,"A2V3_hex_zonal_A2_norm_fix":0.73008155900606098,"B2_HEXZONAL_B2_norm":0.15313545362259395,"C1_HEXZONAL_C1_norm":0.27030806116340877,"C2_hex_zonal_C2_norm":0.80515721274644714,"LAGUNA HEXMAP copy_D1_norm":0.55306099043774615,"D2_hex_zonal_D2_norm":0.71851442654418085,"B1HEX — B2HEX_B1_norm":0.0},"geometry":{"type":"Point","coordinates":[320422.085547356109601,1579419.516524152364582]}},
{"type":"Feature","properties":{"fid":641,"id":641,"left":319556.0601435717,"top":1578669.5165241526,"right":321288.11095114058,"bottom":1577169.5165241526,"row_index":19,"col_index":23,"A1_hex_zonal_A1_norm":0.73575218409804055,"A2V3_hex_zonal_A2_norm_fix":0.74077692478089507,"B2_HEXZONAL_B2_norm":0.15541338100601032,"C1_HEXZONAL_C1_norm":0.23560704294462698,"C2_hex_zonal_C2_norm":0.83065165527996077,"LAGUNA HEXMAP copy_D1_norm":0.59783257147837232,"D2_hex_zonal_D2_norm":0.7497186104475646,"B1HEX — B2HEX_B1_norm":0.0},"geometry":{"type":"Point","coordinates":[320422.085547356109601,1577919.516524152364582]}},
{"type":"Feature","properties":{"fid":642,"id":642,"left":319556.0601435717,"top":1577169.5165241526,"right":321288.11095114058,"bottom":1575669.5165241526,"row_index":20,"col_index":23,"A1_hex_zonal_A1_norm":0.85873066628495875,"A2V3_hex_zonal_A2_norm_fix":0.83767697244265271,"B2_HEXZONAL_B2_norm":0.14330527939616677,"C1_HEXZONAL_C1_norm":0.14782994050041715,"C2_hex_zonal_C2_norm":0.85670309409930745,"LAGUNA HEXMAP copy_D1_norm":0.55720815274064017,"D2_hex_zonal_D2_norm":0.83276817616426435,"B1HEX — B2HEX_B1_norm":0.027450980392156862},"geometry":{"type":"Point","coordinates":[320422.085547356109601,1576419.516524152364582]}},
{"type":"Feature","properties":{"fid":643,"id":643,"left":319556.0601435717,"top":1575669.5165241526,"right":321288.11095114058,"bottom":1574169.5165241526,"row_index":21,"col_index":23,"A1_hex_zonal_A1_norm":0.91415442144200221,"A2V3_hex_zonal_A2_norm_fix":0.93039954261411273,"B2_HEXZONAL_B2_norm":0.13461223487371909,"C1_HEXZONAL_C1_norm":0.050766545093267022,"C2_hex_zonal_C2_norm":0.87727118489511757,"LAGUNA HEXMAP copy_D1_norm":0.45815343434370359,"D2_hex_zonal_D2_norm":0.92311163379061201,"B1HEX — B2HEX_B1_norm":0.039215686274509803},"geometry":{"type":"Point","coordinates":[320305.568466804164927,1575163.649137961445376]}},
{"type":"Feature","properties":{"fid":657,"id":657,"left":320855.09824924835,"top":1595919.5165241526,"right":322587.14905681723,"bottom":1594419.5165241526,"row_index":8,"col_index":24,"A1_hex_zonal_A1_norm":1.0,"A2V3_hex_zonal_A2_norm_fix":0.97367499938332913,"B2_HEXZONAL_B2_norm":null,"C1_HEXZONAL_C1_norm":0.003752420093374763,"C2_hex_zonal_C2_norm":0.59728167613613847,"LAGUNA HEXMAP copy_D1_norm":0.87069705382455309,"D2_hex_zonal_D2_norm":0.98847162433581715,"B1HEX — B2HEX_B1_norm":0.0},"geometry":{"type":"Point","coordinates":[320860.973671636194922,1595167.233739395393059]}},
{"type":"Feature","properties":{"fid":658,"id":658,"left":320855.09824924835,"top":1594419.5165241526,"right":322587.14905681723,"bottom":1592919.5165241526,"row_index":9,"col_index":24,"A1_hex_zonal_A1_norm":0.99232768257038118,"A2V3_hex_zonal_A2_norm_fix":0.98233786749778529,"B2_HEXZONAL_B2_norm":null,"C1_HEXZONAL_C1_norm":null,"C2_hex_zonal_C2_norm":0.61200140178388929,"LAGUNA HEXMAP copy_D1_norm":0.83329546417205624,"D2_hex_zonal_D2_norm":0.98454748285045879,"B1HEX — B2HEX_B1_norm":0.0},"geometry":{"type":"Point","coordinates":[320873.314481696172152,1593692.454540054081008]}},
{"type":"Feature","properties":{"fid":664,"id":664,"left":320855.09824924835,"top":1585419.5165241526,"right":322587.14905681723,"bottom":1583919.5165241526,"row_index":15,"col_index":24,"A1_hex_zonal_A1_norm":0.78305330050282296,"A2V3_hex_zonal_A2_norm_fix":0.98000997150323954,"B2_HEXZONAL_B2_norm":0.098384039128802447,"C1_HEXZONAL_C1_norm":0.012585455572530688,"C2_hex_zonal_C2_norm":0.75664395822573893,"LAGUNA HEXMAP copy_D1_norm":0.50895308088816726,"D2_hex_zonal_D2_norm":0.9732474211697919,"B1HEX — B2HEX_B1_norm":0.0},"geometry":{"type":"Point","coordinates":[322269.895935309876222,1584372.595345712499693]}},
{"type":"Feature","properties":{"fid":665,"id":665,"left":320855.09824924835,"top":1583919.5165241526,"right":322587.14905681723,"bottom":1582419.5165241526,"row_index":16,"col_index":24,"A1_hex_zonal_A1_norm":0.69086587704338343,"A2V3_hex_zonal_A2_norm_fix":0.92393357966665945,"B2_HEXZONAL_B2_norm":0.10972487401973974,"C1_HEXZONAL_C1_norm":0.068695202898033908,"C2_hex_zonal_C2_norm":0.76803189424795326,"LAGUNA HEXMAP copy_D1_norm":0.47590040611729112,"D2_hex_zonal_D2_norm":0.918544693808234,"B1HEX — B2HEX_B1_norm":0.0},"geometry":{"type":"Point","coordinates":[321801.423953694174998,1583088.744356499286368]}},
{"type":"Feature","properties":{"fid":666,"id":666,"left":320855.09824924835,"top":1582419.5165241526,"right":322587.14905681723,"bottom":1580919.5165241526,"row_index":17,"col_index":24,"A1_hex_zonal_A1_norm":0.72797321056845554,"A2V3_hex_zonal_A2_norm_fix":0.78383899882583052,"B2_HEXZONAL_B2_norm":0.12126956477435757,"C1_HEXZONAL_C1_norm":0.21417092179307393,"C2_hex_zonal_C2_norm":0.78865287132641393,"LAGUNA HEXMAP copy_D1_norm":0.46438747901221822,"D2_hex_zonal_D2_norm":0.7772877468577416,"B1HEX — B2HEX_B1_norm":0.0},"geometry":{"type":"Point","coordinates":[321721.123653032758739,1581669.516524152364582]}},
{"type":"Feature","properties":{"fid":667,"id":667,"left":320855.09824924835,"top":1580919.5165241526,"right":322587.14905681723,"bottom":1579419.5165241526,"row_index":18,"col_index":24,"A1_hex_zonal_A1_norm":0.67797330163461922,"A2V3_hex_zonal_A2_norm_fix":0.6850414332164857,"B2_HEXZONAL_B2_norm":0.1425797161884016,"C1_HEXZONAL_C1_norm":0.3196110766969148,"C2_hex_zonal_C2_norm":0.81260004140880304,"LAGUNA HEXMAP copy_D1_norm":0.62540436726747861,"D2_hex_zonal_D2_norm":0.68207441529909718,"B1HEX — B2HEX_B1_norm":0.0},"geometry":{"type":"Point","coordinates":[321721.123653032758739,1580169.516524152597412]}},
{"type":"Feature","properties":{"fid":668,"id":668,"left":320855.09824924835,"top":1579419.5165241526,"right":322587.14905681723,"bottom":1577919.5165241526,"row_index":19,"col_index":24,"A1_hex_zonal_A1_norm":0.6780679578415838,"A2V3_hex_zonal_A2_norm_fix":0.78301295976992025,"B2_HEXZONAL_B2_norm":0.1539779499229621,"C1_HEXZONAL_C1_norm":0.20394363055920839,"C2_hex_zonal_C2_norm":0.83720674801138306,"LAGUNA HEXMAP copy_D1_norm":0.74267648115436891,"D2_hex_zonal_D2_norm":0.79806847415031867,"B1HEX — B2HEX_B1_norm":0.0},"geometry":{"type":"Point","coordinates":[321721.123653032758739,1578669.516524152364582]}},
{"type":"Feature","properties":{"fid":669,"id":669,"left":320855.09824924835,"top":1577919.5165241526,"right":322587.14905681723,"bottom":1576419.5165241526,"row_index":20,"col_index":24,"A1_hex_zonal_A1_norm":0.84393291648415636,"A2V3_hex_zonal_A2_norm_fix":0.91177890303501541,"B2_HEXZONAL_B2_norm":0.14890791704648798,"C1_HEXZONAL_C1_norm":0.064162747776423487,"C2_hex_zonal_C2_norm":0.85869473065061863,"LAGUNA HEXMAP copy_D1_norm":0.73941264467116297,"D2_hex_zonal_D2_norm":0.92082770855792118,"B1HEX — B2HEX_B1_norm":0.10196078431372549},"geometry":{"type":"Point","coordinates":[321601.812734047009144,1577284.55347392312251]}},
{"type":"Feature","properties":{"fid":670,"id":670,"left":320855.09824924835,"top":1576419.5165241526,"right":322587.14905681723,"bottom":1574919.5165241526,"row_index":21,"col_index":24,"A1_hex_zonal_A1_norm":0.953327593974301,"A2V3_hex_zonal_A2_norm_fix":0.94455707451588911,"B2_HEXZONAL_B2_norm":0.14089482737152981,"C1_HEXZONAL_C1_norm":0.028434881415430407,"C2_hex_zonal_C2_norm":0.87784296971192799,"LAGUNA HEXMAP copy_D1_norm":0.59781127317847116,"D2_hex_zonal_D2_norm":0.95278225476081202,"B1HEX — B2HEX_B1_norm":0.0},"geometry":{"type":"Point","coordinates":[321214.859238989534788,1575843.940154691692442]}},
{"type":"Feature","properties":{"fid":690,"id":690,"left":322154.13635492499,"top":1586169.5165241526,"right":323886.18716249388,"bottom":1584669.5165241526,"row_index":14,"col_index":25,"A1_hex_zonal_A1_norm":0.92368065399475463,"A2V3_hex_zonal_A2_norm_fix":0.9610763202091096,"B2_HEXZONAL_B2_norm":0.082491946568250207,"C1_HEXZONAL_C1_norm":0.031383658840213421,"C2_hex_zonal_C2_norm":0.76421179486820201,"LAGUNA HEXMAP copy_D1_norm":0.42520110100613717,"D2_hex_zonal_D2_norm":0.95333975289187478,"B1HEX — B2HEX_B1_norm":0.0039215686274509803},"geometry":{"type":"Point","coordinates":[323258.015949785127304,1585037.605877805966884]}},
{"type":"Feature","properties":{"fid":691,"id":691,"left":322154.13635492499,"top":1584669.5165241526,"right":323886.18716249388,"bottom":1583169.5165241526,"row_index":15,"col_index":25,"A1_hex_zonal_A1_norm":0.78929186943092244,"A2V3_hex_zonal_A2_norm_fix":0.87910148975443436,"B2_HEXZONAL_B2_norm":0.078015844795568889,"C1_HEXZONAL_C1_norm":0.11373586218946501,"C2_hex_zonal_C2_norm":0.77610797105322971,"LAGUNA HEXMAP copy_D1_norm":0.39309422607982047,"D2_hex_zonal_D2_norm":0.86751474239115611,"B1HEX — B2HEX_B1_norm":0.031372549019607843},"geometry":{"type":"Point","coordinates":[323020.161758709407877,1583919.516524152364582]}},
{"type":"Feature","properties":{"fid":692,"id":692,"left":322154.13635492499,"top":1583169.5165241526,"right":323886.18716249388,"bottom":1581669.5165241526,"row_index":16,"col_index":25,"A1_hex_zonal_A1_norm":0.628774141148569,"A2V3_hex_zonal_A2_norm_fix":0.75208754845588388,"B2_HEXZONAL_B2_norm":0.078981184614269728,"C1_HEXZONAL_C1_norm":0.24700751510778618,"C2_hex_zonal_C2_norm":0.79833262085981138,"LAGUNA HEXMAP copy_D1_norm":0.42055656883107917,"D2_hex_zonal_D2_norm":0.74033041860178184,"B1HEX — B2HEX_B1_norm":0.0},"geometry":{"type":"Point","coordinates":[323020.161758709407877,1582419.516524152364582]}},
{"type":"Feature","properties":{"fid":693,"id":693,"left":322154.13635492499,"top":1581669.5165241526,"right":323886.18716249388,"bottom":1580169.5165241526,"row_index":17,"col_index":25,"A1_hex_zonal_A1_norm":0.64062793437150967,"A2V3_hex_zonal_A2_norm_fix":0.65426577253461937,"B2_HEXZONAL_B2_norm":0.10120065916626575,"C1_HEXZONAL_C1_norm":0.35154210989951956,"C2_hex_zonal_C2_norm":0.82132447518886054,"LAGUNA HEXMAP copy_D1_norm":0.60873706172282516,"D2_hex_zonal_D2_norm":0.64746324787876874,"B1HEX — B2HEX_B1_norm":0.0},"geometry":{"type":"Point","coordinates":[323020.161758709407877,1580919.516524152364582]}},
{"type":"Feature","properties":{"fid":694,"id":694,"left":322154.13635492499,"top":1580169.5165241526,"right":323886.18716249388,"bottom":1578669.5165241526,"row_index":18,"col_index":25,"A1_hex_zonal_A1_norm":0.70641773431624921,"A2V3_hex_zonal_A2_norm_fix":0.77782094410569325,"B2_HEXZONAL_B2_norm":0.1269097029251528,"C1_HEXZONAL_C1_norm":0.21648410248342931,"C2_hex_zonal_C2_norm":0.84502202853428432,"LAGUNA HEXMAP copy_D1_norm":0.79268131676809839,"D2_hex_zonal_D2_norm":0.78502074792025611,"B1HEX — B2HEX_B1_norm":0.0039215686274509803},"geometry":{"type":"Point","coordinates":[323020.161758709407877,1579419.516524152364582]}},
{"type":"Feature","properties":{"fid":695,"id":695,"left":322154.13635492499,"top":1578669.5165241526,"right":323886.18716249388,"bottom":1577169.5165241526,"row_index":19,"col_index":25,"A1_hex_zonal_A1_norm":0.72612752448158302,"A2V3_hex_zonal_A2_norm_fix":0.92457172608791149,"B2_HEXZONAL_B2_norm":0.13846673670829523,"C1_HEXZONAL_C1_norm":0.065109108562801138,"C2_hex_zonal_C2_norm":0.86474129901883789,"LAGUNA HEXMAP copy_D1_norm":0.92261891218081182,"D2_hex_zonal_D2_norm":0.93677704607894718,"B1HEX — B2HEX_B1_norm":0.043137254901960784},"geometry":{"type":"Point","coordinates":[322936.266435849131085,1578119.179719984997064]}},
{"type":"Feature","properties":{"fid":717,"id":717,"left":323453.17446060164,"top":1586919.5165241526,"right":325185.22526817053,"bottom":1585419.5165241526,"row_index":14,"col_index":26,"A1_hex_zonal_A1_norm":0.9630840976915499,"A2V3_hex_zonal_A2_norm_fix":0.96737283256626216,"B2_HEXZONAL_B2_norm":0.066549396906317115,"C1_HEXZONAL_C1_norm":0.025883473708555451,"C2_hex_zonal_C2_norm":0.77737722312202617,"LAGUNA HEXMAP copy_D1_norm":0.4018457955836352,"D2_hex_zonal_D2_norm":0.96471839876625864,"B1HEX — B2HEX_B1_norm":0.0},"geometry":{"type":"Point","coordinates":[324474.760267209727317,1585656.266612726030871]}},
{"type":"Feature","properties":{"fid":718,"id":718,"left":323453.17446060164,"top":1585419.5165241526,"right":325185.22526817053,"bottom":1583919.5165241526,"row_index":15,"col_index":26,"A1_hex_zonal_A1_norm":0.87237660950631424,"A2V3_hex_zonal_A2_norm_fix":0.8596816595284773,"B2_HEXZONAL_B2_norm":0.044010203528278335,"C1_HEXZONAL_C1_norm":0.12806903684292395,"C2_hex_zonal_C2_norm":0.78804897593127998,"LAGUNA HEXMAP copy_D1_norm":0.35062045182661816,"D2_hex_zonal_D2_norm":0.85275446341986216,"B1HEX — B2HEX_B1_norm":0.047058823529411764},"geometry":{"type":"Point","coordinates":[324319.199864386115223,1584669.516524152364582]}},
{"type":"Feature","properties":{"fid":719,"id":719,"left":323453.17446060164,"top":1583919.5165241526,"right":325185.22526817053,"bottom":1582419.5165241526,"row_index":16,"col_index":26,"A1_hex_zonal_A1_norm":0.70276353264259472,"A2V3_hex_zonal_A2_norm_fix":0.69291132341243689,"B2_HEXZONAL_B2_norm":0.027534574766504449,"C1_HEXZONAL_C1_norm":0.29907506293350317,"C2_hex_zonal_C2_norm":0.80926374139397472,"LAGUNA HEXMAP copy_D1_norm":0.44127956040515537,"D2_hex_zonal_D2_norm":0.6802125660909788,"B1HEX — B2HEX_B1_norm":0.0},"geometry":{"type":"Point","coordinates":[324319.199864386115223,1583169.516524152131751]}},
{"type":"Feature","properties":{"fid":720,"id":720,"left":323453.17446060164,"top":1582419.5165241526,"right":325185.22526817053,"bottom":1580919.5165241526,"row_index":17,"col_index":26,"A1_hex_zonal_A1_norm":0.64772850267695925,"A2V3_hex_zonal_A2_norm_fix":0.63569713777347181,"B2_HEXZONAL_B2_norm":0.046871339009456614,"C1_HEXZONAL_C1_norm":0.36409763773300075,"C2_hex_zonal_C2_norm":0.83128853659269997,"LAGUNA HEXMAP copy_D1_norm":0.51204086336323928,"D2_hex_zonal_D2_norm":0.62099371630091182,"B1HEX — B2HEX_B1_norm":0.0},"geometry":{"type":"Point","coordinates":[324319.199864386115223,1581669.516524152364582]}},
{"type":"Feature","properties":{"fid":721,"id":721,"left":323453.17446060164,"top":1580919.5165241526,"right":325185.22526817053,"bottom":1579419.5165241526,"row_index":18,"col_index":26,"A1_hex_zonal_A1_norm":0.80164229458777292,"A2V3_hex_zonal_A2_norm_fix":0.78672930753001147,"B2_HEXZONAL_B2_norm":0.084188633569905136,"C1_HEXZONAL_C1_norm":0.22801520858293223,"C2_hex_zonal_C2_norm":0.85406180113400487,"LAGUNA HEXMAP copy_D1_norm":0.69715697442656288,"D2_hex_zonal_D2_norm":0.77894457235003789,"B1HEX — B2HEX_B1_norm":0.0},"geometry":{"type":"Point","coordinates":[324319.199864386115223,1580169.516524152597412]}},
{"type":"Feature","properties":{"fid":722,"id":722,"left":323453.17446060164,"top":1579419.5165241526,"right":325185.22526817053,"bottom":1577919.5165241526,"row_index":19,"col_index":26,"A1_hex_zonal_A1_norm":0.85933129564626232,"A2V3_hex_zonal_A2_norm_fix":0.92074427507371315,"B2_HEXZONAL_B2_norm":0.10848421407097963,"C1_HEXZONAL_C1_norm":0.083842550978751998,"C2_hex_zonal_C2_norm":0.87376111784459209,"LAGUNA HEXMAP copy_D1_norm":0.86439288991863683,"D2_hex_zonal_D2_norm":0.92447296068654217,"B1HEX — B2HEX_B1_norm":0.062745098039215685},"geometry":{"type":"Point","coordinates":[324243.136032973008696,1578828.28266073949635]}},
{"type":"Feature","properties":{"fid":743,"id":743,"left":324752.21256627829,"top":1587669.5165241526,"right":326484.26337384718,"bottom":1586169.5165241526,"row_index":13,"col_index":27,"A1_hex_zonal_A1_norm":0.96012336902144946,"A2V3_hex_zonal_A2_norm_fix":0.98683749969166457,"B2_HEXZONAL_B2_norm":0.04890230848276611,"C1_HEXZONAL_C1_norm":0.0060391234501336686,"C2_hex_zonal_C2_norm":0.79933031699243229,"LAGUNA HEXMAP copy_D1_norm":0.58179690702114528,"D2_hex_zonal_D2_norm":0.98947476502305476,"B1HEX — B2HEX_B1_norm":0.0},"geometry":{"type":"Point","coordinates":[326035.744501396315172,1586180.359449279028922]}},
{"type":"Feature","properties":{"fid":744,"id":744,"left":324752.21256627829,"top":1586169.5165241526,"right":326484.26337384718,"bottom":1584669.5165241526,"row_index":14,"col_index":27,"A1_hex_zonal_A1_norm":0.91603319595810928,"A2V3_hex_zonal_A2_norm_fix":0.89783907023061404,"B2_HEXZONAL_B2_norm":0.040646307056901199,"C1_HEXZONAL_C1_norm":0.0782005414471202,"C2_hex_zonal_C2_norm":0.80293220936992526,"LAGUNA HEXMAP copy_D1_norm":0.47195291233711656,"D2_hex_zonal_D2_norm":0.91132155237751844,"B1HEX — B2HEX_B1_norm":0.031372549019607843},"geometry":{"type":"Point","coordinates":[325654.060634103720076,1585340.926600198959932]}},
{"type":"Feature","properties":{"fid":745,"id":745,"left":324752.21256627829,"top":1584669.5165241526,"right":326484.26337384718,"bottom":1583169.5165241526,"row_index":15,"col_index":27,"A1_hex_zonal_A1_norm":0.75489966626085159,"A2V3_hex_zonal_A2_norm_fix":0.72373294589347559,"B2_HEXZONAL_B2_norm":0.010925073087972859,"C1_HEXZONAL_C1_norm":0.25174350446068494,"C2_hex_zonal_C2_norm":0.82143137747686734,"LAGUNA HEXMAP copy_D1_norm":0.53959267115513421,"D2_hex_zonal_D2_norm":0.72820787380042695,"B1HEX — B2HEX_B1_norm":0.0},"geometry":{"type":"Point","coordinates":[325618.237970062764362,1583919.516524152364582]}},
{"type":"Feature","properties":{"fid":746,"id":746,"left":324752.21256627829,"top":1583169.5165241526,"right":326484.26337384718,"bottom":1581669.5165241526,"row_index":16,"col_index":27,"A1_hex_zonal_A1_norm":0.67987268361981901,"A2V3_hex_zonal_A2_norm_fix":0.66428634857196656,"B2_HEXZONAL_B2_norm":0.0039301128911634065,"C1_HEXZONAL_C1_norm":0.27207550814415804,"C2_hex_zonal_C2_norm":0.84248247179079605,"LAGUNA HEXMAP copy_D1_norm":0.62753556707062597,"D2_hex_zonal_D2_norm":0.68943685431527835,"B1HEX — B2HEX_B1_norm":0.0},"geometry":{"type":"Point","coordinates":[325618.237970062764362,1582419.516524152364582]}},
{"type":"Feature","properties":{"fid":747,"id":747,"left":324752.21256627829,"top":1581669.5165241526,"right":326484.26337384718,"bottom":1580169.5165241526,"row_index":17,"col_index":27,"A1_hex_zonal_A1_norm":0.78894090024390906,"A2V3_hex_zonal_A2_norm_fix":0.77223908247896489,"B2_HEXZONAL_B2_norm":0.037358010725517476,"C1_HEXZONAL_C1_norm":0.20889470603773436,"C2_hex_zonal_C2_norm":0.86432102170077774,"LAGUNA HEXMAP copy_D1_norm":0.62875078393074779,"D2_hex_zonal_D2_norm":0.76871930912753017,"B1HEX — B2HEX_B1_norm":0.047058823529411764},"geometry":{"type":"Point","coordinates":[325618.237970062764362,1580919.516524152364582]}},
{"type":"Feature","properties":{"fid":748,"id":748,"left":324752.21256627829,"top":1580169.5165241526,"right":326484.26337384718,"bottom":1578669.5165241526,"row_index":18,"col_index":27,"A1_hex_zonal_A1_norm":0.9107276558256503,"A2V3_hex_zonal_A2_norm_fix":0.91863535816531083,"B2_HEXZONAL_B2_norm":0.072661436110739053,"C1_HEXZONAL_C1_norm":0.072289915408192601,"C2_hex_zonal_C2_norm":0.88321337803501043,"LAGUNA HEXMAP copy_D1_norm":0.6774503635926028,"D2_hex_zonal_D2_norm":0.90199889074735096,"B1HEX — B2HEX_B1_norm":0.058823529411764705},"geometry":{"type":"Point","coordinates":[325552.7364249372622,1579587.173139236867428]}},
{"type":"Feature","properties":{"fid":770,"id":770,"left":326051.25067195494,"top":1588419.5165241526,"right":327783.30147952383,"bottom":1586919.5165241526,"row_index":13,"col_index":28,"A1_hex_zonal_A1_norm":0.8729336345812595,"A2V3_hex_zonal_A2_norm_fix":0.96787558058232792,"B2_HEXZONAL_B2_norm":0.065866083645023998,"C1_HEXZONAL_C1_norm":0.021072800667940615,"C2_hex_zonal_C2_norm":0.80846614746851775,"LAGUNA HEXMAP copy_D1_norm":0.81198783114396889,"D2_hex_zonal_D2_norm":0.96287987076140469,"B1HEX — B2HEX_B1_norm":0.0},"geometry":{"type":"Point","coordinates":[327371.969982000766322,1587459.308956146705896]}},
{"type":"Feature","properties":{"fid":771,"id":771,"left":326051.25067195494,"top":1586919.5165241526,"right":327783.30147952383,"bottom":1585419.5165241526,"row_index":14,"col_index":28,"A1_hex_zonal_A1_norm":0.90318829693669578,"A2V3_hex_zonal_A2_norm_fix":0.90082562881592054,"B2_HEXZONAL_B2_norm":0.039592069777455996,"C1_HEXZONAL_C1_norm":0.085138324589762684,"C2_hex_zonal_C2_norm":0.81628525230516236,"LAGUNA HEXMAP copy_D1_norm":0.63167442119196893,"D2_hex_zonal_D2_norm":0.90448059902520406,"B1HEX — B2HEX_B1_norm":0.039215686274509803},"geometry":{"type":"Point","coordinates":[326943.188096068508457,1586154.807282393798232]}},
{"type":"Feature","properties":{"fid":772,"id":772,"left":326051.25067195494,"top":1585419.5165241526,"right":327783.30147952383,"bottom":1583919.5165241526,"row_index":15,"col_index":28,"A1_hex_zonal_A1_norm":0.78183852078833149,"A2V3_hex_zonal_A2_norm_fix":0.76149811474147444,"B2_HEXZONAL_B2_norm":0.016856754336667445,"C1_HEXZONAL_C1_norm":0.23036666802869293,"C2_hex_zonal_C2_norm":0.83475126425988844,"LAGUNA HEXMAP copy_D1_norm":0.57084363903243074,"D2_hex_zonal_D2_norm":0.76743617567491684,"B1HEX — B2HEX_B1_norm":0.0},"geometry":{"type":"Point","coordinates":[326917.276075739355292,1584669.516524152364582]}},
{"type":"Feature","properties":{"fid":773,"id":773,"left":326051.25067195494,"top":1583919.5165241526,"right":327783.30147952383,"bottom":1582419.5165241526,"row_index":16,"col_index":28,"A1_hex_zonal_A1_norm":0.76171948536175638,"A2V3_hex_zonal_A2_norm_fix":0.70310549030935265,"B2_HEXZONAL_B2_norm":0.0062926984581332945,"C1_HEXZONAL_C1_norm":0.21025113929761075,"C2_hex_zonal_C2_norm":0.85482835611879404,"LAGUNA HEXMAP copy_D1_norm":0.72645926744452516,"D2_hex_zonal_D2_norm":0.72759418647612084,"B1HEX — B2HEX_B1_norm":0.0},"geometry":{"type":"Point","coordinates":[326917.276075739355292,1583169.516524152131751]}},
{"type":"Feature","properties":{"fid":774,"id":774,"left":326051.25067195494,"top":1582419.5165241526,"right":327783.30147952383,"bottom":1580919.5165241526,"row_index":17,"col_index":28,"A1_hex_zonal_A1_norm":0.84190344055017985,"A2V3_hex_zonal_A2_norm_fix":0.85046375268104446,"B2_HEXZONAL_B2_norm":0.022546529328954068,"C1_HEXZONAL_C1_norm":0.087907051810650227,"C2_hex_zonal_C2_norm":0.87504263032939655,"LAGUNA HEXMAP copy_D1_norm":0.80481676256356649,"D2_hex_zonal_D2_norm":0.8770581019299285,"B1HEX — B2HEX_B1_norm":0.066666666666666666},"geometry":{"type":"Point","coordinates":[326886.419419164594728,1581679.720629961462691]}},
{"type":"Feature","properties":{"fid":775,"id":775,"left":326051.25067195494,"top":1580919.5165241526,"right":327783.30147952383,"bottom":1579419.5165241526,"row_index":18,"col_index":28,"A1_hex_zonal_A1_norm":0.91851415884038223,"A2V3_hex_zonal_A2_norm_fix":0.91792876361744402,"B2_HEXZONAL_B2_norm":0.050640814225444974,"C1_HEXZONAL_C1_norm":0.061952906066323317,"C2_hex_zonal_C2_norm":0.89226056397076403,"LAGUNA HEXMAP copy_D1_norm":0.71448875180454352,"D2_hex_zonal_D2_norm":0.91337959653832146,"B1HEX — B2HEX_B1_norm":0.050980392156862744},"geometry":{"type":"Point","coordinates":[326747.322750045859721,1580318.742893746122718]}},
{"type":"Feature","properties":{"fid":793,"id":793,"left":327350.28877763165,"top":1593669.5165241526,"right":329082.33958520053,"bottom":1592169.5165241526,"row_index":9,"col_index":29,"A1_hex_zonal_A1_norm":0.9317724233817507,"A2V3_hex_zonal_A2_norm_fix":0.95837651706084637,"B2_HEXZONAL_B2_norm":null,"C1_HEXZONAL_C1_norm":0.013314256090120937,"C2_hex_zonal_C2_norm":0.78393803660934147,"LAGUNA HEXMAP copy_D1_norm":0.7222210596054699,"D2_hex_zonal_D2_norm":0.97030560398629906,"B1HEX — B2HEX_B1_norm":0.0},"geometry":{"type":"Point","coordinates":[328644.725779439788312,1592189.897197400452569]}},
{"type":"Feature","properties":{"fid":794,"id":794,"left":327350.28877763165,"top":1592169.5165241526,"right":329082.33958520053,"bottom":1590669.5165241526,"row_index":10,"col_index":29,"A1_hex_zonal_A1_norm":0.90311239188620418,"A2V3_hex_zonal_A2_norm_fix":0.94883190953086527,"B2_HEXZONAL_B2_norm":0.15642602879289658,"C1_HEXZONAL_C1_norm":0.038835456732565055,"C2_hex_zonal_C2_norm":0.79077280544602913,"LAGUNA HEXMAP copy_D1_norm":0.82071067591058922,"D2_hex_zonal_D2_norm":0.94555687495721041,"B1HEX — B2HEX_B1_norm":0.0},"geometry":{"type":"Point","coordinates":[328603.452475398371462,1591373.638757725246251]}},
{"type":"Feature","properties":{"fid":795,"id":795,"left":327350.28877763165,"top":1590669.5165241526,"right":329082.33958520053,"bottom":1589169.5165241526,"row_index":11,"col_index":29,"A1_hex_zonal_A1_norm":0.9150235037364729,"A2V3_hex_zonal_A2_norm_fix":0.95733147748081637,"B2_HEXZONAL_B2_norm":0.11555339618783689,"C1_HEXZONAL_C1_norm":0.035767338514696698,"C2_hex_zonal_C2_norm":0.80555351744268655,"LAGUNA HEXMAP copy_D1_norm":0.98424457459667958,"D2_hex_zonal_D2_norm":0.95372218764404548,"B1HEX — B2HEX_B1_norm":0.0},"geometry":{"type":"Point","coordinates":[328553.869532961805817,1589799.411456899251789]}},
{"type":"Feature","properties":{"fid":796,"id":796,"left":327350.28877763165,"top":1589169.5165241526,"right":329082.33958520053,"bottom":1587669.5165241526,"row_index":12,"col_index":29,"A1_hex_zonal_A1_norm":0.90361411007505221,"A2V3_hex_zonal_A2_norm_fix":0.91242723420195637,"B2_HEXZONAL_B2_norm":0.082560371777084196,"C1_HEXZONAL_C1_norm":0.083710952932229604,"C2_hex_zonal_C2_norm":0.81528641623731668,"LAGUNA HEXMAP copy_D1_norm":0.92412586289123055,"D2_hex_zonal_D2_norm":0.90572555847927172,"B1HEX — B2HEX_B1_norm":0.015686274509803921},"geometry":{"type":"Point","coordinates":[328272.190882993396372,1588385.742241075495258]}},
{"type":"Feature","properties":{"fid":797,"id":797,"left":327350.28877763165,"top":1587669.5165241526,"right":329082.33958520053,"bottom":1586169.5165241526,"row_index":13,"col_index":29,"A1_hex_zonal_A1_norm":0.7924634006101392,"A2V3_hex_zonal_A2_norm_fix":0.8521489333338782,"B2_HEXZONAL_B2_norm":0.045089734555149752,"C1_HEXZONAL_C1_norm":0.13797880088369766,"C2_hex_zonal_C2_norm":0.830984463424844,"LAGUNA HEXMAP copy_D1_norm":0.74531860704776642,"D2_hex_zonal_D2_norm":0.84478615848828809,"B1HEX — B2HEX_B1_norm":0.011764705882352941},"geometry":{"type":"Point","coordinates":[328216.314181416120846,1586919.516524152131751]}},
{"type":"Feature","properties":{"fid":798,"id":798,"left":327350.28877763165,"top":1586169.5165241526,"right":329082.33958520053,"bottom":1584669.5165241526,"row_index":14,"col_index":29,"A1_hex_zonal_A1_norm":0.7358410951115486,"A2V3_hex_zonal_A2_norm_fix":0.72218400954737694,"B2_HEXZONAL_B2_norm":0.014569427766140897,"C1_HEXZONAL_C1_norm":0.15783973042845437,"C2_hex_zonal_C2_norm":0.84918106517423864,"LAGUNA HEXMAP copy_D1_norm":0.5561960875991071,"D2_hex_zonal_D2_norm":0.71976763498351892,"B1HEX — B2HEX_B1_norm":0.0},"geometry":{"type":"Point","coordinates":[328216.314181416120846,1585419.516524152364582]}},
{"type":"Feature","properties":{"fid":799,"id":799,"left":327350.28877763165,"top":1584669.5165241526,"right":329082.33958520053,"bottom":1583169.5165241526,"row_index":15,"col_index":29,"A1_hex_zonal_A1_norm":0.73125198979097716,"A2V3_hex_zonal_A2_norm_fix":0.65283430547227828,"B2_HEXZONAL_B2_norm":0.0059671656362693115,"C1_HEXZONAL_C1_norm":0.22870945675123511,"C2_hex_zonal_C2_norm":0.86828848907489742,"LAGUNA HEXMAP copy_D1_norm":0.71168657211219988,"D2_hex_zonal_D2_norm":0.65942074047816501,"B1HEX — B2HEX_B1_norm":0.0},"geometry":{"type":"Point","coordinates":[328216.314181416120846,1583919.516524152364582]}},
{"type":"Feature","properties":{"fid":800,"id":800,"left":327350.28877763165,"top":1583169.5165241526,"right":329082.33958520053,"bottom":1581669.5165241526,"row_index":16,"col_index":29,"A1_hex_zonal_A1_norm":0.90503290860529984,"A2V3_hex_zonal_A2_norm_fix":0.82185164623747475,"B2_HEXZONAL_B2_norm":0.018451234730519017,"C1_HEXZONAL_C1_norm":0.094292461319278986,"C2_hex_zonal_C2_norm":0.88797903536304001,"LAGUNA HEXMAP copy_D1_norm":0.89897788185726757,"D2_hex_zonal_D2_norm":0.83662773417297254,"B1HEX — B2HEX_B1_norm":0.011764705882352941},"geometry":{"type":"Point","coordinates":[328210.365426537988242,1582430.133309090742841]}},
{"type":"Feature","properties":{"fid":801,"id":801,"left":327350.28877763165,"top":1581669.5165241526,"right":329082.33958520053,"bottom":1580169.5165241526,"row_index":17,"col_index":29,"A1_hex_zonal_A1_norm":0.90754383183938103,"A2V3_hex_zonal_A2_norm_fix":0.95272439319997204,"B2_HEXZONAL_B2_norm":0.042456758609858869,"C1_HEXZONAL_C1_norm":0.02235726769613177,"C2_hex_zonal_C2_norm":0.9186273346347531,"LAGUNA HEXMAP copy_D1_norm":0.93455194390348517,"D2_hex_zonal_D2_norm":0.96304492095466609,"B1HEX — B2HEX_B1_norm":0.0},"geometry":{"type":"Point","coordinates":[328782.994536984188017,1580991.347118351375684]}},
{"type":"Feature","properties":{"fid":821,"id":821,"left":328649.3268833083,"top":1592919.5165241526,"right":330381.37769087718,"bottom":1591419.5165241526,"row_index":10,"col_index":30,"A1_hex_zonal_A1_norm":0.90923484794975828,"A2V3_hex_zonal_A2_norm_fix":0.85034419238386272,"B2_HEXZONAL_B2_norm":0.16906252519225684,"C1_HEXZONAL_C1_norm":0.061457286853475269,"C2_hex_zonal_C2_norm":0.80217041845848136,"LAGUNA HEXMAP copy_D1_norm":0.70547486151663286,"D2_hex_zonal_D2_norm":0.85727638204133771,"B1HEX — B2HEX_B1_norm":0.0},"geometry":{"type":"Point","coordinates":[329452.296900621033274,1592009.316295886645094]}},
{"type":"Feature","properties":{"fid":822,"id":822,"left":328649.3268833083,"top":1591419.5165241526,"right":330381.37769087718,"bottom":1589919.5165241526,"row_index":11,"col_index":30,"A1_hex_zonal_A1_norm":0.85634841878187284,"A2V3_hex_zonal_A2_norm_fix":0.85047877899024993,"B2_HEXZONAL_B2_norm":0.13983766709791734,"C1_HEXZONAL_C1_norm":0.11667074435175867,"C2_hex_zonal_C2_norm":0.81606758647673594,"LAGUNA HEXMAP copy_D1_norm":0.83758132689713671,"D2_hex_zonal_D2_norm":0.84547369299182129,"B1HEX — B2HEX_B1_norm":0.043137254901960784},"geometry":{"type":"Point","coordinates":[329515.352287092711776,1590669.516524152364582]}},
{"type":"Feature","properties":{"fid":823,"id":823,"left":328649.3268833083,"top":1589919.5165241526,"right":330381.37769087718,"bottom":1588419.5165241526,"row_index":12,"col_index":30,"A1_hex_zonal_A1_norm":0.79703645861106487,"A2V3_hex_zonal_A2_norm_fix":0.82124622410701298,"B2_HEXZONAL_B2_norm":0.10312375450024769,"C1_HEXZONAL_C1_norm":0.18347904121196368,"C2_hex_zonal_C2_norm":0.83123663753009125,"LAGUNA HEXMAP copy_D1_norm":0.82510490298702188,"D2_hex_zonal_D2_norm":0.81300333016717241,"B1HEX — B2HEX_B1_norm":0.015686274509803921},"geometry":{"type":"Point","coordinates":[329515.352287092711776,1589169.516524152131751]}},
{"type":"Feature","properties":{"fid":824,"id":824,"left":328649.3268833083,"top":1588419.5165241526,"right":330381.37769087718,"bottom":1586919.5165241526,"row_index":13,"col_index":30,"A1_hex_zonal_A1_norm":0.75546945434877222,"A2V3_hex_zonal_A2_norm_fix":0.7313866332218133,"B2_HEXZONAL_B2_norm":0.05953502427689672,"C1_HEXZONAL_C1_norm":0.21894229486456165,"C2_hex_zonal_C2_norm":0.84745573703950905,"LAGUNA HEXMAP copy_D1_norm":0.74246837674149557,"D2_hex_zonal_D2_norm":0.7261314572651254,"B1HEX — B2HEX_B1_norm":0.0},"geometry":{"type":"Point","coordinates":[329515.352287092711776,1587669.516524152364582]}},
{"type":"Feature","properties":{"fid":825,"id":825,"left":328649.3268833083,"top":1586919.5165241526,"right":330381.37769087718,"bottom":1585419.5165241526,"row_index":14,"col_index":30,"A1_hex_zonal_A1_norm":0.72915148892649906,"A2V3_hex_zonal_A2_norm_fix":0.67167932866202595,"B2_HEXZONAL_B2_norm":0.022841495688671443,"C1_HEXZONAL_C1_norm":0.079601562860541777,"C2_hex_zonal_C2_norm":0.86412895082356544,"LAGUNA HEXMAP copy_D1_norm":0.59719400087028141,"D2_hex_zonal_D2_norm":0.67523791823490553,"B1HEX — B2HEX_B1_norm":0.027450980392156862},"geometry":{"type":"Point","coordinates":[329507.714690120192245,1586199.643501651007682]}},
{"type":"Feature","properties":{"fid":826,"id":826,"left":328649.3268833083,"top":1585419.5165241526,"right":330381.37769087718,"bottom":1583919.5165241526,"row_index":15,"col_index":30,"A1_hex_zonal_A1_norm":0.67961615968173783,"A2V3_hex_zonal_A2_norm_fix":0.65095279695714381,"B2_HEXZONAL_B2_norm":0.0,"C1_HEXZONAL_C1_norm":0.081971863705172038,"C2_hex_zonal_C2_norm":0.88290277640313575,"LAGUNA HEXMAP copy_D1_norm":0.5954846902509463,"D2_hex_zonal_D2_norm":0.65421270927918096,"B1HEX — B2HEX_B1_norm":0.039215686274509803},"geometry":{"type":"Point","coordinates":[329501.007533574767876,1584639.707864026539028]}},
{"type":"Feature","properties":{"fid":827,"id":827,"left":328649.3268833083,"top":1583919.5165241526,"right":330381.37769087718,"bottom":1582419.5165241526,"row_index":16,"col_index":30,"A1_hex_zonal_A1_norm":0.79201247753540749,"A2V3_hex_zonal_A2_norm_fix":0.70101775628971041,"B2_HEXZONAL_B2_norm":0.011656252883157636,"C1_HEXZONAL_C1_norm":0.1342894120275456,"C2_hex_zonal_C2_norm":0.90183843723152979,"LAGUNA HEXMAP copy_D1_norm":0.76680235169460098,"D2_hex_zonal_D2_norm":0.69342488032990113,"B1HEX — B2HEX_B1_norm":0.0},"geometry":{"type":"Point","coordinates":[329515.352287092711776,1583169.516524152131751]}},
{"type":"Feature","properties":{"fid":828,"id":828,"left":328649.3268833083,"top":1582419.5165241526,"right":330381.37769087718,"bottom":1580919.5165241526,"row_index":17,"col_index":30,"A1_hex_zonal_A1_norm":0.91531615029518354,"A2V3_hex_zonal_A2_norm_fix":0.84050373299108627,"B2_HEXZONAL_B2_norm":0.036157862255695283,"C1_HEXZONAL_C1_norm":0.047492240247162795,"C2_hex_zonal_C2_norm":0.92191758182393591,"LAGUNA HEXMAP copy_D1_norm":0.87113881912634417,"D2_hex_zonal_D2_norm":0.83091430233200836,"B1HEX — B2HEX_B1_norm":0.0},"geometry":{"type":"Point","coordinates":[329532.953177430608775,1581676.152314883191139]}},
{"type":"Feature","properties":{"fid":829,"id":829,"left":328649.3268833083,"top":1580919.5165241526,"right":330381.37769087718,"bottom":1579419.5165241526,"row_index":18,"col_index":30,"A1_hex_zonal_A1_norm":0.94846503365306334,"A2V3_hex_zonal_A2_norm_fix":0.93266176651359933,"B2_HEXZONAL_B2_norm":0.044893302968589177,"C1_HEXZONAL_C1_norm":0.028030506694790368,"C2_hex_zonal_C2_norm":0.93391987551233546,"LAGUNA HEXMAP copy_D1_norm":0.81983984407968735,"D2_hex_zonal_D2_norm":0.916763075224312,"B1HEX — B2HEX_B1_norm":0.0},"geometry":{"type":"Point","coordinates":[329491.16129858023487,1580739.041074289707467]}},
{"type":"Feature","properties":{"fid":847,"id":847,"left":329948.36498898495,"top":1593669.5165241526,"right":331680.41579655383,"bottom":1592169.5165241526,"row_index":9,"col_index":31,"A1_hex_zonal_A1_norm":0.93757355530211606,"A2V3_hex_zonal_A2_norm_fix":0.86243349445398665,"B2_HEXZONAL_B2_norm":0.17226618080663747,"C1_HEXZONAL_C1_norm":0.033101361070892919,"C2_hex_zonal_C2_norm":0.82802579232180096,"LAGUNA HEXMAP copy_D1_norm":0.56089150187064707,"D2_hex_zonal_D2_norm":0.88159183518986683,"B1HEX — B2HEX_B1_norm":0.0},"geometry":{"type":"Point","coordinates":[330867.040282287809532,1592389.363747862400487]}},
{"type":"Feature","properties":{"fid":848,"id":848,"left":329948.36498898495,"top":1592169.5165241526,"right":331680.41579655383,"bottom":1590669.5165241526,"row_index":10,"col_index":31,"A1_hex_zonal_A1_norm":0.83939897972118227,"A2V3_hex_zonal_A2_norm_fix":0.76926548855755417,"B2_HEXZONAL_B2_norm":0.14928736910757967,"C1_HEXZONAL_C1_norm":0.044889707020278259,"C2_hex_zonal_C2_norm":0.83611335232061412,"LAGUNA HEXMAP copy_D1_norm":0.64709213534193721,"D2_hex_zonal_D2_norm":0.79802425948632139,"B1HEX — B2HEX_B1_norm":0.0078431372549019607},"geometry":{"type":"Point","coordinates":[330837.41634736902779,1591407.393010053783655]}},
{"type":"Feature","properties":{"fid":849,"id":849,"left":329948.36498898495,"top":1590669.5165241526,"right":331680.41579655383,"bottom":1589169.5165241526,"row_index":11,"col_index":31,"A1_hex_zonal_A1_norm":0.71040893687042495,"A2V3_hex_zonal_A2_norm_fix":0.68897290818651147,"B2_HEXZONAL_B2_norm":0.11824394351875156,"C1_HEXZONAL_C1_norm":0.18899326325454979,"C2_hex_zonal_C2_norm":0.84968286579391794,"LAGUNA HEXMAP copy_D1_norm":0.69542236919162614,"D2_hex_zonal_D2_norm":0.69080974730057587,"B1HEX — B2HEX_B1_norm":0.0},"geometry":{"type":"Point","coordinates":[330814.390392769360915,1589919.516524152364582]}},
{"type":"Feature","properties":{"fid":850,"id":850,"left":329948.36498898495,"top":1589169.5165241526,"right":331680.41579655383,"bottom":1587669.5165241526,"row_index":12,"col_index":31,"A1_hex_zonal_A1_norm":0.71916106203343622,"A2V3_hex_zonal_A2_norm_fix":0.62880755384132936,"B2_HEXZONAL_B2_norm":0.08285572567587518,"C1_HEXZONAL_C1_norm":0.27498089433980516,"C2_hex_zonal_C2_norm":0.86491765494435668,"LAGUNA HEXMAP copy_D1_norm":0.63515120553202686,"D2_hex_zonal_D2_norm":0.61848736475337218,"B1HEX — B2HEX_B1_norm":0.0},"geometry":{"type":"Point","coordinates":[330814.390392769360915,1588419.516524152364582]}},
{"type":"Feature","properties":{"fid":851,"id":851,"left":329948.36498898495,"top":1587669.5165241526,"right":331680.41579655383,"bottom":1586169.5165241526,"row_index":13,"col_index":31,"A1_hex_zonal_A1_norm":0.85560800022261274,"A2V3_hex_zonal_A2_norm_fix":0.63011301640736717,"B2_HEXZONAL_B2_norm":0.048448969641049722,"C1_HEXZONAL_C1_norm":0.099130802386234257,"C2_hex_zonal_C2_norm":0.88111230457401235,"LAGUNA HEXMAP copy_D1_norm":0.55290966245903683,"D2_hex_zonal_D2_norm":0.66939666819627686,"B1HEX — B2HEX_B1_norm":0.0},"geometry":{"type":"Point","coordinates":[330814.744484819064382,1586923.940462446305901]}},
{"type":"Feature","properties":{"fid":852,"id":852,"left":329948.36498898495,"top":1586169.5165241526,"right":331680.41579655383,"bottom":1584669.5165241526,"row_index":14,"col_index":31,"A1_hex_zonal_A1_norm":0.8191142474412253,"A2V3_hex_zonal_A2_norm_fix":0.74161915206161799,"B2_HEXZONAL_B2_norm":0.01796568647931629,"C1_HEXZONAL_C1_norm":0.019479068508716259,"C2_hex_zonal_C2_norm":0.89414986733701096,"LAGUNA HEXMAP copy_D1_norm":0.4405916518291183,"D2_hex_zonal_D2_norm":0.77428310854422144,"B1HEX — B2HEX_B1_norm":0.0},"geometry":{"type":"Point","coordinates":[330607.147428610594943,1585443.38095335662365]}},
{"type":"Feature","properties":{"fid":853,"id":853,"left":329948.36498898495,"top":1584669.5165241526,"right":331680.41579655383,"bottom":1583169.5165241526,"row_index":15,"col_index":31,"A1_hex_zonal_A1_norm":0.70124443811930481,"A2V3_hex_zonal_A2_norm_fix":0.81228021912726611,"B2_HEXZONAL_B2_norm":0.01695817222058138,"C1_HEXZONAL_C1_norm":0.075598256750807807,"C2_hex_zonal_C2_norm":0.91646049517897632,"LAGUNA HEXMAP copy_D1_norm":0.58647284071920192,"D2_hex_zonal_D2_norm":0.79915449203502031,"B1HEX — B2HEX_B1_norm":0.0},"geometry":{"type":"Point","coordinates":[330812.832850189006422,1583916.825934094144031]}},
{"type":"Feature","properties":{"fid":854,"id":854,"left":329948.36498898495,"top":1583169.5165241526,"right":331680.41579655383,"bottom":1581669.5165241526,"row_index":16,"col_index":31,"A1_hex_zonal_A1_norm":0.75406482408714504,"A2V3_hex_zonal_A2_norm_fix":0.76608482537269795,"B2_HEXZONAL_B2_norm":0.031188050258645572,"C1_HEXZONAL_C1_norm":0.055364851074690233,"C2_hex_zonal_C2_norm":0.93585943230802182,"LAGUNA HEXMAP copy_D1_norm":0.68731829235167696,"D2_hex_zonal_D2_norm":0.76930403046213458,"B1HEX — B2HEX_B1_norm":0.0},"geometry":{"type":"Point","coordinates":[330895.517836043378338,1582499.042383372783661]}},
{"type":"Feature","properties":{"fid":855,"id":855,"left":329948.36498898495,"top":1581669.5165241526,"right":331680.41579655383,"bottom":1580169.5165241526,"row_index":17,"col_index":31,"A1_hex_zonal_A1_norm":0.8986031437142239,"A2V3_hex_zonal_A2_norm_fix":0.82783233131695855,"B2_HEXZONAL_B2_norm":0.051021022806474137,"C1_HEXZONAL_C1_norm":0.043590858835568777,"C2_hex_zonal_C2_norm":0.9538194405401923,"LAGUNA HEXMAP copy_D1_norm":0.69776229055182259,"D2_hex_zonal_D2_norm":0.81513069136408622,"B1HEX — B2HEX_B1_norm":0.0},"geometry":{"type":"Point","coordinates":[330775.010445103107486,1580960.213186103152111]}},
{"type":"Feature","properties":{"fid":875,"id":875,"left":331247.4030946616,"top":1592919.5165241526,"right":332979.45390223048,"bottom":1591419.5165241526,"row_index":10,"col_index":32,"A1_hex_zonal_A1_norm":0.91850249213688528,"A2V3_hex_zonal_A2_norm_fix":0.84928532357922282,"B2_HEXZONAL_B2_norm":0.16542334334197739,"C1_HEXZONAL_C1_norm":0.057342848431267565,"C2_hex_zonal_C2_norm":0.85881733728560594,"LAGUNA HEXMAP copy_D1_norm":0.46382649970986511,"D2_hex_zonal_D2_norm":0.8979541249812486,"B1HEX — B2HEX_B1_norm":0.0039215686274509803},"geometry":{"type":"Point","coordinates":[332173.654043508518953,1591967.633707044180483]}},
{"type":"Feature","properties":{"fid":876,"id":876,"left":331247.4030946616,"top":1591419.5165241526,"right":332979.45390223048,"bottom":1589919.5165241526,"row_index":11,"col_index":32,"A1_hex_zonal_A1_norm":0.77470415463456299,"A2V3_hex_zonal_A2_norm_fix":0.70500053826472209,"B2_HEXZONAL_B2_norm":0.1424348229703799,"C1_HEXZONAL_C1_norm":0.13574119392496711,"C2_hex_zonal_C2_norm":0.86902097150375357,"LAGUNA HEXMAP copy_D1_norm":0.52327022355588693,"D2_hex_zonal_D2_norm":0.75519131134535489,"B1HEX — B2HEX_B1_norm":0.0039215686274509803},"geometry":{"type":"Point","coordinates":[332113.428498446010053,1590669.516524152364582]}},
{"type":"Feature","properties":{"fid":877,"id":877,"left":331247.4030946616,"top":1589919.5165241526,"right":332979.45390223048,"bottom":1588419.5165241526,"row_index":12,"col_index":32,"A1_hex_zonal_A1_norm":0.67362374031055716,"A2V3_hex_zonal_A2_norm_fix":0.56984138250763694,"B2_HEXZONAL_B2_norm":0.1121634800155572,"C1_HEXZONAL_C1_norm":0.29121692028976154,"C2_hex_zonal_C2_norm":0.88329679141349293,"LAGUNA HEXMAP copy_D1_norm":0.51870947547206647,"D2_hex_zonal_D2_norm":0.58264975873447533,"B1HEX — B2HEX_B1_norm":0.0},"geometry":{"type":"Point","coordinates":[332113.428498446010053,1589169.516524152131751]}},
{"type":"Feature","properties":{"fid":878,"id":878,"left":331247.4030946616,"top":1588419.5165241526,"right":332979.45390223048,"bottom":1586919.5165241526,"row_index":13,"col_index":32,"A1_hex_zonal_A1_norm":0.8263733217824214,"A2V3_hex_zonal_A2_norm_fix":0.58472734456899145,"B2_HEXZONAL_B2_norm":0.079360305538687448,"C1_HEXZONAL_C1_norm":0.17804936688070597,"C2_hex_zonal_C2_norm":0.8985926529178484,"LAGUNA HEXMAP copy_D1_norm":0.44482503478978308,"D2_hex_zonal_D2_norm":0.6174903686025448,"B1HEX — B2HEX_B1_norm":0.0},"geometry":{"type":"Point","coordinates":[332113.428498446010053,1587669.516524152364582]}},
{"type":"Feature","properties":{"fid":879,"id":879,"left":331247.4030946616,"top":1586919.5165241526,"right":332979.45390223048,"bottom":1585419.5165241526,"row_index":14,"col_index":32,"A1_hex_zonal_A1_norm":0.9410752797253974,"A2V3_hex_zonal_A2_norm_fix":0.75371332336911778,"B2_HEXZONAL_B2_norm":0.052695338978645534,"C1_HEXZONAL_C1_norm":0.043967425298365365,"C2_hex_zonal_C2_norm":0.91479575131927049,"LAGUNA HEXMAP copy_D1_norm":0.46346275952745475,"D2_hex_zonal_D2_norm":0.79632007823730255,"B1HEX — B2HEX_B1_norm":0.0},"geometry":{"type":"Point","coordinates":[332181.595486035279464,1586292.442203364567831]}},
{"type":"Feature","properties":{"fid":880,"id":880,"left":331247.4030946616,"top":1585419.5165241526,"right":332979.45390223048,"bottom":1583919.5165241526,"row_index":15,"col_index":32,"A1_hex_zonal_A1_norm":0.73983300338065972,"A2V3_hex_zonal_A2_norm_fix":0.92361343307848121,"B2_HEXZONAL_B2_norm":0.028018880342974839,"C1_HEXZONAL_C1_norm":0.0080242368713921743,"C2_hex_zonal_C2_norm":0.92844336742219158,"LAGUNA HEXMAP copy_D1_norm":0.5828031444540045,"D2_hex_zonal_D2_norm":0.9124425722342745,"B1HEX — B2HEX_B1_norm":0.0},"geometry":{"type":"Point","coordinates":[331608.2809309969889,1584163.179758708458394]}},
{"type":"Feature","properties":{"fid":881,"id":881,"left":331247.4030946616,"top":1583919.5165241526,"right":332979.45390223048,"bottom":1582419.5165241526,"row_index":16,"col_index":32,"A1_hex_zonal_A1_norm":0.71299941633319508,"A2V3_hex_zonal_A2_norm_fix":0.88345325484082782,"B2_HEXZONAL_B2_norm":0.032746481331202726,"C1_HEXZONAL_C1_norm":0.011853337527429541,"C2_hex_zonal_C2_norm":0.93869756045754948,"LAGUNA HEXMAP copy_D1_norm":0.54811986696955561,"D2_hex_zonal_D2_norm":0.86125392819193225,"B1HEX — B2HEX_B1_norm":0.0},"geometry":{"type":"Point","coordinates":[331614.506196557078511,1583325.845496858470142]}},
{"type":"Feature","properties":{"fid":882,"id":882,"left":331247.4030946616,"top":1582419.5165241526,"right":332979.45390223048,"bottom":1580919.5165241526,"row_index":17,"col_index":32,"A1_hex_zonal_A1_norm":0.76044570244835552,"A2V3_hex_zonal_A2_norm_fix":0.86236573624506874,"B2_HEXZONAL_B2_norm":0.045849253393713929,"C1_HEXZONAL_C1_norm":0.023204210893023193,"C2_hex_zonal_C2_norm":0.9561870278523843,"LAGUNA HEXMAP copy_D1_norm":0.58015481552855164,"D2_hex_zonal_D2_norm":0.87657573751952589,"B1HEX — B2HEX_B1_norm":0.0},"geometry":{"type":"Point","coordinates":[331652.476873226347379,1581988.446288435719907]}},
{"type":"Feature","properties":{"fid":883,"id":883,"left":331247.4030946616,"top":1580919.5165241526,"right":332979.45390223048,"bottom":1579419.5165241526,"row_index":18,"col_index":32,"A1_hex_zonal_A1_norm":0.81147103981470936,"A2V3_hex_zonal_A2_norm_fix":0.8772080798147559,"B2_HEXZONAL_B2_norm":0.059779231205410399,"C1_HEXZONAL_C1_norm":0.025191467898298316,"C2_hex_zonal_C2_norm":0.97296826392881741,"LAGUNA HEXMAP copy_D1_norm":0.57830763190928858,"D2_hex_zonal_D2_norm":0.86666277464584174,"B1HEX — B2HEX_B1_norm":0.0},"geometry":{"type":"Point","coordinates":[331621.321817220421508,1580669.258775607682765]}},
{"type":"Feature","properties":{"fid":901,"id":901,"left":332546.44120033825,"top":1593669.5165241526,"right":334278.49200790713,"bottom":1592169.5165241526,"row_index":9,"col_index":33,"A1_hex_zonal_A1_norm":0.94057253228902959,"A2V3_hex_zonal_A2_norm_fix":0.85902444796103417,"B2_HEXZONAL_B2_norm":0.17485289753192357,"C1_HEXZONAL_C1_norm":0.042138202169083941,"C2_hex_zonal_C2_norm":0.87564511174652482,"LAGUNA HEXMAP copy_D1_norm":0.33420529588907788,"D2_hex_zonal_D2_norm":0.90096585034367027,"B1HEX — B2HEX_B1_norm":0.0},"geometry":{"type":"Point","coordinates":[333112.934857866552193,1592299.883245574310422]}},
{"type":"Feature","properties":{"fid":902,"id":902,"left":332546.44120033825,"top":1592169.5165241526,"right":334278.49200790713,"bottom":1590669.5165241526,"row_index":10,"col_index":33,"A1_hex_zonal_A1_norm":0.8857056273192625,"A2V3_hex_zonal_A2_norm_fix":0.83950778500392853,"B2_HEXZONAL_B2_norm":0.15736781424142166,"C1_HEXZONAL_C1_norm":0.043964245557457461,"C2_hex_zonal_C2_norm":0.88762217906447571,"LAGUNA HEXMAP copy_D1_norm":0.34425480669666431,"D2_hex_zonal_D2_norm":0.88554848837188938,"B1HEX — B2HEX_B1_norm":0.0},"geometry":{"type":"Point","coordinates":[333293.681477854261175,1591308.546403602929786]}},
{"type":"Feature","properties":{"fid":903,"id":903,"left":332546.44120033825,"top":1590669.5165241526,"right":334278.49200790713,"bottom":1589169.5165241526,"row_index":11,"col_index":33,"A1_hex_zonal_A1_norm":0.80447350653780925,"A2V3_hex_zonal_A2_norm_fix":0.73705057171859645,"B2_HEXZONAL_B2_norm":0.13373504109023415,"C1_HEXZONAL_C1_norm":0.19618977443415375,"C2_hex_zonal_C2_norm":0.90253823350388906,"LAGUNA HEXMAP copy_D1_norm":0.3655817091674759,"D2_hex_zonal_D2_norm":0.75003704173870678,"B1HEX — B2HEX_B1_norm":0.0039215686274509803},"geometry":{"type":"Point","coordinates":[333412.466604122717399,1589919.516524152364582]}},
{"type":"Feature","properties":{"fid":904,"id":904,"left":332546.44120033825,"top":1589169.5165241526,"right":334278.49200790713,"bottom":1587669.5165241526,"row_index":12,"col_index":33,"A1_hex_zonal_A1_norm":0.74100816468731312,"A2V3_hex_zonal_A2_norm_fix":0.68900576571065064,"B2_HEXZONAL_B2_norm":0.10895858009144743,"C1_HEXZONAL_C1_norm":0.25777657386221031,"C2_hex_zonal_C2_norm":0.91690964217560278,"LAGUNA HEXMAP copy_D1_norm":0.33436272477666007,"D2_hex_zonal_D2_norm":0.66306276324258995,"B1HEX — B2HEX_B1_norm":0.0},"geometry":{"type":"Point","coordinates":[333412.466604122717399,1588419.516524152364582]}},
{"type":"Feature","properties":{"fid":905,"id":905,"left":332546.44120033825,"top":1587669.5165241526,"right":334278.49200790713,"bottom":1586169.5165241526,"row_index":13,"col_index":33,"A1_hex_zonal_A1_norm":0.80804090119634053,"A2V3_hex_zonal_A2_norm_fix":0.68265300740766444,"B2_HEXZONAL_B2_norm":0.087380848412224266,"C1_HEXZONAL_C1_norm":0.18818485953110553,"C2_hex_zonal_C2_norm":0.93226191811003367,"LAGUNA HEXMAP copy_D1_norm":0.49572022926737036,"D2_hex_zonal_D2_norm":0.7023739406425582,"B1HEX — B2HEX_B1_norm":0.0039215686274509803},"geometry":{"type":"Point","coordinates":[333412.466604122717399,1586919.516524152131751]}},
{"type":"Feature","properties":{"fid":906,"id":906,"left":332546.44120033825,"top":1586169.5165241526,"right":334278.49200790713,"bottom":1584669.5165241526,"row_index":14,"col_index":33,"A1_hex_zonal_A1_norm":0.84029274522232589,"A2V3_hex_zonal_A2_norm_fix":0.80130995055947529,"B2_HEXZONAL_B2_norm":0.075758242290047462,"C1_HEXZONAL_C1_norm":0.065477983996373709,"C2_hex_zonal_C2_norm":0.94944304373038957,"LAGUNA HEXMAP copy_D1_norm":0.654239643594271,"D2_hex_zonal_D2_norm":0.81936111334332973,"B1HEX — B2HEX_B1_norm":0.0078431372549019607},"geometry":{"type":"Point","coordinates":[333480.919000953319483,1585459.073752112220973]}},
{"type":"Feature","properties":{"fid":907,"id":907,"left":332546.44120033825,"top":1584669.5165241526,"right":334278.49200790713,"bottom":1583169.5165241526,"row_index":15,"col_index":33,"A1_hex_zonal_A1_norm":0.94829732089344854,"A2V3_hex_zonal_A2_norm_fix":0.90933829776712272,"B2_HEXZONAL_B2_norm":0.072464236580198849,"C1_HEXZONAL_C1_norm":0.032198684436212759,"C2_hex_zonal_C2_norm":0.96910519063622513,"LAGUNA HEXMAP copy_D1_norm":0.78659778242975276,"D2_hex_zonal_D2_norm":0.92126400302769795,"B1HEX — B2HEX_B1_norm":0.0},"geometry":{"type":"Point","coordinates":[333732.879412547801621,1584151.892426065867767]}},
{"type":"Feature","properties":{"fid":908,"id":908,"left":332546.44120033825,"top":1583169.5165241526,"right":334278.49200790713,"bottom":1581669.5165241526,"row_index":16,"col_index":33,"A1_hex_zonal_A1_norm":0.97300712721336102,"A2V3_hex_zonal_A2_norm_fix":0.94608865843082901,"B2_HEXZONAL_B2_norm":null,"C1_HEXZONAL_C1_norm":0.014007787398687936,"C2_hex_zonal_C2_norm":0.98292954617509865,"LAGUNA HEXMAP copy_D1_norm":0.80156856676674648,"D2_hex_zonal_D2_norm":0.94514001925584967,"B1HEX — B2HEX_B1_norm":0.0},"geometry":{"type":"Point","coordinates":[333752.350100749521516,1583017.360195339657366]}},
{"type":"Feature","properties":{"fid":930,"id":930,"left":333845.47930601495,"top":1591419.5165241526,"right":335577.53011358384,"bottom":1589919.5165241526,"row_index":11,"col_index":34,"A1_hex_zonal_A1_norm":0.94854802339974942,"A2V3_hex_zonal_A2_norm_fix":0.88595766863665448,"B2_HEXZONAL_B2_norm":0.15314143318675111,"C1_HEXZONAL_C1_norm":0.070429337561043373,"C2_hex_zonal_C2_norm":0.91897010385550093,"LAGUNA HEXMAP copy_D1_norm":0.22217698225416327,"D2_hex_zonal_D2_norm":0.89137595059759445,"B1HEX — B2HEX_B1_norm":0.0},"geometry":{"type":"Point","coordinates":[334479.407452469633427,1590531.013677870854735]}},
{"type":"Feature","properties":{"fid":931,"id":931,"left":333845.47930601495,"top":1589919.5165241526,"right":335577.53011358384,"bottom":1588419.5165241526,"row_index":12,"col_index":34,"A1_hex_zonal_A1_norm":0.87227445626673372,"A2V3_hex_zonal_A2_norm_fix":0.860496789604136,"B2_HEXZONAL_B2_norm":0.13799376437294741,"C1_HEXZONAL_C1_norm":0.11620694330260965,"C2_hex_zonal_C2_norm":0.93607505518990441,"LAGUNA HEXMAP copy_D1_norm":0.26587165344073105,"D2_hex_zonal_D2_norm":0.84872245959241133,"B1HEX — B2HEX_B1_norm":0.0078431372549019607},"geometry":{"type":"Point","coordinates":[334711.504709799424745,1589169.516524152131751]}},
{"type":"Feature","properties":{"fid":932,"id":932,"left":333845.47930601495,"top":1588419.5165241526,"right":335577.53011358384,"bottom":1586919.5165241526,"row_index":13,"col_index":34,"A1_hex_zonal_A1_norm":0.83950898969248233,"A2V3_hex_zonal_A2_norm_fix":0.82507230720056013,"B2_HEXZONAL_B2_norm":0.11574784983119479,"C1_HEXZONAL_C1_norm":0.12914166438025484,"C2_hex_zonal_C2_norm":0.95053530814384524,"LAGUNA HEXMAP copy_D1_norm":0.45510173619552607,"D2_hex_zonal_D2_norm":0.80723978942361407,"B1HEX — B2HEX_B1_norm":0.0},"geometry":{"type":"Point","coordinates":[334711.504709799424745,1587669.516524152364582]}},
{"type":"Feature","properties":{"fid":933,"id":933,"left":333845.47930601495,"top":1586919.5165241526,"right":335577.53011358384,"bottom":1585419.5165241526,"row_index":14,"col_index":34,"A1_hex_zonal_A1_norm":0.78851958975073966,"A2V3_hex_zonal_A2_norm_fix":0.82576249846822969,"B2_HEXZONAL_B2_norm":0.099138048856054706,"C1_HEXZONAL_C1_norm":0.13703347642313163,"C2_hex_zonal_C2_norm":0.96594011825515635,"LAGUNA HEXMAP copy_D1_norm":0.6429829882963497,"D2_hex_zonal_D2_norm":0.86010325420538214,"B1HEX — B2HEX_B1_norm":0.0},"geometry":{"type":"Point","coordinates":[334711.504709799424745,1586169.516524152597412]}},
{"type":"Feature","properties":{"fid":934,"id":934,"left":333845.47930601495,"top":1585419.5165241526,"right":335577.53011358384,"bottom":1583919.5165241526,"row_index":15,"col_index":34,"A1_hex_zonal_A1_norm":0.92743868939072815,"A2V3_hex_zonal_A2_norm_fix":0.8977022574090171,"B2_HEXZONAL_B2_norm":0.090365332304191082,"C1_HEXZONAL_C1_norm":0.061704682493079054,"C2_hex_zonal_C2_norm":0.98147724129205416,"LAGUNA HEXMAP copy_D1_norm":0.8236305659576002,"D2_hex_zonal_D2_norm":0.88444778675780056,"B1HEX — B2HEX_B1_norm":0.0},"geometry":{"type":"Point","coordinates":[334680.032981261203531,1584684.606066554784775]}},
{"type":"Feature","properties":{"fid":935,"id":935,"left":333845.47930601495,"top":1583919.5165241526,"right":335577.53011358384,"bottom":1582419.5165241526,"row_index":16,"col_index":34,"A1_hex_zonal_A1_norm":0.93539539871848776,"A2V3_hex_zonal_A2_norm_fix":0.95816201427872194,"B2_HEXZONAL_B2_norm":0.089462093347751681,"C1_HEXZONAL_C1_norm":0.023418440366436366,"C2_hex_zonal_C2_norm":0.9928291276190937,"LAGUNA HEXMAP copy_D1_norm":0.91798655312191313,"D2_hex_zonal_D2_norm":0.965303769595664,"B1HEX — B2HEX_B1_norm":0.0},"geometry":{"type":"Point","coordinates":[334576.073761036328506,1583507.386431018356234]}},
{"type":"Feature","properties":{"fid":957,"id":957,"left":335144.5174116916,"top":1590669.5165241526,"right":336876.56821926049,"bottom":1589169.5165241526,"row_index":11,"col_index":35,"A1_hex_zonal_A1_norm":0.90381217475414322,"A2V3_hex_zonal_A2_norm_fix":0.95089670889024225,"B2_HEXZONAL_B2_norm":0.14417973509604975,"C1_HEXZONAL_C1_norm":0.034753140372942852,"C2_hex_zonal_C2_norm":0.94726941617148386,"LAGUNA HEXMAP copy_D1_norm":0.21807930276247645,"D2_hex_zonal_D2_norm":0.94877953217284472,"B1HEX — B2HEX_B1_norm":0.0},"geometry":{"type":"Point","coordinates":[335416.804603349650279,1589537.049414395820349]}},
{"type":"Feature","properties":{"fid":958,"id":958,"left":335144.5174116916,"top":1589169.5165241526,"right":336876.56821926049,"bottom":1587669.5165241526,"row_index":12,"col_index":35,"A1_hex_zonal_A1_norm":0.94530779717683788,"A2V3_hex_zonal_A2_norm_fix":0.95487307717365111,"B2_HEXZONAL_B2_norm":0.1351515418902226,"C1_HEXZONAL_C1_norm":0.017952360048781892,"C2_hex_zonal_C2_norm":0.96238716199790264,"LAGUNA HEXMAP copy_D1_norm":0.36341503121382102,"D2_hex_zonal_D2_norm":0.9387334202809765,"B1HEX — B2HEX_B1_norm":0.0},"geometry":{"type":"Point","coordinates":[335587.394939948339015,1588274.467098152730614]}},
{"type":"Feature","properties":{"fid":959,"id":959,"left":335144.5174116916,"top":1587669.5165241526,"right":336876.56821926049,"bottom":1586169.5165241526,"row_index":13,"col_index":35,"A1_hex_zonal_A1_norm":0.83229449890229612,"A2V3_hex_zonal_A2_norm_fix":0.91317357889415285,"B2_HEXZONAL_B2_norm":0.12010000459987047,"C1_HEXZONAL_C1_norm":0.05714679934649556,"C2_hex_zonal_C2_norm":0.97761705058384074,"LAGUNA HEXMAP copy_D1_norm":0.55302305932638518,"D2_hex_zonal_D2_norm":0.88106799400953528,"B1HEX — B2HEX_B1_norm":0.0039215686274509803},"geometry":{"type":"Point","coordinates":[335703.561694652074948,1586955.401119591202587]}},
{"type":"Feature","properties":{"fid":960,"id":960,"left":335144.5174116916,"top":1586169.5165241526,"right":336876.56821926049,"bottom":1584669.5165241526,"row_index":14,"col_index":35,"A1_hex_zonal_A1_norm":0.86689913297820786,"A2V3_hex_zonal_A2_norm_fix":0.94139867740562821,"B2_HEXZONAL_B2_norm":0.10487469697221341,"C1_HEXZONAL_C1_norm":0.032621343693319295,"C2_hex_zonal_C2_norm":0.98900121754169945,"LAGUNA HEXMAP copy_D1_norm":0.73798519730895396,"D2_hex_zonal_D2_norm":0.95253202290685002,"B1HEX — B2HEX_B1_norm":0.0},"geometry":{"type":"Point","coordinates":[335517.386036555806641,1585493.750980525044724]}},
{"type":"Feature","properties":{"fid":961,"id":961,"left":335144.5174116916,"top":1584669.5165241526,"right":336876.56821926049,"bottom":1583169.5165241526,"row_index":15,"col_index":35,"A1_hex_zonal_A1_norm":0.9356874950562496,"A2V3_hex_zonal_A2_norm_fix":0.96511157832993844,"B2_HEXZONAL_B2_norm":0.093522771427804519,"C1_HEXZONAL_C1_norm":0.015772315304647011,"C2_hex_zonal_C2_norm":1.0,"LAGUNA HEXMAP copy_D1_norm":0.93799261481307883,"D2_hex_zonal_D2_norm":0.93974082559149541,"B1HEX — B2HEX_B1_norm":0.0},"geometry":{"type":"Point","coordinates":[335190.412026752019301,1583903.106572961900383]}}
]
}
